customer_id,customer_number,signup_date,country_code,postal_code,segment,newsletter_optin,deleted_at
1,C-000001,2024-11-10,DE,20279,private,false,
2,C-000002,2025-10-22,DE,19963,private,true,
3,C-000003,2024-11-28,DE,52778,private,false,
4,C-000004,2023-03-02,DE,82487,private,false,
5,C-000005,2025-02-07,DE,91083,private,false,
6,C-000006,2024-08-27,DE,93086,private,true,
7,C-000007,2023-11-12,DE,68292,private,true,2024-11-21 00:00:00
8,C-000008,2025-01-07,DE,83005,business,true,
9,C-000009,2026-02-10,DE,88240,business,true,
10,C-000010,2024-10-26,AT,,business,false,
11,C-000011,2026-02-19,AT,,private,false,
12,C-000012,2025-02-18,DE,31916,private,true,
13,C-000013,2025-06-09,DE,42321,private,false,
14,C-000014,2025-10-12,DE,61864,private,true,
15,C-000015,2024-11-11,AT,,private,false,
16,C-000016,2025-05-31,DE,52030,private,false,
17,C-000017,2024-02-16,DE,92955,private,true,
18,C-000018,2025-10-02,CH,,private,true,
19,C-000019,2025-03-15,DE,33583,private,true,
20,C-000020,2026-01-31,DE,48185,private,false,
21,C-000021,2023-05-22,DE,93012,private,false,
22,C-000022,2024-09-12,DE,19694,private,false,
23,C-000023,2025-07-08,CH,,private,false,
24,C-000024,2025-05-06,DE,80373,private,true,
25,C-000025,2023-06-24,DE,90304,private,false,
26,C-000026,2023-04-01,DE,53463,private,false,
27,C-000027,2025-05-31,DE,83137,business,true,
28,C-000028,2026-03-24,DE,75597,private,false,
29,C-000029,2023-11-05,DE,21253,business,true,
30,C-000030,2023-08-26,AT,,private,true,
31,C-000031,2024-02-28,DE,69303,private,true,
32,C-000032,2024-10-15,DE,54967,business,false,
33,C-000033,2023-08-12,DE,32865,private,false,
34,C-000034,2026-02-04,DE,63090,private,false,
35,C-000035,2024-01-13,DE,35863,private,true,
36,C-000036,2025-07-09,DE,18200,private,false,
37,C-000037,2026-03-28,DE,69972,private,true,
38,C-000038,2023-08-22,DE,88246,private,false,
39,C-000039,2025-03-06,DE,90918,private,true,
40,C-000040,2023-12-20,DE,21108,private,true,
41,C-000041,2023-10-02,DE,28528,private,true,
42,C-000042,2025-11-12,DE,73788,private,false,
43,C-000043,2026-01-05,DE,74178,private,false,
44,C-000044,2024-08-14,DE,57059,private,false,
45,C-000045,2023-01-20,DE,95599,private,true,
46,C-000046,2025-10-10,DE,31922,private,false,
47,C-000047,2023-06-19,DE,39470,private,true,
48,C-000048,2026-01-06,DE,74921,private,false,
49,C-000049,2026-01-30,DE,58085,private,true,
50,C-000050,2026-01-15,AT,,business,false,
51,C-000051,2025-05-20,DE,14224,private,false,
52,C-000052,2025-07-10,DE,25386,private,true,
53,C-000053,2024-04-30,DE,89988,private,false,
54,C-000054,2025-05-26,DE,17780,private,true,
55,C-000055,2026-03-13,DE,48356,private,false,
56,C-000056,2024-08-15,DE,22481,private,false,
57,C-000057,2023-10-05,CH,,private,false,
58,C-000058,2023-09-17,DE,42447,private,true,
59,C-000059,2025-03-15,DE,69243,private,true,
60,C-000060,2023-06-04,DE,46467,private,true,
61,C-000061,2025-01-25,DE,22208,private,false,
62,C-000062,2025-07-27,DE,62129,private,false,
63,C-000063,2024-03-22,CH,,private,false,
64,C-000064,2024-08-03,DE,55054,private,false,
65,C-000065,2023-04-10,DE,67840,private,false,2024-04-27 00:00:00
66,C-000066,2025-07-23,DE,27290,private,true,
67,C-000067,2024-09-10,DE,42819,private,true,
68,C-000068,2023-06-18,DE,50043,private,true,
69,C-000069,2024-04-24,DE,20215,business,true,
70,C-000070,2023-09-29,DE,25806,private,false,2024-11-13 00:00:00
71,C-000071,2025-05-14,DE,23425,private,true,
72,C-000072,2023-07-31,DE,27451,private,true,
73,C-000073,2023-10-20,DE,56030,private,false,
74,C-000074,2024-03-12,DE,38474,private,false,
75,C-000075,2023-06-27,AT,,private,true,
76,C-000076,2024-12-20,CH,,private,true,
77,C-000077,2023-06-22,DE,13515,private,false,
78,C-000078,2024-09-09,DE,94694,private,true,
79,C-000079,2023-04-22,DE,41599,private,true,
80,C-000080,2025-10-20,DE,51480,business,false,2026-03-21 00:00:00
81,C-000081,2023-09-28,DE,32645,private,false,
82,C-000082,2025-08-22,CH,,private,true,
83,C-000083,2024-06-20,DE,47550,private,false,
84,C-000084,2025-10-23,DE,80471,private,false,
85,C-000085,2023-11-09,DE,30365,private,false,
86,C-000086,2026-01-03,DE,94299,private,false,
87,C-000087,2023-05-16,DE,42044,private,false,
88,C-000088,2023-06-26,AT,,business,false,
89,C-000089,2023-12-26,DE,55443,private,false,
90,C-000090,2025-12-07,DE,45227,private,true,
91,C-000091,2023-08-30,DE,18371,business,false,
92,C-000092,2024-06-22,DE,57202,private,true,
93,C-000093,2023-04-24,DE,23487,private,true,
94,C-000094,2026-03-21,DE,42053,business,false,2026-05-20 00:00:00
95,C-000095,2023-04-05,DE,14635,private,true,
96,C-000096,2026-02-06,DE,42540,private,false,
97,C-000097,2025-05-02,AT,,private,false,
98,C-000098,2023-09-02,DE,16019,private,true,
99,C-000099,2025-04-01,DE,52899,private,true,
100,C-000100,2023-06-26,DE,49834,business,true,
101,C-000101,2024-05-11,DE,35614,private,false,
102,C-000102,2026-01-24,DE,40539,private,true,
103,C-000103,2026-01-14,DE,10191,private,false,
104,C-000104,2025-02-09,AT,,private,true,
105,C-000105,2024-05-02,DE,46677,private,false,
106,C-000106,2023-07-10,DE,58823,private,false,
107,C-000107,2025-07-27,CH,,business,true,
108,C-000108,2025-03-18,DE,41034,private,false,
109,C-000109,2024-08-20,DE,52762,private,false,
110,C-000110,2024-10-13,DE,86638,private,false,
111,C-000111,2023-08-12,DE,80244,private,false,
112,C-000112,2025-01-03,CH,,private,true,
113,C-000113,2023-09-03,DE,89076,private,true,
114,C-000114,2023-03-24,DE,56627,private,true,
115,C-000115,2025-03-22,DE,14073,private,true,
116,C-000116,2025-04-08,AT,,private,false,
117,C-000117,2023-07-28,DE,39135,private,true,
118,C-000118,2023-09-25,DE,21015,private,false,
119,C-000119,2024-06-14,AT,,business,false,
120,C-000120,2025-06-27,DE,26059,business,false,
121,C-000121,2023-03-29,CH,,business,false,
122,C-000122,2025-03-19,DE,34530,private,false,
123,C-000123,2024-07-17,DE,42215,private,true,
124,C-000124,2024-08-27,DE,60202,private,false,
125,C-000125,2023-10-09,DE,81258,private,false,
126,C-000126,2023-02-09,CH,,private,true,
127,C-000127,2025-09-19,DE,13416,private,true,
128,C-000128,2024-10-15,DE,71824,business,false,
129,C-000129,2025-12-20,DE,42487,private,true,
130,C-000130,2024-05-08,DE,38758,private,false,
131,C-000131,2026-03-25,AT,,private,true,
132,C-000132,2023-12-22,DE,87537,private,false,
133,C-000133,2023-02-27,DE,34672,private,false,
134,C-000134,2025-10-05,DE,88861,private,true,
135,C-000135,2024-03-24,DE,27103,private,true,
136,C-000136,2024-11-28,DE,12872,private,false,
137,C-000137,2023-10-30,DE,57826,private,false,
138,C-000138,2023-05-29,DE,49552,private,true,
139,C-000139,2024-10-22,DE,73858,private,false,
140,C-000140,2024-10-11,DE,56769,private,false,
141,C-000141,2024-04-02,DE,48602,private,true,
142,C-000142,2023-09-18,DE,84381,business,false,
143,C-000143,2023-03-08,DE,93839,private,false,
144,C-000144,2026-03-04,DE,55457,private,true,
145,C-000145,2024-10-16,DE,93768,private,true,
146,C-000146,2024-11-18,DE,43640,private,true,
147,C-000147,2023-08-10,DE,31802,business,false,
148,C-000148,2025-04-27,DE,72847,private,false,
149,C-000149,2026-03-29,DE,14379,private,true,
150,C-000150,2024-08-26,DE,59212,private,true,
151,C-000151,2023-11-26,DE,87860,private,false,
152,C-000152,2025-09-15,DE,66911,private,false,
153,C-000153,2023-11-18,DE,82628,private,false,
154,C-000154,2026-01-11,DE,84943,private,true,
155,C-000155,2026-01-30,AT,,private,true,
156,C-000156,2024-08-26,AT,,private,false,
157,C-000157,2024-02-28,DE,50416,private,true,
158,C-000158,2025-03-25,DE,60793,private,true,
159,C-000159,2024-01-14,DE,67637,private,true,
160,C-000160,2025-08-10,DE,97486,private,false,
161,C-000161,2023-07-18,DE,87296,private,false,
162,C-000162,2024-04-10,DE,80190,private,false,
163,C-000163,2025-08-30,DE,14551,private,true,
164,C-000164,2025-10-25,DE,29326,private,false,
165,C-000165,2023-09-04,CH,,private,false,
166,C-000166,2024-03-09,DE,67067,private,false,
167,C-000167,2024-02-18,CH,,private,false,
168,C-000168,2023-05-18,DE,78116,private,false,
169,C-000169,2025-07-27,AT,,business,false,
170,C-000170,2025-05-09,DE,23133,private,false,
171,C-000171,2023-08-05,DE,55071,business,true,
172,C-000172,2025-04-21,DE,32570,private,false,
173,C-000173,2024-07-18,DE,61877,private,false,
174,C-000174,2024-11-09,DE,58816,business,false,
175,C-000175,2023-02-11,DE,99764,private,true,
176,C-000176,2023-07-21,CH,,private,true,
177,C-000177,2024-10-19,DE,37707,private,false,
178,C-000178,2025-04-13,DE,77537,private,false,
179,C-000179,2023-11-22,DE,78719,private,false,
180,C-000180,2026-03-10,DE,42701,private,false,
181,C-000181,2023-03-09,DE,70846,private,false,
182,C-000182,2025-10-31,DE,74066,private,false,
183,C-000183,2025-07-02,DE,31432,private,false,
184,C-000184,2024-06-13,DE,31352,private,true,
185,C-000185,2026-03-17,DE,37096,private,true,
186,C-000186,2024-07-05,DE,99417,private,false,
187,C-000187,2023-01-19,DE,39329,private,true,
188,C-000188,2024-05-31,DE,46094,private,false,
189,C-000189,2025-05-17,AT,,private,false,
190,C-000190,2024-09-10,DE,77045,private,true,
191,C-000191,2025-02-05,DE,73142,private,true,
192,C-000192,2023-05-11,DE,95998,private,true,
193,C-000193,2024-09-03,DE,88647,private,true,
194,C-000194,2025-04-07,DE,48745,private,false,
195,C-000195,2024-06-15,AT,,private,false,
196,C-000196,2026-03-17,DE,93665,private,false,
197,C-000197,2025-09-01,AT,,private,false,
198,C-000198,2026-02-17,DE,83273,business,true,
199,C-000199,2024-01-10,CH,,private,false,
200,C-000200,2024-04-02,DE,44152,private,false,
201,C-000201,2024-08-25,DE,86062,business,true,
202,C-000202,2023-05-26,DE,79446,private,true,
203,C-000203,2024-09-03,DE,54914,private,true,
204,C-000204,2025-04-18,CH,,private,false,
205,C-000205,2024-01-05,DE,93165,private,false,
206,C-000206,2023-04-29,DE,30766,private,false,
207,C-000207,2025-09-29,DE,66283,private,true,
208,C-000208,2025-04-06,DE,58903,private,true,
209,C-000209,2023-01-29,AT,,private,false,2023-04-07 00:00:00
210,C-000210,2024-05-24,DE,75973,private,true,
211,C-000211,2024-09-18,DE,78195,private,true,
212,C-000212,2025-12-09,DE,74248,private,false,
213,C-000213,2025-01-05,DE,12506,private,false,
214,C-000214,2024-04-12,DE,76143,private,true,
215,C-000215,2023-12-13,DE,93928,private,false,
216,C-000216,2024-06-07,DE,24170,private,false,
217,C-000217,2023-02-10,DE,43126,business,false,
218,C-000218,2025-08-29,DE,96725,private,false,2026-02-12 00:00:00
219,C-000219,2023-07-26,DE,23751,private,false,
220,C-000220,2025-11-13,DE,36037,business,true,
221,C-000221,2024-02-14,DE,63707,private,false,
222,C-000222,2024-08-27,DE,73001,private,false,
223,C-000223,2024-11-08,DE,85255,business,true,
224,C-000224,2025-10-08,DE,23276,business,false,
225,C-000225,2024-06-08,DE,16564,private,false,
226,C-000226,2023-07-24,DE,98705,private,false,
227,C-000227,2024-10-02,DE,11267,business,false,
228,C-000228,2023-10-11,DE,91501,private,true,
229,C-000229,2024-07-03,AT,,business,false,
230,C-000230,2025-03-31,DE,72684,private,false,
231,C-000231,2025-05-13,DE,17686,private,true,
232,C-000232,2023-11-23,DE,67430,private,false,
233,C-000233,2024-01-07,DE,27125,private,false,
234,C-000234,2025-09-16,AT,,business,false,
235,C-000235,2024-06-19,DE,85582,business,false,
236,C-000236,2026-03-03,DE,91033,private,false,
237,C-000237,2023-07-15,DE,94070,private,false,
238,C-000238,2025-02-27,DE,11526,private,false,
239,C-000239,2023-11-18,DE,74441,private,false,
240,C-000240,2024-10-18,DE,94320,private,true,
241,C-000241,2025-02-14,DE,68733,private,false,
242,C-000242,2023-06-30,AT,,private,true,
243,C-000243,2023-02-06,DE,89194,private,false,2023-10-10 00:00:00
244,C-000244,2024-09-15,AT,,private,false,
245,C-000245,2024-11-29,DE,83420,business,true,
246,C-000246,2025-08-26,DE,96364,private,false,
247,C-000247,2024-03-30,DE,81786,private,false,
248,C-000248,2025-12-05,DE,63636,business,false,
249,C-000249,2023-08-08,DE,38257,private,true,
250,C-000250,2025-07-25,AT,,private,true,
251,C-000251,2023-04-06,AT,,private,false,
252,C-000252,2025-07-11,DE,10568,private,false,
253,C-000253,2025-12-22,DE,76628,private,false,
254,C-000254,2023-12-29,DE,96182,private,false,
255,C-000255,2024-10-21,DE,42537,private,false,
256,C-000256,2024-07-14,DE,28111,private,true,
257,C-000257,2025-04-25,DE,81802,private,false,
258,C-000258,2024-10-04,DE,91810,private,false,
259,C-000259,2024-08-18,DE,33306,private,true,
260,C-000260,2025-10-28,DE,83699,private,false,
261,C-000261,2025-09-10,DE,79979,private,false,
262,C-000262,2024-08-08,AT,,private,true,
263,C-000263,2025-02-19,DE,31094,private,true,
264,C-000264,2024-08-09,DE,36738,private,true,
265,C-000265,2026-01-13,DE,83647,private,true,
266,C-000266,2024-04-04,DE,47701,private,true,
267,C-000267,2023-04-07,AT,,private,false,
268,C-000268,2024-10-02,CH,,business,false,
269,C-000269,2025-06-26,AT,,private,false,
270,C-000270,2026-01-24,DE,68827,private,false,
271,C-000271,2023-12-30,CH,,business,false,
272,C-000272,2023-09-02,DE,86544,private,false,
273,C-000273,2024-06-06,DE,52287,private,false,
274,C-000274,2023-04-15,DE,85061,private,false,
275,C-000275,2026-01-31,DE,34100,private,true,
276,C-000276,2025-12-02,DE,22051,private,false,
277,C-000277,2024-12-16,DE,38632,private,true,
278,C-000278,2025-12-22,DE,25036,private,false,
279,C-000279,2024-12-09,DE,15226,private,false,
280,C-000280,2024-10-19,DE,47070,private,true,
281,C-000281,2023-02-20,AT,,private,true,
282,C-000282,2025-07-01,DE,20793,private,false,
283,C-000283,2023-07-16,DE,37627,private,false,2023-11-20 00:00:00
284,C-000284,2024-03-12,AT,,private,true,
285,C-000285,2025-06-10,DE,70191,private,false,
286,C-000286,2024-11-10,DE,19232,business,true,
287,C-000287,2026-03-23,AT,,private,false,
288,C-000288,2025-04-08,DE,94072,business,false,
289,C-000289,2023-05-10,DE,75907,private,false,
290,C-000290,2023-08-06,DE,67367,private,false,
291,C-000291,2025-02-20,DE,27875,private,false,
292,C-000292,2025-03-11,DE,49066,private,true,
293,C-000293,2025-02-03,CH,,business,false,
294,C-000294,2023-03-27,DE,49936,private,false,
295,C-000295,2024-03-06,DE,94663,private,true,
296,C-000296,2025-11-15,DE,25023,private,false,
297,C-000297,2024-01-07,DE,81939,private,true,
298,C-000298,2025-08-02,DE,35875,business,false,
299,C-000299,2025-09-24,CH,,private,false,
300,C-000300,2024-08-06,DE,90785,private,true,
301,C-000301,2024-09-18,DE,66139,private,false,
302,C-000302,2023-12-12,DE,67163,private,true,
303,C-000303,2024-07-20,AT,,private,false,
304,C-000304,2025-08-05,DE,94613,private,false,
305,C-000305,2023-06-17,AT,,private,true,
306,C-000306,2024-06-23,DE,76476,private,false,
307,C-000307,2023-03-05,DE,14804,private,false,
308,C-000308,2026-02-03,DE,29481,private,false,
309,C-000309,2025-01-19,DE,27548,private,false,
310,C-000310,2025-08-09,DE,90482,business,true,2026-02-07 00:00:00
311,C-000311,2023-12-06,DE,84162,private,true,
312,C-000312,2023-10-27,DE,73916,private,true,
313,C-000313,2024-04-19,DE,57349,private,true,
314,C-000314,2025-03-05,DE,52476,private,true,
315,C-000315,2023-07-31,DE,44513,private,false,
316,C-000316,2026-01-19,DE,20202,private,true,
317,C-000317,2025-11-24,DE,55224,private,true,
318,C-000318,2025-09-24,DE,67658,private,true,
319,C-000319,2023-12-06,DE,30625,private,true,
320,C-000320,2025-01-11,DE,53283,private,false,
321,C-000321,2023-08-21,DE,63857,private,true,
322,C-000322,2023-02-15,DE,77193,private,false,
323,C-000323,2023-03-22,AT,,private,true,
324,C-000324,2025-11-24,CH,,private,false,2026-04-05 00:00:00
325,C-000325,2023-06-25,DE,38752,private,false,
326,C-000326,2025-04-21,DE,96461,private,false,
327,C-000327,2025-11-12,DE,87410,private,true,
328,C-000328,2023-05-21,DE,76107,private,true,
329,C-000329,2025-05-09,AT,,private,true,
330,C-000330,2023-03-21,AT,,private,false,
331,C-000331,2023-09-24,AT,,private,true,
332,C-000332,2025-06-02,DE,40079,private,true,
333,C-000333,2025-09-14,DE,85513,private,false,
334,C-000334,2023-07-20,DE,20986,private,false,
335,C-000335,2024-08-03,DE,85757,private,true,2024-10-09 00:00:00
336,C-000336,2025-12-06,DE,51405,business,false,
337,C-000337,2025-04-17,DE,80268,private,false,
338,C-000338,2025-05-17,DE,36698,private,false,
339,C-000339,2025-04-26,DE,73407,private,true,
340,C-000340,2024-06-03,CH,,private,false,
341,C-000341,2023-10-10,AT,,private,false,
342,C-000342,2023-11-28,DE,90481,private,false,
343,C-000343,2023-04-17,DE,29048,private,true,
344,C-000344,2025-08-23,AT,,private,true,
345,C-000345,2023-06-13,DE,96006,private,false,
346,C-000346,2025-12-03,DE,32973,private,true,
347,C-000347,2025-10-09,DE,47487,private,false,
348,C-000348,2024-02-03,DE,32214,private,false,
349,C-000349,2023-03-15,DE,46167,private,false,
350,C-000350,2025-03-29,DE,18993,private,false,
351,C-000351,2023-07-04,DE,55544,private,false,
352,C-000352,2024-07-20,DE,10609,private,false,
353,C-000353,2024-06-18,DE,54560,private,false,
354,C-000354,2023-08-28,DE,85352,private,false,
355,C-000355,2024-05-27,DE,54520,private,false,
356,C-000356,2025-07-28,DE,43792,private,false,
357,C-000357,2023-05-19,DE,51383,private,true,
358,C-000358,2025-04-24,CH,,private,true,
359,C-000359,2024-05-23,DE,82686,private,false,
360,C-000360,2024-01-01,DE,99536,private,false,
361,C-000361,2024-01-25,DE,37102,private,false,
362,C-000362,2024-04-14,DE,23983,private,false,
363,C-000363,2023-09-03,AT,,private,false,
364,C-000364,2026-01-13,CH,,private,true,
365,C-000365,2026-03-22,AT,,private,false,
366,C-000366,2024-07-27,DE,65466,private,true,
367,C-000367,2025-09-06,CH,,business,true,
368,C-000368,2023-12-24,DE,11103,private,false,
369,C-000369,2023-01-25,DE,44039,private,true,
370,C-000370,2024-01-19,DE,57962,private,false,
371,C-000371,2024-01-12,DE,62506,private,false,
372,C-000372,2024-07-26,DE,23090,private,false,
373,C-000373,2024-07-06,DE,29601,private,false,
374,C-000374,2025-08-26,DE,92660,private,false,
375,C-000375,2025-11-24,DE,84427,private,false,
376,C-000376,2023-04-08,DE,72460,private,true,
377,C-000377,2023-07-17,DE,43779,private,true,
378,C-000378,2024-12-05,DE,36077,private,false,
379,C-000379,2026-03-27,DE,56544,private,true,
380,C-000380,2024-10-27,DE,59947,private,false,
381,C-000381,2024-08-09,DE,54222,private,false,
382,C-000382,2025-05-13,DE,31233,private,false,
383,C-000383,2024-12-04,DE,94494,private,true,
384,C-000384,2025-03-20,DE,86928,private,false,
385,C-000385,2025-12-02,CH,,private,true,
386,C-000386,2024-04-25,DE,31877,private,false,
387,C-000387,2025-03-24,DE,13455,business,false,
388,C-000388,2025-03-24,DE,21050,private,true,
389,C-000389,2025-03-09,DE,27206,private,true,
390,C-000390,2025-12-14,AT,,business,false,
391,C-000391,2024-10-28,AT,,private,false,
392,C-000392,2026-01-28,DE,88326,private,false,
393,C-000393,2025-07-24,DE,93824,private,false,
394,C-000394,2025-12-29,DE,67915,private,false,
395,C-000395,2024-09-22,DE,55073,private,true,2025-04-09 00:00:00
396,C-000396,2024-08-10,DE,72530,business,false,
397,C-000397,2024-09-05,DE,10946,private,true,
398,C-000398,2026-01-27,DE,31400,private,false,
399,C-000399,2025-03-09,AT,,private,true,
400,C-000400,2025-11-24,DE,47313,private,false,
401,C-000401,2025-12-25,DE,47957,private,false,
402,C-000402,2023-08-15,DE,34613,private,true,
403,C-000403,2024-10-18,DE,23405,business,false,
404,C-000404,2024-07-31,DE,29750,private,false,
405,C-000405,2023-01-31,DE,58679,private,true,
406,C-000406,2025-08-07,DE,29148,business,true,
407,C-000407,2023-04-25,DE,42778,private,false,
408,C-000408,2025-02-20,AT,,private,false,
409,C-000409,2025-06-26,DE,22315,private,true,
410,C-000410,2025-12-03,DE,52344,private,true,
411,C-000411,2023-11-21,DE,43202,business,false,
412,C-000412,2025-09-12,DE,38545,private,false,
413,C-000413,2023-08-20,DE,86637,private,true,
414,C-000414,2023-09-03,DE,72294,private,false,
415,C-000415,2023-11-14,DE,91087,business,true,
416,C-000416,2024-11-24,CH,,private,false,
417,C-000417,2023-11-12,DE,83184,private,true,
418,C-000418,2024-12-12,DE,56945,private,true,
419,C-000419,2023-10-03,DE,81137,business,false,
420,C-000420,2025-09-30,DE,46087,private,true,
421,C-000421,2026-02-09,DE,80989,private,false,
422,C-000422,2025-01-21,DE,12453,private,false,
423,C-000423,2025-01-15,DE,80642,private,false,
424,C-000424,2025-03-04,DE,47110,private,false,
425,C-000425,2024-10-22,DE,15737,private,true,
426,C-000426,2023-09-23,DE,14170,business,true,
427,C-000427,2026-03-15,DE,87371,private,false,
428,C-000428,2024-06-08,DE,95950,private,false,2025-03-08 00:00:00
429,C-000429,2025-10-03,AT,,private,false,
430,C-000430,2025-01-09,DE,17641,private,false,
431,C-000431,2024-06-28,DE,38298,private,false,
432,C-000432,2025-11-29,DE,78969,private,false,
433,C-000433,2024-05-24,DE,23829,private,false,
434,C-000434,2026-03-26,DE,31864,private,false,
435,C-000435,2024-01-05,DE,88632,private,false,
436,C-000436,2025-06-26,CH,,private,false,
437,C-000437,2025-01-31,DE,41551,private,false,
438,C-000438,2026-02-27,DE,57187,private,false,
439,C-000439,2025-07-15,DE,88087,private,false,
440,C-000440,2023-02-03,DE,39083,private,true,
441,C-000441,2024-03-15,AT,,business,false,
442,C-000442,2024-07-19,AT,,private,false,
443,C-000443,2023-07-13,DE,86304,private,true,
444,C-000444,2024-05-26,DE,38499,private,true,
445,C-000445,2023-06-08,DE,85527,private,true,
446,C-000446,2023-07-15,DE,20286,private,false,
447,C-000447,2023-04-25,AT,,private,false,
448,C-000448,2023-09-04,AT,,private,false,
449,C-000449,2023-01-24,DE,51853,private,true,
450,C-000450,2026-01-10,DE,98294,private,false,
451,C-000451,2025-03-15,CH,,private,false,
452,C-000452,2025-06-03,DE,84899,private,true,
453,C-000453,2023-04-11,DE,27088,private,true,
454,C-000454,2023-10-04,DE,83553,private,true,
455,C-000455,2025-12-09,DE,85499,business,false,
456,C-000456,2023-07-03,DE,55157,private,true,
457,C-000457,2023-02-19,DE,67961,private,true,
458,C-000458,2023-10-26,DE,30446,private,true,
459,C-000459,2023-06-25,DE,47707,business,false,
460,C-000460,2023-01-29,DE,53499,private,true,
461,C-000461,2024-03-04,DE,81932,private,false,
462,C-000462,2025-09-16,DE,59362,private,false,
463,C-000463,2025-12-14,DE,90997,private,true,
464,C-000464,2024-07-09,DE,45561,private,true,
465,C-000465,2025-01-07,AT,,business,false,
466,C-000466,2024-04-18,CH,,private,false,
467,C-000467,2025-09-19,AT,,private,true,
468,C-000468,2025-07-26,DE,49967,private,true,
469,C-000469,2024-11-14,DE,56580,private,true,
470,C-000470,2024-09-11,DE,92023,private,false,
471,C-000471,2024-06-11,AT,,private,false,
472,C-000472,2026-02-10,CH,,private,true,
473,C-000473,2023-10-09,DE,91988,private,false,
474,C-000474,2024-04-10,DE,89346,private,false,
475,C-000475,2024-11-05,DE,99659,private,false,
476,C-000476,2024-02-19,AT,,private,false,
477,C-000477,2023-10-04,DE,84035,private,false,
478,C-000478,2023-11-20,DE,51628,private,false,
479,C-000479,2023-10-26,DE,63903,private,false,
480,C-000480,2024-09-13,DE,45887,private,false,
481,C-000481,2023-11-08,DE,90213,business,true,
482,C-000482,2024-06-30,DE,13418,private,false,
483,C-000483,2025-01-05,DE,71441,private,true,
484,C-000484,2025-02-04,DE,39658,private,false,
485,C-000485,2023-03-08,DE,39170,private,false,
486,C-000486,2024-02-20,DE,90879,business,false,
487,C-000487,2025-09-30,DE,15482,private,false,
488,C-000488,2025-02-18,DE,80275,private,false,
489,C-000489,2025-12-11,DE,69886,private,true,
490,C-000490,2023-03-28,AT,,private,false,
491,C-000491,2023-03-22,DE,48165,private,false,
492,C-000492,2025-06-19,DE,65372,private,false,
493,C-000493,2024-08-25,DE,94685,business,false,
494,C-000494,2025-07-14,DE,81618,private,true,
495,C-000495,2023-10-05,DE,36467,private,true,
496,C-000496,2025-07-20,DE,31495,private,false,
497,C-000497,2023-09-11,DE,60343,private,false,
498,C-000498,2025-11-13,DE,32398,private,false,
499,C-000499,2024-11-17,DE,33444,private,true,
500,C-000500,2023-04-16,DE,92110,private,false,
501,C-000501,2024-01-06,DE,43175,private,true,
502,C-000502,2023-01-26,DE,41179,private,false,2025-12-31 00:00:00
503,C-000503,2024-03-20,DE,88656,private,false,
504,C-000504,2023-01-14,DE,37215,private,false,
505,C-000505,2023-04-11,DE,14250,business,true,
506,C-000506,2026-03-29,AT,,private,false,
507,C-000507,2025-05-03,CH,,private,true,
508,C-000508,2026-03-18,DE,14697,private,false,
509,C-000509,2023-07-10,DE,66010,private,false,
510,C-000510,2026-02-01,DE,53150,private,true,
511,C-000511,2025-12-15,DE,84890,private,true,
512,C-000512,2025-12-19,CH,,private,false,
513,C-000513,2024-08-11,DE,91689,private,true,
514,C-000514,2024-12-25,AT,,private,false,
515,C-000515,2025-10-16,DE,35369,private,false,
516,C-000516,2023-01-04,DE,37175,private,false,
517,C-000517,2025-04-29,DE,11480,private,false,
518,C-000518,2024-02-17,DE,82088,private,true,
519,C-000519,2024-10-25,DE,84569,business,true,
520,C-000520,2023-03-01,AT,,private,false,
521,C-000521,2025-09-08,AT,,private,false,
522,C-000522,2025-08-01,AT,,private,true,
523,C-000523,2025-04-27,AT,,business,false,
524,C-000524,2024-10-08,DE,56346,business,false,
525,C-000525,2023-05-16,CH,,private,true,
526,C-000526,2025-12-30,AT,,private,true,
527,C-000527,2024-09-23,DE,75149,private,true,
528,C-000528,2024-05-01,DE,32939,private,true,
529,C-000529,2023-08-18,DE,76321,business,true,
530,C-000530,2023-02-21,DE,73369,private,true,
531,C-000531,2025-12-08,DE,77652,private,false,
532,C-000532,2023-09-29,DE,25182,business,true,
533,C-000533,2023-01-09,DE,53684,business,false,
534,C-000534,2025-08-14,AT,,business,false,
535,C-000535,2023-02-16,DE,35237,private,false,
536,C-000536,2024-08-09,DE,29571,private,false,
537,C-000537,2023-11-19,DE,37076,business,false,
538,C-000538,2026-01-16,DE,47128,private,true,
539,C-000539,2026-03-21,DE,68149,business,false,
540,C-000540,2023-04-14,DE,17051,private,false,
541,C-000541,2023-06-26,DE,68436,private,false,
542,C-000542,2024-12-29,DE,79924,private,false,
543,C-000543,2023-06-10,CH,,private,false,
544,C-000544,2025-08-17,DE,71675,private,false,
545,C-000545,2024-04-19,CH,,private,false,
546,C-000546,2025-01-14,DE,52567,private,false,
547,C-000547,2025-07-17,DE,32387,business,true,
548,C-000548,2024-08-01,DE,24022,private,true,
549,C-000549,2024-10-29,DE,87402,business,true,
550,C-000550,2025-04-26,DE,18658,private,true,
551,C-000551,2024-11-28,DE,84345,private,false,
552,C-000552,2024-12-01,DE,85260,private,false,
553,C-000553,2025-09-23,DE,68355,private,true,
554,C-000554,2023-12-27,DE,88172,private,false,
555,C-000555,2025-02-15,DE,28208,private,true,
556,C-000556,2023-01-01,DE,90684,private,false,
557,C-000557,2026-03-29,DE,99071,private,false,
558,C-000558,2024-09-15,AT,,private,false,
559,C-000559,2023-07-02,DE,48559,private,false,
560,C-000560,2023-05-08,DE,57086,private,true,
561,C-000561,2023-08-13,AT,,private,true,
562,C-000562,2025-03-18,DE,37684,private,false,
563,C-000563,2023-12-22,DE,64687,private,true,
564,C-000564,2023-11-12,DE,12058,private,true,2025-11-04 00:00:00
565,C-000565,2023-10-22,DE,21097,private,false,
566,C-000566,2023-10-09,DE,89223,private,false,
567,C-000567,2025-05-21,DE,60425,private,false,
568,C-000568,2024-12-28,DE,41031,private,true,
569,C-000569,2025-10-24,DE,14963,private,false,
570,C-000570,2026-03-09,DE,20494,private,false,
571,C-000571,2023-10-18,DE,46624,private,false,
572,C-000572,2025-08-10,DE,92662,private,false,
573,C-000573,2023-06-09,DE,55029,private,false,
574,C-000574,2025-12-31,DE,53452,private,false,
575,C-000575,2025-05-12,DE,88333,private,true,
576,C-000576,2024-09-14,DE,32161,private,true,
577,C-000577,2026-03-19,DE,47593,private,false,
578,C-000578,2025-09-19,DE,27372,private,false,
579,C-000579,2024-07-29,DE,87564,private,false,
580,C-000580,2023-11-06,DE,40958,private,true,
581,C-000581,2025-09-20,DE,29014,private,true,
582,C-000582,2023-11-12,AT,,private,false,
583,C-000583,2025-06-20,DE,17120,private,false,
584,C-000584,2024-06-25,DE,49500,business,true,
585,C-000585,2025-09-02,DE,61127,private,false,
586,C-000586,2025-08-29,DE,68827,private,false,
587,C-000587,2025-02-21,DE,79637,private,false,
588,C-000588,2024-12-25,CH,,private,false,
589,C-000589,2024-11-17,DE,70438,private,true,
590,C-000590,2024-05-10,DE,33582,private,true,
591,C-000591,2024-10-03,DE,78847,private,false,2025-03-12 00:00:00
592,C-000592,2023-08-01,DE,14461,private,false,
593,C-000593,2023-02-18,DE,38419,business,false,
594,C-000594,2023-09-07,DE,96034,business,false,
595,C-000595,2026-03-05,DE,48609,private,true,
596,C-000596,2025-08-14,DE,65965,business,false,
597,C-000597,2024-10-24,DE,60933,private,true,
598,C-000598,2024-11-12,CH,,private,false,
599,C-000599,2023-05-23,DE,74494,private,false,
600,C-000600,2023-08-11,DE,67878,private,true,
601,C-000601,2024-06-14,DE,68442,business,false,
602,C-000602,2023-02-08,AT,,private,false,
603,C-000603,2025-03-10,DE,77552,private,false,
604,C-000604,2025-10-01,DE,19188,private,false,
605,C-000605,2026-01-11,DE,25886,private,false,
606,C-000606,2026-03-07,DE,17234,private,true,
607,C-000607,2023-07-05,DE,48005,private,true,
608,C-000608,2024-02-20,DE,61131,business,true,
609,C-000609,2023-08-07,DE,34833,private,true,
610,C-000610,2023-10-14,DE,60956,business,false,
611,C-000611,2023-05-10,DE,68891,private,false,
612,C-000612,2023-02-03,DE,25491,business,false,
613,C-000613,2024-03-09,DE,80328,private,false,
614,C-000614,2023-11-02,DE,74080,private,true,
615,C-000615,2023-02-09,DE,27109,private,true,
616,C-000616,2023-01-30,DE,69793,business,true,
617,C-000617,2023-12-16,AT,,business,false,
618,C-000618,2024-03-27,DE,98918,private,true,
619,C-000619,2025-04-03,DE,37948,private,false,
620,C-000620,2023-04-04,DE,64415,private,true,
621,C-000621,2023-12-11,DE,15334,private,false,
622,C-000622,2023-10-01,DE,12048,private,false,
623,C-000623,2025-09-24,DE,87821,business,false,
624,C-000624,2024-08-04,DE,37021,private,false,
625,C-000625,2023-10-21,DE,90024,private,false,
626,C-000626,2023-03-19,DE,49478,private,false,
627,C-000627,2024-12-13,DE,22541,private,true,
628,C-000628,2025-01-11,AT,,private,false,
629,C-000629,2024-03-02,DE,72182,private,false,
630,C-000630,2025-10-15,DE,47363,private,true,
631,C-000631,2024-03-05,DE,15677,private,false,
632,C-000632,2023-08-02,DE,73577,private,true,
633,C-000633,2025-11-20,DE,52725,private,false,
634,C-000634,2025-05-08,DE,52746,private,true,
635,C-000635,2024-04-11,DE,38922,private,false,
636,C-000636,2023-05-31,DE,89879,private,false,
637,C-000637,2025-07-20,DE,57001,private,false,
638,C-000638,2024-07-06,DE,27891,private,false,
639,C-000639,2023-08-16,AT,,private,true,
640,C-000640,2024-08-27,DE,32273,private,false,
641,C-000641,2026-03-29,CH,,private,true,
642,C-000642,2025-09-28,AT,,private,false,
643,C-000643,2023-01-30,DE,85951,private,true,
644,C-000644,2024-03-31,AT,,private,true,
645,C-000645,2023-01-11,DE,76088,business,false,
646,C-000646,2023-03-10,DE,22844,private,false,
647,C-000647,2025-07-15,DE,63296,business,false,
648,C-000648,2024-03-22,DE,72886,private,false,
649,C-000649,2024-09-16,DE,69616,private,false,
650,C-000650,2025-08-07,DE,58551,private,false,
651,C-000651,2025-08-08,DE,53634,business,false,
652,C-000652,2025-12-23,DE,81098,private,true,
653,C-000653,2026-03-24,DE,17184,private,true,
654,C-000654,2025-11-20,CH,,private,false,
655,C-000655,2025-01-18,DE,18782,business,true,
656,C-000656,2026-02-22,DE,24884,private,false,
657,C-000657,2025-09-06,DE,39548,private,false,
658,C-000658,2024-10-18,DE,18305,private,false,
659,C-000659,2025-02-02,DE,79717,private,false,
660,C-000660,2025-12-27,AT,,private,true,
661,C-000661,2023-05-15,DE,33437,private,true,
662,C-000662,2024-08-13,CH,,business,true,
663,C-000663,2023-10-31,DE,48426,private,false,
664,C-000664,2025-05-03,CH,,private,true,
665,C-000665,2025-06-28,DE,40451,business,true,
666,C-000666,2025-11-30,DE,52769,private,true,
667,C-000667,2025-09-22,DE,49856,private,false,
668,C-000668,2026-03-07,DE,73470,private,true,
669,C-000669,2025-01-31,CH,,private,true,
670,C-000670,2025-07-22,CH,,private,true,
671,C-000671,2024-01-09,CH,,private,false,
672,C-000672,2023-11-11,DE,67788,business,false,
673,C-000673,2024-06-17,DE,55068,private,false,
674,C-000674,2023-10-30,DE,13266,private,true,
675,C-000675,2025-04-08,CH,,private,false,
676,C-000676,2023-11-16,DE,48739,private,false,
677,C-000677,2025-08-28,AT,,private,false,
678,C-000678,2023-10-29,DE,24721,private,false,
679,C-000679,2025-09-07,AT,,private,false,
680,C-000680,2025-04-02,DE,89711,private,true,
681,C-000681,2024-02-04,DE,12955,private,false,
682,C-000682,2023-06-21,DE,77081,private,false,
683,C-000683,2025-03-18,DE,97394,private,false,
684,C-000684,2025-01-09,DE,11597,private,false,
685,C-000685,2024-08-05,DE,38271,private,false,
686,C-000686,2025-06-28,DE,65552,private,false,
687,C-000687,2025-04-28,DE,72208,private,true,
688,C-000688,2025-12-11,CH,,business,false,
689,C-000689,2023-07-01,DE,70570,private,true,
690,C-000690,2026-03-09,DE,82596,private,true,
691,C-000691,2025-10-01,DE,83306,private,false,
692,C-000692,2025-08-07,DE,93958,private,true,
693,C-000693,2025-08-25,DE,94513,private,true,
694,C-000694,2024-05-16,DE,88497,private,false,
695,C-000695,2025-01-10,DE,72395,private,false,
696,C-000696,2023-09-02,DE,86238,private,true,
697,C-000697,2023-04-30,DE,16932,private,false,
698,C-000698,2024-07-12,DE,48228,private,false,
699,C-000699,2025-12-20,DE,22387,business,true,
700,C-000700,2023-12-09,DE,49462,private,false,
701,C-000701,2024-07-09,DE,28837,private,true,
702,C-000702,2023-01-27,DE,31368,private,false,
703,C-000703,2023-07-29,DE,83224,private,false,
704,C-000704,2025-12-12,AT,,private,false,
705,C-000705,2025-05-04,DE,72851,business,false,
706,C-000706,2024-12-14,DE,88335,private,false,
707,C-000707,2025-12-07,DE,25544,private,false,
708,C-000708,2024-03-31,DE,37504,private,false,
709,C-000709,2023-09-24,CH,,private,false,
710,C-000710,2023-02-08,DE,96479,private,true,
711,C-000711,2025-11-17,DE,49537,private,false,
712,C-000712,2023-01-22,DE,36217,private,false,
713,C-000713,2024-01-14,DE,46356,business,true,
714,C-000714,2024-12-13,DE,76179,private,false,
715,C-000715,2026-03-13,DE,35106,private,false,
716,C-000716,2024-07-31,DE,38051,private,true,
717,C-000717,2025-10-29,AT,,private,false,
718,C-000718,2023-08-08,DE,39825,private,true,
719,C-000719,2025-04-14,DE,27814,private,true,
720,C-000720,2025-10-12,DE,53006,private,false,
721,C-000721,2025-10-08,DE,68190,private,false,
722,C-000722,2024-04-07,DE,19123,private,false,
723,C-000723,2025-09-01,CH,,private,true,
724,C-000724,2023-08-04,DE,61748,private,false,
725,C-000725,2025-03-31,DE,32114,private,false,
726,C-000726,2023-05-13,DE,62990,private,true,
727,C-000727,2023-09-09,DE,86273,private,false,
728,C-000728,2024-07-13,DE,97382,private,false,
729,C-000729,2025-04-08,CH,,private,true,
730,C-000730,2023-09-08,DE,23055,private,false,
731,C-000731,2023-04-19,AT,,private,true,
732,C-000732,2024-10-31,DE,78150,private,true,
733,C-000733,2025-10-05,DE,44296,private,false,
734,C-000734,2026-01-15,DE,14141,private,false,
735,C-000735,2025-05-31,AT,,business,false,
736,C-000736,2025-06-25,DE,49720,business,false,
737,C-000737,2023-12-03,DE,24336,private,false,
738,C-000738,2026-03-11,DE,72378,private,false,
739,C-000739,2026-02-25,AT,,private,true,
740,C-000740,2025-02-12,DE,13689,private,false,
741,C-000741,2023-04-03,DE,91940,private,false,
742,C-000742,2024-11-29,DE,17398,private,false,
743,C-000743,2024-05-15,DE,18585,private,false,
744,C-000744,2024-09-16,DE,96214,private,false,
745,C-000745,2025-05-15,DE,87068,private,true,
746,C-000746,2023-02-15,CH,,private,true,
747,C-000747,2025-09-27,DE,97475,private,true,
748,C-000748,2024-11-26,DE,93288,private,false,
749,C-000749,2023-06-04,AT,,private,true,
750,C-000750,2026-03-20,DE,85784,private,false,
751,C-000751,2023-07-14,DE,65981,private,false,
752,C-000752,2024-03-05,DE,49309,business,false,
753,C-000753,2025-06-05,DE,77550,private,false,
754,C-000754,2025-07-17,DE,77662,private,false,
755,C-000755,2024-01-18,DE,71249,private,false,
756,C-000756,2024-07-02,CH,,private,false,
757,C-000757,2025-06-07,CH,,private,true,
758,C-000758,2025-08-05,DE,67067,private,false,
759,C-000759,2025-04-20,DE,64059,private,true,
760,C-000760,2024-06-30,AT,,private,true,
761,C-000761,2025-04-11,DE,50703,private,true,
762,C-000762,2025-08-08,DE,36475,private,false,
763,C-000763,2023-11-23,DE,82182,business,false,
764,C-000764,2023-12-27,DE,17251,business,false,
765,C-000765,2023-06-21,DE,57636,private,true,
766,C-000766,2023-07-04,DE,84838,private,false,
767,C-000767,2025-10-21,CH,,private,false,
768,C-000768,2025-12-11,DE,51079,private,true,
769,C-000769,2024-11-05,AT,,private,false,
770,C-000770,2025-05-16,DE,63526,business,true,
771,C-000771,2024-06-04,AT,,business,false,
772,C-000772,2023-08-20,DE,28993,private,false,
773,C-000773,2025-01-13,DE,89405,private,true,
774,C-000774,2023-03-13,AT,,private,false,
775,C-000775,2024-05-05,DE,99816,private,false,
776,C-000776,2023-09-07,DE,43493,private,false,2024-12-12 00:00:00
777,C-000777,2024-09-08,DE,31001,private,true,
778,C-000778,2025-06-17,DE,14440,private,false,
779,C-000779,2024-07-15,AT,,private,false,
780,C-000780,2025-04-25,AT,,private,false,
781,C-000781,2023-07-25,AT,,private,false,
782,C-000782,2026-01-26,DE,94094,private,true,
783,C-000783,2024-01-12,DE,92352,private,true,
784,C-000784,2024-09-17,DE,95089,business,true,
785,C-000785,2023-09-24,AT,,private,false,
786,C-000786,2025-09-06,AT,,private,true,
787,C-000787,2024-11-01,DE,59456,private,false,
788,C-000788,2026-03-14,DE,92133,private,false,
789,C-000789,2024-04-13,AT,,private,true,
790,C-000790,2023-12-12,DE,58224,private,false,
791,C-000791,2023-12-15,CH,,business,false,
792,C-000792,2025-07-18,AT,,private,true,
793,C-000793,2024-06-29,DE,88654,private,true,
794,C-000794,2024-03-17,CH,,private,false,
795,C-000795,2025-04-16,DE,69110,business,false,
796,C-000796,2024-05-23,DE,52368,private,false,2024-12-05 00:00:00
797,C-000797,2025-03-25,DE,43584,private,false,
798,C-000798,2023-05-30,DE,56439,business,true,
799,C-000799,2023-04-04,DE,97983,private,true,
800,C-000800,2025-01-29,DE,32264,private,true,
801,C-000801,2025-10-28,DE,79523,private,false,
802,C-000802,2025-06-05,DE,46831,business,true,
803,C-000803,2025-01-08,AT,,private,false,
804,C-000804,2024-06-24,DE,74392,private,true,
805,C-000805,2023-11-06,DE,34762,private,false,
806,C-000806,2023-11-01,DE,71228,private,false,
807,C-000807,2025-06-12,DE,83512,private,false,
808,C-000808,2025-09-20,DE,55823,business,false,
809,C-000809,2023-07-11,DE,45755,private,false,
810,C-000810,2026-02-27,AT,,private,false,
811,C-000811,2025-12-13,DE,75288,private,false,
812,C-000812,2023-07-13,AT,,business,false,
813,C-000813,2025-03-18,DE,13784,private,true,
814,C-000814,2023-06-16,DE,45300,private,false,
815,C-000815,2023-01-12,DE,84600,business,false,
816,C-000816,2023-09-22,DE,17279,business,false,
817,C-000817,2023-05-25,DE,41467,private,true,
818,C-000818,2025-03-27,DE,47347,private,true,
819,C-000819,2023-11-12,DE,50645,private,false,
820,C-000820,2023-09-26,DE,68385,business,true,
821,C-000821,2025-03-05,DE,58265,private,false,
822,C-000822,2024-01-17,DE,70755,private,true,
823,C-000823,2024-04-04,DE,94833,private,false,
824,C-000824,2025-12-10,DE,49373,private,true,
825,C-000825,2023-11-01,CH,,private,true,
826,C-000826,2025-05-25,DE,24107,business,true,
827,C-000827,2025-11-11,DE,43211,business,false,
828,C-000828,2024-12-28,DE,96714,business,false,
829,C-000829,2025-08-05,DE,49013,private,true,
830,C-000830,2024-10-04,DE,44743,private,false,
831,C-000831,2024-11-30,CH,,private,true,
832,C-000832,2024-06-15,AT,,business,false,2024-12-11 00:00:00
833,C-000833,2023-01-28,DE,88890,private,false,
834,C-000834,2025-09-23,DE,98487,private,false,
835,C-000835,2025-03-19,DE,12082,business,true,
836,C-000836,2024-01-21,AT,,private,false,
837,C-000837,2025-06-11,AT,,private,false,
838,C-000838,2025-08-07,DE,68361,private,true,
839,C-000839,2025-09-20,DE,84636,private,false,
840,C-000840,2025-03-13,DE,64484,business,false,
841,C-000841,2025-10-12,DE,73897,private,false,
842,C-000842,2025-03-29,DE,73950,private,false,
843,C-000843,2024-04-19,DE,18324,private,false,
844,C-000844,2024-07-02,AT,,private,false,
845,C-000845,2024-12-11,DE,71504,private,true,
846,C-000846,2024-12-05,DE,88918,private,false,
847,C-000847,2025-08-17,DE,98225,private,false,
848,C-000848,2025-01-07,DE,47022,private,false,
849,C-000849,2023-06-26,DE,23225,private,true,
850,C-000850,2025-05-01,CH,,private,true,
851,C-000851,2023-02-07,DE,75991,private,false,
852,C-000852,2023-03-07,DE,83660,private,true,
853,C-000853,2024-04-03,DE,83010,private,false,
854,C-000854,2024-07-01,AT,,private,false,
855,C-000855,2023-08-02,DE,24539,private,false,
856,C-000856,2023-08-05,DE,83724,private,false,
857,C-000857,2023-03-27,DE,57400,private,true,
858,C-000858,2023-11-18,DE,23014,private,false,
859,C-000859,2023-11-12,DE,67554,private,true,
860,C-000860,2025-05-01,DE,47585,business,false,
861,C-000861,2025-10-31,DE,92502,private,false,
862,C-000862,2024-05-17,DE,66206,private,false,
863,C-000863,2025-04-26,AT,,private,false,
864,C-000864,2025-01-10,CH,,private,false,
865,C-000865,2025-11-25,CH,,business,true,
866,C-000866,2023-12-03,DE,29785,private,true,
867,C-000867,2026-03-22,DE,78128,private,false,
868,C-000868,2024-08-28,DE,51116,private,false,
869,C-000869,2024-12-05,DE,62944,private,false,
870,C-000870,2025-07-02,DE,67952,private,false,
871,C-000871,2024-12-08,AT,,private,false,
872,C-000872,2024-09-09,DE,26515,private,true,
873,C-000873,2025-12-01,CH,,private,true,
874,C-000874,2025-12-03,DE,80770,private,true,
875,C-000875,2024-06-13,DE,24475,private,false,
876,C-000876,2023-05-03,AT,,private,false,
877,C-000877,2023-09-13,DE,40945,private,true,
878,C-000878,2026-03-04,DE,40649,private,false,
879,C-000879,2024-12-18,DE,28346,private,false,
880,C-000880,2025-02-12,DE,57352,private,true,
881,C-000881,2025-07-19,DE,18151,private,false,
882,C-000882,2025-05-20,AT,,private,false,
883,C-000883,2025-12-13,DE,86585,private,false,
884,C-000884,2025-10-18,DE,64646,private,false,
885,C-000885,2023-11-30,DE,77264,private,false,
886,C-000886,2025-12-19,DE,83272,private,false,
887,C-000887,2025-01-26,AT,,business,false,
888,C-000888,2025-01-26,DE,59081,business,true,
889,C-000889,2024-09-13,DE,65280,business,true,
890,C-000890,2023-04-10,CH,,private,true,
891,C-000891,2025-09-28,DE,73068,private,true,
892,C-000892,2026-03-19,DE,89391,private,true,
893,C-000893,2023-09-29,DE,68861,private,false,
894,C-000894,2023-11-02,AT,,private,false,
895,C-000895,2025-04-18,DE,97876,private,true,
896,C-000896,2025-06-26,DE,84972,private,false,
897,C-000897,2024-09-24,DE,91094,private,false,
898,C-000898,2026-01-14,DE,72368,business,false,
899,C-000899,2025-10-26,AT,,private,false,
900,C-000900,2023-02-08,DE,85963,private,false,
901,C-000901,2025-06-28,DE,74418,private,true,
902,C-000902,2023-02-17,DE,60070,private,true,
903,C-000903,2024-06-10,DE,33942,private,false,
904,C-000904,2024-06-07,DE,17721,private,false,
905,C-000905,2024-10-28,DE,28672,private,true,
906,C-000906,2025-04-25,AT,,private,false,
907,C-000907,2023-04-17,DE,76115,private,false,
908,C-000908,2025-02-27,CH,,private,true,
909,C-000909,2023-05-15,DE,45279,private,true,
910,C-000910,2026-02-08,CH,,private,true,
911,C-000911,2023-09-15,DE,36667,private,true,
912,C-000912,2023-10-19,DE,65542,private,false,
913,C-000913,2026-02-10,DE,47912,business,false,
914,C-000914,2023-12-09,DE,99128,private,false,
915,C-000915,2025-02-17,CH,,private,true,
916,C-000916,2024-07-30,DE,61813,private,false,
917,C-000917,2023-09-09,AT,,private,false,
918,C-000918,2024-03-07,DE,54909,private,true,
919,C-000919,2024-06-19,CH,,private,true,
920,C-000920,2024-10-20,DE,94730,private,false,2025-05-04 00:00:00
921,C-000921,2023-01-05,DE,82848,business,true,
922,C-000922,2025-09-28,DE,20161,private,false,
923,C-000923,2026-01-08,DE,56267,private,false,
924,C-000924,2025-02-09,AT,,private,true,
925,C-000925,2023-01-18,DE,46848,private,true,2023-04-28 00:00:00
926,C-000926,2025-01-02,DE,38986,private,false,
927,C-000927,2024-04-24,CH,,private,true,
928,C-000928,2024-03-04,DE,46352,private,false,
929,C-000929,2026-03-11,DE,98103,private,true,
930,C-000930,2026-03-03,DE,84698,private,false,
931,C-000931,2024-04-11,AT,,private,true,
932,C-000932,2023-02-17,CH,,private,false,
933,C-000933,2026-02-21,AT,,business,false,
934,C-000934,2023-04-17,AT,,private,false,
935,C-000935,2023-09-07,DE,39431,private,true,
936,C-000936,2023-04-07,DE,53870,private,false,2024-07-08 00:00:00
937,C-000937,2023-06-17,AT,,private,false,
938,C-000938,2025-05-17,CH,,private,true,
939,C-000939,2023-05-09,DE,87664,business,false,
940,C-000940,2024-11-15,AT,,private,false,
941,C-000941,2023-04-22,AT,,private,true,
942,C-000942,2025-06-17,DE,17954,private,false,
943,C-000943,2023-03-10,DE,18126,private,false,
944,C-000944,2025-06-24,DE,17312,private,false,
945,C-000945,2026-02-19,DE,63884,private,false,
946,C-000946,2024-04-22,AT,,private,false,
947,C-000947,2025-08-08,DE,98575,private,false,
948,C-000948,2023-02-23,DE,88010,private,true,
949,C-000949,2023-05-19,DE,76702,private,false,
950,C-000950,2024-06-08,DE,28045,private,false,
951,C-000951,2023-04-01,DE,56890,private,false,
952,C-000952,2024-09-29,DE,89079,private,true,
953,C-000953,2024-12-03,DE,28953,private,false,
954,C-000954,2023-04-28,DE,55064,private,false,
955,C-000955,2024-02-05,CH,,private,true,
956,C-000956,2024-01-23,DE,53403,private,false,
957,C-000957,2026-03-30,DE,23742,private,true,
958,C-000958,2025-07-19,AT,,private,false,
959,C-000959,2024-04-01,DE,53452,private,true,
960,C-000960,2025-02-08,DE,19664,private,false,
961,C-000961,2025-01-02,DE,86767,business,true,
962,C-000962,2025-01-07,DE,44340,business,true,
963,C-000963,2023-12-23,DE,44313,private,true,
964,C-000964,2023-07-27,DE,24544,private,true,
965,C-000965,2024-11-24,CH,,private,true,
966,C-000966,2023-12-17,CH,,private,false,
967,C-000967,2023-05-14,DE,79803,private,true,
968,C-000968,2025-02-13,DE,16054,private,false,
969,C-000969,2024-01-23,AT,,private,true,
970,C-000970,2024-07-27,AT,,private,false,
971,C-000971,2024-03-04,DE,31945,private,false,
972,C-000972,2025-11-07,DE,78012,private,false,
973,C-000973,2025-08-08,DE,74853,private,false,
974,C-000974,2025-08-28,DE,14797,private,false,
975,C-000975,2024-02-29,DE,50107,private,false,
976,C-000976,2025-05-20,AT,,private,false,
977,C-000977,2026-02-01,DE,40169,private,true,
978,C-000978,2023-03-26,DE,63602,private,false,
979,C-000979,2025-01-22,DE,40643,private,true,
980,C-000980,2024-06-27,DE,77212,private,true,
981,C-000981,2026-01-24,DE,19351,private,false,
982,C-000982,2025-01-07,DE,49677,private,true,
983,C-000983,2024-07-16,DE,81188,private,true,
984,C-000984,2024-06-18,DE,62928,private,false,
985,C-000985,2025-04-10,AT,,private,true,
986,C-000986,2023-11-02,AT,,private,false,
987,C-000987,2024-04-23,DE,70476,private,false,
988,C-000988,2024-11-28,DE,64747,private,true,
989,C-000989,2024-03-05,DE,26822,private,true,
990,C-000990,2024-09-17,CH,,business,false,
991,C-000991,2024-11-26,DE,80464,private,false,
992,C-000992,2024-09-05,DE,30144,business,false,
993,C-000993,2024-11-07,DE,61234,private,false,
994,C-000994,2025-02-19,DE,24239,private,false,
995,C-000995,2024-11-04,DE,23672,private,false,
996,C-000996,2026-02-06,DE,36083,private,false,
997,C-000997,2023-05-23,AT,,private,true,
998,C-000998,2025-12-09,DE,63852,business,false,
999,C-000999,2025-03-11,DE,19012,business,false,
1000,C-001000,2025-03-07,CH,,private,true,
1001,C-001001,2025-06-04,DE,50673,private,true,
1002,C-001002,2024-02-20,DE,68422,private,true,2024-09-13 00:00:00
1003,C-001003,2023-05-12,AT,,private,true,
1004,C-001004,2026-03-11,AT,,private,false,
1005,C-001005,2024-08-12,DE,48987,private,true,
1006,C-001006,2025-03-11,DE,90967,private,true,
1007,C-001007,2025-06-03,DE,61583,private,true,
1008,C-001008,2023-03-31,DE,48258,private,true,
1009,C-001009,2023-05-17,DE,82459,private,true,
1010,C-001010,2023-09-06,CH,,business,true,
1011,C-001011,2024-10-29,DE,13501,private,true,
1012,C-001012,2023-05-30,DE,62342,private,false,
1013,C-001013,2024-02-03,DE,52875,business,true,
1014,C-001014,2025-08-08,DE,67373,business,false,
1015,C-001015,2023-10-15,DE,89559,private,true,
1016,C-001016,2023-07-25,DE,98000,private,false,
1017,C-001017,2023-01-23,DE,14514,private,true,
1018,C-001018,2025-12-26,DE,94018,private,false,
1019,C-001019,2023-07-30,DE,59465,private,true,2025-11-26 00:00:00
1020,C-001020,2024-02-18,AT,,private,true,
1021,C-001021,2025-05-13,DE,18280,business,false,
1022,C-001022,2024-03-27,CH,,business,false,
1023,C-001023,2023-12-09,DE,92154,private,false,
1024,C-001024,2024-01-24,DE,40462,private,true,
1025,C-001025,2024-03-13,DE,11570,private,true,
1026,C-001026,2025-03-08,DE,91777,private,false,
1027,C-001027,2025-01-25,DE,75480,private,false,
1028,C-001028,2023-07-28,DE,43022,private,false,
1029,C-001029,2023-07-14,DE,27423,private,false,
1030,C-001030,2024-11-11,DE,97342,private,false,
1031,C-001031,2025-09-14,DE,76981,business,false,
1032,C-001032,2024-04-21,DE,26260,private,true,
1033,C-001033,2024-09-24,DE,28029,private,true,
1034,C-001034,2025-02-06,DE,41203,private,true,
1035,C-001035,2025-06-27,DE,15191,private,true,
1036,C-001036,2025-12-02,DE,40016,private,false,
1037,C-001037,2024-11-09,DE,42550,private,true,
1038,C-001038,2024-03-31,DE,10792,private,true,
1039,C-001039,2023-05-13,AT,,business,true,
1040,C-001040,2023-10-17,CH,,private,true,
1041,C-001041,2024-02-23,DE,35891,business,false,
1042,C-001042,2024-05-16,DE,93309,private,true,
1043,C-001043,2024-02-17,DE,62198,private,true,
1044,C-001044,2025-02-12,DE,30431,private,false,
1045,C-001045,2025-09-14,DE,49351,private,false,
1046,C-001046,2026-01-05,DE,69454,private,true,
1047,C-001047,2024-08-03,DE,71506,private,true,
1048,C-001048,2024-02-05,DE,59054,private,true,
1049,C-001049,2025-10-03,DE,60336,private,true,
1050,C-001050,2025-09-29,DE,26315,private,true,
1051,C-001051,2025-02-27,CH,,private,false,
1052,C-001052,2024-12-14,DE,95315,private,false,
1053,C-001053,2025-02-28,AT,,private,true,
1054,C-001054,2025-01-10,DE,44253,private,false,
1055,C-001055,2025-07-21,CH,,private,true,
1056,C-001056,2023-11-27,DE,62122,private,false,
1057,C-001057,2023-06-14,DE,43144,private,false,
1058,C-001058,2024-09-10,DE,63950,private,false,
1059,C-001059,2023-07-02,DE,45261,private,false,
1060,C-001060,2024-03-05,CH,,private,true,
1061,C-001061,2025-10-04,DE,95789,business,false,
1062,C-001062,2024-08-13,DE,35954,private,true,
1063,C-001063,2025-09-23,DE,34331,private,false,
1064,C-001064,2024-02-16,DE,63581,private,false,
1065,C-001065,2025-06-21,DE,48420,private,false,
1066,C-001066,2023-06-25,DE,72638,private,true,
1067,C-001067,2025-09-20,DE,10947,business,true,
1068,C-001068,2023-03-27,DE,44843,private,true,
1069,C-001069,2025-09-22,DE,54967,private,false,
1070,C-001070,2024-10-07,DE,17502,private,false,
1071,C-001071,2024-12-30,AT,,private,true,
1072,C-001072,2025-04-02,DE,79550,private,true,
1073,C-001073,2024-07-26,CH,,private,true,
1074,C-001074,2025-08-31,DE,52229,private,true,
1075,C-001075,2023-02-04,DE,98857,private,false,
1076,C-001076,2025-06-28,DE,55656,private,false,
1077,C-001077,2025-05-26,CH,,private,false,
1078,C-001078,2023-07-25,DE,78164,private,true,
1079,C-001079,2026-03-17,DE,21415,private,true,
1080,C-001080,2024-09-09,AT,,private,false,
1081,C-001081,2025-07-02,CH,,private,false,
1082,C-001082,2023-12-16,DE,13830,private,true,
1083,C-001083,2023-11-25,AT,,private,true,
1084,C-001084,2024-06-11,DE,80063,private,false,
1085,C-001085,2025-10-04,DE,88732,private,false,
1086,C-001086,2023-05-13,DE,60023,private,false,
1087,C-001087,2026-02-24,CH,,private,true,
1088,C-001088,2024-08-18,DE,25218,business,false,
1089,C-001089,2026-03-19,DE,10220,private,false,
1090,C-001090,2024-09-28,DE,51896,private,false,
1091,C-001091,2025-01-17,DE,87434,private,true,
1092,C-001092,2024-03-30,DE,48905,business,false,
1093,C-001093,2024-03-24,DE,97208,private,false,
1094,C-001094,2023-03-12,DE,85231,private,false,
1095,C-001095,2025-09-06,DE,17708,private,true,
1096,C-001096,2024-11-13,DE,39500,private,false,
1097,C-001097,2023-04-18,AT,,private,false,
1098,C-001098,2024-09-04,CH,,private,false,
1099,C-001099,2026-01-27,DE,61296,private,false,
1100,C-001100,2025-03-11,DE,81828,private,true,
1101,C-001101,2025-03-17,DE,17094,private,false,
1102,C-001102,2024-09-14,DE,48152,private,true,
1103,C-001103,2023-10-24,DE,57477,private,true,
1104,C-001104,2026-03-24,DE,65982,private,false,
1105,C-001105,2023-12-11,AT,,business,false,
1106,C-001106,2023-04-18,DE,29473,private,true,
1107,C-001107,2025-04-07,DE,88139,business,true,
1108,C-001108,2023-12-20,DE,96313,private,false,
1109,C-001109,2023-07-03,DE,95615,private,false,
1110,C-001110,2025-06-30,DE,97659,private,true,
1111,C-001111,2025-11-09,DE,22393,private,false,
1112,C-001112,2024-01-06,DE,26414,private,false,
1113,C-001113,2023-07-23,DE,63127,private,false,
1114,C-001114,2023-02-10,DE,18379,private,false,
1115,C-001115,2025-11-28,AT,,private,false,
1116,C-001116,2024-02-29,CH,,private,true,
1117,C-001117,2024-01-04,DE,85377,private,true,
1118,C-001118,2024-02-27,DE,21090,business,true,
1119,C-001119,2023-09-13,DE,96266,private,false,
1120,C-001120,2023-01-01,DE,48456,business,false,
1121,C-001121,2025-12-29,DE,56152,private,false,
1122,C-001122,2026-01-07,DE,14814,private,false,
1123,C-001123,2024-01-21,DE,82361,private,true,
1124,C-001124,2024-03-18,DE,82069,private,false,
1125,C-001125,2024-06-06,DE,43315,private,true,
1126,C-001126,2025-05-21,CH,,private,true,
1127,C-001127,2024-07-05,CH,,private,true,
1128,C-001128,2025-11-13,DE,66836,private,true,
1129,C-001129,2025-02-15,DE,24416,private,true,
1130,C-001130,2026-01-28,DE,45815,private,true,
1131,C-001131,2023-10-27,AT,,private,true,
1132,C-001132,2024-03-31,DE,50180,business,false,
1133,C-001133,2025-09-29,DE,45527,private,false,
1134,C-001134,2023-07-22,AT,,private,false,
1135,C-001135,2024-12-07,DE,62776,private,false,
1136,C-001136,2025-09-03,DE,96188,private,false,
1137,C-001137,2023-09-16,DE,93780,private,true,
1138,C-001138,2025-01-28,DE,33999,private,false,
1139,C-001139,2025-06-17,CH,,private,false,
1140,C-001140,2025-05-26,DE,93313,private,false,
1141,C-001141,2023-06-28,CH,,private,true,
1142,C-001142,2023-06-12,DE,21086,private,true,
1143,C-001143,2024-08-08,DE,65572,private,false,
1144,C-001144,2025-11-07,CH,,private,false,
1145,C-001145,2025-12-26,DE,10955,private,false,
1146,C-001146,2025-05-20,DE,79220,private,true,
1147,C-001147,2023-03-28,DE,78618,private,false,
1148,C-001148,2024-04-05,DE,16672,private,true,
1149,C-001149,2025-05-15,DE,99006,private,false,
1150,C-001150,2024-05-26,AT,,private,false,
1151,C-001151,2025-09-16,DE,38503,private,false,
1152,C-001152,2024-09-16,AT,,private,false,
1153,C-001153,2025-08-06,AT,,private,true,2026-05-28 00:00:00
1154,C-001154,2024-11-03,DE,62699,business,true,
1155,C-001155,2024-12-27,DE,30147,private,true,
1156,C-001156,2025-04-21,DE,39634,private,true,
1157,C-001157,2025-08-21,DE,45321,private,false,
1158,C-001158,2023-08-11,CH,,private,false,
1159,C-001159,2025-06-07,DE,47342,private,false,
1160,C-001160,2023-03-24,DE,97320,private,true,
1161,C-001161,2024-02-12,CH,,private,false,
1162,C-001162,2025-09-28,DE,62412,private,false,
1163,C-001163,2025-10-24,DE,24139,private,false,
1164,C-001164,2023-02-13,DE,16820,private,true,
1165,C-001165,2024-12-01,DE,46991,private,true,
1166,C-001166,2025-09-22,DE,34492,private,false,
1167,C-001167,2024-05-25,DE,97337,business,true,
1168,C-001168,2025-05-28,DE,75841,private,false,
1169,C-001169,2024-01-07,DE,25789,private,false,
1170,C-001170,2023-09-28,DE,12314,private,true,
1171,C-001171,2024-02-13,DE,93009,business,false,
1172,C-001172,2024-04-18,DE,16770,private,true,
1173,C-001173,2024-09-15,DE,42370,private,false,
1174,C-001174,2024-10-17,AT,,private,true,
1175,C-001175,2024-10-20,DE,34227,private,false,
1176,C-001176,2024-05-31,CH,,private,true,
1177,C-001177,2023-01-28,DE,57367,private,true,
1178,C-001178,2025-12-19,DE,21433,private,true,
1179,C-001179,2023-08-06,DE,95767,private,true,
1180,C-001180,2024-01-26,DE,91134,private,true,
1181,C-001181,2024-12-03,DE,30142,private,false,
1182,C-001182,2023-03-31,DE,83445,private,false,
1183,C-001183,2024-12-12,AT,,private,false,
1184,C-001184,2023-05-19,DE,31880,private,false,
1185,C-001185,2024-07-15,DE,34928,private,true,
1186,C-001186,2025-03-25,DE,67376,private,false,
1187,C-001187,2025-11-09,DE,34125,private,false,
1188,C-001188,2023-01-08,DE,77213,private,false,
1189,C-001189,2025-07-21,DE,48844,private,true,
1190,C-001190,2024-07-03,DE,15123,private,true,
1191,C-001191,2023-10-31,CH,,private,true,
1192,C-001192,2023-04-16,DE,10183,private,false,
1193,C-001193,2024-12-12,DE,81994,private,true,
1194,C-001194,2024-06-24,DE,17505,private,false,
1195,C-001195,2023-01-22,AT,,private,false,
1196,C-001196,2023-02-02,DE,23951,private,false,
1197,C-001197,2025-02-21,CH,,private,false,
1198,C-001198,2024-02-27,DE,61834,private,true,
1199,C-001199,2023-11-15,DE,72784,private,false,
1200,C-001200,2023-07-11,DE,84666,private,false,
1201,C-001201,2025-10-01,CH,,private,true,
1202,C-001202,2023-12-30,DE,65888,private,true,
1203,C-001203,2024-05-17,DE,27995,private,false,
1204,C-001204,2023-01-25,DE,94473,private,true,
1205,C-001205,2023-03-31,DE,88595,private,true,
1206,C-001206,2023-01-28,DE,54353,business,false,
1207,C-001207,2023-06-24,DE,31383,private,false,
1208,C-001208,2024-09-21,DE,92245,private,true,
1209,C-001209,2026-01-18,DE,77048,private,true,
1210,C-001210,2025-04-30,DE,29316,private,true,
1211,C-001211,2024-12-24,DE,24733,private,false,
1212,C-001212,2025-10-04,DE,56833,business,true,
1213,C-001213,2023-06-06,DE,15681,business,false,
1214,C-001214,2023-11-06,DE,29689,private,false,
1215,C-001215,2024-09-09,DE,75437,private,false,
1216,C-001216,2025-01-25,CH,,private,false,
1217,C-001217,2023-01-05,AT,,private,false,
1218,C-001218,2023-10-30,DE,18822,private,false,
1219,C-001219,2023-08-20,DE,26716,private,true,
1220,C-001220,2024-01-08,DE,64256,private,false,
1221,C-001221,2024-11-13,DE,82002,private,false,
1222,C-001222,2025-10-15,DE,20959,private,false,
1223,C-001223,2025-05-13,DE,21436,private,false,
1224,C-001224,2024-04-26,DE,72118,private,false,
1225,C-001225,2023-10-01,AT,,business,true,
1226,C-001226,2023-10-13,DE,65191,private,false,
1227,C-001227,2024-05-11,DE,28753,private,false,
1228,C-001228,2025-02-12,DE,23894,private,false,
1229,C-001229,2023-06-01,DE,28517,private,true,
1230,C-001230,2023-06-11,DE,33910,business,false,
1231,C-001231,2025-08-20,DE,63939,private,false,
1232,C-001232,2024-11-21,DE,17864,private,true,
1233,C-001233,2023-03-07,DE,65524,private,true,
1234,C-001234,2025-07-19,DE,39794,private,false,
1235,C-001235,2025-05-17,CH,,private,true,
1236,C-001236,2023-09-14,DE,83307,private,true,
1237,C-001237,2023-06-08,DE,59868,private,true,
1238,C-001238,2023-12-04,DE,23683,private,false,
1239,C-001239,2023-06-09,DE,31333,private,true,
1240,C-001240,2026-01-14,DE,34607,private,true,
1241,C-001241,2026-02-03,DE,84727,private,true,
1242,C-001242,2026-03-02,DE,22217,private,false,
1243,C-001243,2024-09-24,DE,35543,private,true,
1244,C-001244,2024-10-06,DE,22763,private,false,
1245,C-001245,2024-11-09,DE,29685,private,true,
1246,C-001246,2023-02-18,DE,48026,private,false,
1247,C-001247,2023-11-27,DE,40352,private,false,
1248,C-001248,2024-03-17,DE,75748,private,false,
1249,C-001249,2025-11-23,CH,,private,false,
1250,C-001250,2025-07-05,DE,66479,private,true,
1251,C-001251,2023-03-23,AT,,private,true,
1252,C-001252,2023-06-03,CH,,private,false,
1253,C-001253,2023-01-31,DE,21425,private,false,
1254,C-001254,2025-10-18,DE,46715,private,false,
1255,C-001255,2026-03-26,DE,43809,business,true,
1256,C-001256,2025-08-27,CH,,private,false,
1257,C-001257,2023-09-11,CH,,private,true,
1258,C-001258,2025-04-17,AT,,private,true,
1259,C-001259,2024-10-04,DE,99463,private,false,
1260,C-001260,2023-03-29,DE,83505,private,false,
1261,C-001261,2023-01-17,DE,19565,business,true,
1262,C-001262,2024-04-01,DE,94211,private,true,
1263,C-001263,2025-12-31,AT,,private,true,
1264,C-001264,2025-03-23,DE,89215,private,true,
1265,C-001265,2025-09-22,DE,81444,private,true,
1266,C-001266,2023-11-15,CH,,private,true,
1267,C-001267,2025-02-17,DE,37973,private,false,
1268,C-001268,2023-04-21,DE,43039,business,false,
1269,C-001269,2023-12-27,DE,69168,business,false,
1270,C-001270,2025-05-09,DE,22116,private,true,
1271,C-001271,2025-05-27,DE,64932,private,true,
1272,C-001272,2025-09-13,DE,56490,private,true,
1273,C-001273,2026-03-14,DE,20198,business,false,
1274,C-001274,2026-03-30,DE,51486,private,false,
1275,C-001275,2023-01-30,DE,24890,private,true,
1276,C-001276,2025-04-12,DE,26478,private,false,
1277,C-001277,2025-07-09,DE,34596,private,true,
1278,C-001278,2025-05-10,DE,37494,private,false,
1279,C-001279,2024-01-27,CH,,private,true,
1280,C-001280,2023-02-03,DE,75422,private,false,
1281,C-001281,2025-07-22,DE,54017,private,false,
1282,C-001282,2023-08-21,AT,,private,true,
1283,C-001283,2023-11-30,DE,67343,private,false,
1284,C-001284,2024-08-03,DE,21484,private,false,
1285,C-001285,2023-08-01,DE,91766,business,false,
1286,C-001286,2026-01-20,DE,47998,private,false,
1287,C-001287,2025-05-11,DE,71548,private,false,
1288,C-001288,2023-09-12,DE,94523,private,false,
1289,C-001289,2025-03-21,DE,96334,private,true,
1290,C-001290,2024-06-25,DE,10544,private,false,
1291,C-001291,2025-04-29,DE,78021,business,false,
1292,C-001292,2024-10-12,DE,61296,private,false,
1293,C-001293,2024-01-30,DE,66243,private,true,
1294,C-001294,2023-09-21,CH,,private,false,
1295,C-001295,2024-10-13,DE,76093,private,true,
1296,C-001296,2023-08-31,DE,44108,private,false,
1297,C-001297,2026-02-06,DE,11512,private,true,
1298,C-001298,2023-11-10,DE,60122,private,false,
1299,C-001299,2023-02-21,DE,56939,private,false,
1300,C-001300,2024-01-18,DE,42145,private,true,
1301,C-001301,2025-02-13,DE,92239,private,true,
1302,C-001302,2023-02-17,DE,88105,private,true,
1303,C-001303,2023-09-09,DE,74781,private,false,
1304,C-001304,2025-01-10,AT,,private,true,
1305,C-001305,2025-04-27,DE,59185,private,true,
1306,C-001306,2024-10-04,DE,33419,private,true,
1307,C-001307,2026-03-07,DE,55453,private,true,
1308,C-001308,2025-09-18,CH,,private,true,
1309,C-001309,2024-06-05,AT,,private,true,
1310,C-001310,2025-11-14,DE,13866,private,true,
1311,C-001311,2024-11-01,DE,45870,business,false,
1312,C-001312,2025-09-13,DE,71216,business,false,
1313,C-001313,2025-10-12,DE,35936,private,false,
1314,C-001314,2024-07-29,CH,,business,false,
1315,C-001315,2023-12-06,DE,65540,private,false,
1316,C-001316,2024-07-10,DE,84336,private,false,
1317,C-001317,2024-12-23,DE,14424,private,true,
1318,C-001318,2025-11-13,DE,79533,private,false,
1319,C-001319,2024-12-22,DE,34368,business,false,
1320,C-001320,2025-01-02,DE,51215,private,true,
1321,C-001321,2023-09-08,DE,84379,private,false,
1322,C-001322,2024-10-20,AT,,private,true,
1323,C-001323,2025-12-15,DE,97994,private,false,
1324,C-001324,2023-06-03,DE,51958,private,false,
1325,C-001325,2024-02-10,DE,65212,private,false,
1326,C-001326,2023-09-02,DE,85551,private,true,
1327,C-001327,2023-02-13,DE,70525,private,false,
1328,C-001328,2024-08-05,DE,79142,private,true,
1329,C-001329,2023-03-22,DE,64405,business,false,
1330,C-001330,2024-09-08,DE,51048,private,false,
1331,C-001331,2025-10-08,DE,94029,private,false,
1332,C-001332,2023-09-06,AT,,private,true,
1333,C-001333,2023-01-22,DE,39667,private,false,
1334,C-001334,2023-12-15,DE,80458,private,false,
1335,C-001335,2023-01-11,CH,,private,true,
1336,C-001336,2023-08-15,DE,59749,private,true,
1337,C-001337,2024-07-06,DE,51855,private,false,
1338,C-001338,2023-10-31,DE,68560,private,false,
1339,C-001339,2023-09-08,DE,46771,private,false,
1340,C-001340,2024-10-21,DE,20852,private,true,
1341,C-001341,2024-12-23,DE,36986,private,false,
1342,C-001342,2023-06-09,DE,71361,private,true,
1343,C-001343,2025-02-27,DE,79159,business,true,
1344,C-001344,2025-11-18,AT,,private,true,
1345,C-001345,2023-11-12,AT,,business,true,
1346,C-001346,2025-02-28,CH,,private,false,
1347,C-001347,2024-01-20,DE,85660,private,false,
1348,C-001348,2023-07-29,DE,70404,private,false,
1349,C-001349,2024-01-19,DE,25509,private,false,
1350,C-001350,2026-02-01,DE,76574,private,true,
1351,C-001351,2024-11-14,DE,65389,private,true,
1352,C-001352,2024-02-02,DE,74699,private,false,
1353,C-001353,2025-11-28,DE,38780,private,false,
1354,C-001354,2023-08-24,DE,23242,business,true,
1355,C-001355,2024-07-18,DE,23278,private,false,
1356,C-001356,2024-03-26,DE,36683,private,true,
1357,C-001357,2024-12-12,DE,75960,private,true,2025-05-15 00:00:00
1358,C-001358,2025-09-03,DE,99318,private,false,
1359,C-001359,2023-05-23,DE,97298,private,false,
1360,C-001360,2025-08-29,DE,32377,business,false,
1361,C-001361,2023-01-20,DE,42441,private,false,
1362,C-001362,2025-08-25,DE,39922,private,false,
1363,C-001363,2025-12-11,DE,53997,private,false,
1364,C-001364,2025-07-15,DE,43231,private,false,
1365,C-001365,2025-01-16,DE,77873,private,true,
1366,C-001366,2025-09-18,DE,63781,private,false,
1367,C-001367,2024-03-27,DE,66455,private,false,
1368,C-001368,2025-01-06,DE,24146,business,false,
1369,C-001369,2024-07-14,AT,,private,false,
1370,C-001370,2025-12-15,DE,87220,private,true,
1371,C-001371,2025-05-04,CH,,private,true,
1372,C-001372,2024-12-04,AT,,private,false,
1373,C-001373,2024-12-11,DE,71121,private,false,
1374,C-001374,2023-11-04,DE,73809,private,false,
1375,C-001375,2024-08-13,DE,87735,private,false,
1376,C-001376,2023-09-10,DE,10084,private,false,
1377,C-001377,2023-04-13,DE,97205,private,true,
1378,C-001378,2026-02-22,DE,35785,business,true,
1379,C-001379,2025-06-03,DE,56482,business,true,
1380,C-001380,2024-05-24,DE,22863,private,false,
1381,C-001381,2024-06-19,AT,,private,true,
1382,C-001382,2024-10-22,DE,64566,private,false,
1383,C-001383,2026-02-09,DE,70444,private,true,
1384,C-001384,2026-01-22,DE,79018,private,false,
1385,C-001385,2025-06-24,DE,56424,private,false,
1386,C-001386,2025-05-25,DE,13463,private,false,
1387,C-001387,2025-05-12,DE,86064,private,false,
1388,C-001388,2025-11-14,DE,17017,private,false,
1389,C-001389,2025-03-15,DE,77896,private,false,
1390,C-001390,2025-07-31,AT,,business,true,
1391,C-001391,2023-08-08,DE,53425,business,true,
1392,C-001392,2023-05-05,DE,36878,private,false,
1393,C-001393,2025-11-23,DE,98562,private,false,
1394,C-001394,2023-11-13,DE,91744,private,false,2025-05-22 00:00:00
1395,C-001395,2024-02-16,DE,22696,business,false,
1396,C-001396,2024-05-21,DE,17294,private,false,
1397,C-001397,2023-09-07,DE,81659,private,true,
1398,C-001398,2024-06-17,AT,,private,false,
1399,C-001399,2025-06-04,DE,41546,business,true,
1400,C-001400,2023-12-16,DE,47938,private,true,
1401,C-001401,2023-07-24,CH,,private,false,
1402,C-001402,2023-08-08,DE,25745,private,true,
1403,C-001403,2026-03-01,DE,96139,private,true,
1404,C-001404,2025-06-29,DE,70076,private,false,
1405,C-001405,2024-07-21,DE,37627,private,false,
1406,C-001406,2024-12-15,AT,,private,false,
1407,C-001407,2023-11-07,DE,28355,private,true,
1408,C-001408,2024-07-24,DE,94559,private,false,
1409,C-001409,2025-09-17,DE,76450,private,false,
1410,C-001410,2025-12-12,DE,86610,private,false,
1411,C-001411,2025-04-06,DE,97197,business,false,
1412,C-001412,2023-08-06,DE,41013,private,true,
1413,C-001413,2023-08-04,AT,,private,false,
1414,C-001414,2025-05-10,AT,,business,true,
1415,C-001415,2023-05-30,DE,32815,private,false,
1416,C-001416,2024-10-19,DE,82937,private,true,
1417,C-001417,2024-02-14,DE,31245,private,false,
1418,C-001418,2025-06-07,DE,92459,private,true,
1419,C-001419,2023-07-17,DE,63480,private,false,
1420,C-001420,2026-03-09,DE,94178,business,true,
1421,C-001421,2025-12-17,DE,56151,private,false,
1422,C-001422,2024-12-31,DE,66034,private,true,
1423,C-001423,2025-02-09,AT,,private,true,
1424,C-001424,2023-07-26,DE,39362,private,false,
1425,C-001425,2024-08-16,AT,,private,false,
1426,C-001426,2023-11-20,CH,,business,false,
1427,C-001427,2025-10-21,DE,86385,private,false,
1428,C-001428,2025-08-22,CH,,private,false,
1429,C-001429,2025-05-13,DE,81707,private,false,
1430,C-001430,2024-11-06,AT,,private,false,
1431,C-001431,2023-05-30,DE,14634,private,false,
1432,C-001432,2024-12-09,CH,,private,false,
1433,C-001433,2023-06-15,AT,,private,true,
1434,C-001434,2023-08-02,DE,49769,private,false,
1435,C-001435,2024-04-11,DE,80016,business,false,
1436,C-001436,2025-02-15,DE,59444,private,false,
1437,C-001437,2023-09-14,DE,90694,private,true,
1438,C-001438,2025-01-23,DE,22057,private,false,
1439,C-001439,2023-01-21,DE,84455,private,false,
1440,C-001440,2023-04-04,CH,,business,false,
1441,C-001441,2023-06-06,DE,88959,private,true,
1442,C-001442,2024-05-15,CH,,private,true,
1443,C-001443,2023-06-07,DE,56787,private,true,
1444,C-001444,2024-03-27,DE,95674,private,true,
1445,C-001445,2024-05-15,DE,17077,private,false,
1446,C-001446,2024-12-10,AT,,private,false,
1447,C-001447,2024-02-21,AT,,private,false,
1448,C-001448,2026-02-06,DE,40815,private,false,
1449,C-001449,2025-06-20,DE,14424,private,true,
1450,C-001450,2024-07-07,DE,46581,private,false,
1451,C-001451,2025-02-25,DE,36965,private,true,
1452,C-001452,2025-02-15,DE,80981,private,true,
1453,C-001453,2024-12-13,CH,,private,false,
1454,C-001454,2024-06-21,DE,91465,private,false,
1455,C-001455,2025-06-07,AT,,private,false,
1456,C-001456,2023-08-12,DE,80092,private,false,
1457,C-001457,2025-08-07,DE,59976,private,false,
1458,C-001458,2025-08-15,DE,21211,private,true,2026-03-03 00:00:00
1459,C-001459,2024-05-26,DE,45949,private,false,
1460,C-001460,2025-01-10,DE,11617,private,false,
1461,C-001461,2023-09-12,DE,68170,private,false,
1462,C-001462,2025-08-05,DE,93590,business,true,
1463,C-001463,2026-02-13,DE,89996,business,false,
1464,C-001464,2026-02-03,DE,46194,business,true,
1465,C-001465,2024-06-15,AT,,private,false,
1466,C-001466,2023-04-12,DE,67712,private,true,
1467,C-001467,2024-10-11,DE,43954,private,true,
1468,C-001468,2024-06-11,DE,15863,private,false,
1469,C-001469,2024-04-25,DE,41061,business,false,
1470,C-001470,2024-02-22,DE,94133,private,false,
1471,C-001471,2025-05-23,AT,,private,true,
1472,C-001472,2024-11-17,CH,,private,true,
1473,C-001473,2024-08-25,DE,87493,private,true,
1474,C-001474,2023-02-22,DE,76608,private,true,
1475,C-001475,2024-12-05,CH,,private,false,
1476,C-001476,2023-11-04,DE,39436,private,true,
1477,C-001477,2026-03-03,DE,25891,private,false,
1478,C-001478,2025-12-16,DE,51541,private,false,
1479,C-001479,2024-07-05,DE,57443,private,false,
1480,C-001480,2024-04-17,DE,63729,private,true,
1481,C-001481,2025-01-11,DE,73459,private,true,
1482,C-001482,2024-04-16,DE,26420,private,false,
1483,C-001483,2026-01-06,DE,89370,private,false,
1484,C-001484,2024-06-17,DE,76194,private,true,
1485,C-001485,2023-10-31,DE,69515,private,false,
1486,C-001486,2023-02-01,DE,71585,private,false,
1487,C-001487,2023-07-26,DE,19570,business,false,
1488,C-001488,2023-09-29,DE,26705,private,true,
1489,C-001489,2025-04-03,DE,54124,private,true,
1490,C-001490,2023-08-09,CH,,business,false,
1491,C-001491,2025-07-08,AT,,private,false,
1492,C-001492,2025-09-04,DE,76764,private,false,
1493,C-001493,2023-06-21,DE,69444,business,false,
1494,C-001494,2025-02-15,DE,22700,private,false,
1495,C-001495,2024-04-20,DE,85999,private,false,
1496,C-001496,2025-11-06,AT,,private,true,
1497,C-001497,2024-01-01,CH,,business,false,
1498,C-001498,2024-03-07,DE,55527,private,false,
1499,C-001499,2024-08-06,DE,32193,private,false,
1500,C-001500,2024-08-13,CH,,private,false,
1501,C-001501,2024-04-19,DE,32131,private,true,
1502,C-001502,2023-02-26,DE,35576,business,false,
1503,C-001503,2023-01-14,DE,84863,private,true,
1504,C-001504,2025-05-23,DE,24367,private,false,
1505,C-001505,2023-09-03,DE,46497,private,true,
1506,C-001506,2023-08-27,CH,,private,false,
1507,C-001507,2023-06-02,DE,77219,private,true,
1508,C-001508,2023-06-01,DE,78327,private,false,
1509,C-001509,2024-10-12,DE,93164,private,false,
1510,C-001510,2023-01-17,DE,35647,private,false,
1511,C-001511,2024-06-27,DE,27274,private,true,
1512,C-001512,2024-02-11,DE,38074,business,false,
1513,C-001513,2023-01-07,DE,15087,private,false,
1514,C-001514,2025-05-06,DE,55705,private,false,
1515,C-001515,2025-09-18,DE,48288,private,false,
1516,C-001516,2025-09-20,DE,48720,private,false,
1517,C-001517,2023-07-17,DE,64997,private,false,
1518,C-001518,2025-07-04,DE,51799,private,true,
1519,C-001519,2023-08-21,DE,74117,private,true,
1520,C-001520,2025-04-23,DE,63609,business,true,
1521,C-001521,2023-05-05,DE,67927,private,false,
1522,C-001522,2025-05-20,DE,54543,private,true,
1523,C-001523,2023-04-04,DE,37027,private,false,
1524,C-001524,2023-08-14,CH,,private,true,
1525,C-001525,2023-02-10,CH,,business,true,
1526,C-001526,2024-11-13,AT,,private,false,
1527,C-001527,2025-11-28,DE,61842,private,false,
1528,C-001528,2024-04-14,DE,82476,private,true,
1529,C-001529,2024-05-24,CH,,business,true,
1530,C-001530,2023-07-29,DE,13177,private,true,
1531,C-001531,2024-04-16,DE,59526,private,true,
1532,C-001532,2025-03-31,DE,19684,private,true,
1533,C-001533,2025-10-30,DE,89281,private,false,2026-05-16 00:00:00
1534,C-001534,2023-11-07,DE,50919,private,true,
1535,C-001535,2024-10-24,DE,23065,private,true,
1536,C-001536,2024-06-25,CH,,private,true,
1537,C-001537,2024-03-31,CH,,private,false,
1538,C-001538,2025-12-28,DE,58855,private,false,
1539,C-001539,2026-01-24,DE,40423,private,false,
1540,C-001540,2025-07-04,DE,92564,private,false,
1541,C-001541,2023-06-21,DE,42763,private,false,
1542,C-001542,2023-06-21,DE,84270,private,false,
1543,C-001543,2024-04-21,DE,29741,private,false,
1544,C-001544,2023-03-16,DE,83716,private,false,2024-07-16 00:00:00
1545,C-001545,2025-09-27,DE,73307,private,false,
1546,C-001546,2025-11-19,DE,65797,private,false,
1547,C-001547,2023-06-08,DE,31783,private,true,
1548,C-001548,2024-02-09,DE,32376,private,true,
1549,C-001549,2025-12-10,DE,48895,private,false,
1550,C-001550,2023-08-29,DE,78482,private,false,
1551,C-001551,2024-10-22,DE,78583,private,false,
1552,C-001552,2024-02-23,DE,71880,private,true,
1553,C-001553,2025-08-05,DE,27739,private,false,
1554,C-001554,2023-12-03,DE,29706,private,true,
1555,C-001555,2025-08-21,DE,22300,private,true,
1556,C-001556,2026-01-06,DE,18751,business,false,
1557,C-001557,2024-12-18,DE,45989,private,true,2025-05-25 00:00:00
1558,C-001558,2024-08-05,AT,,private,false,
1559,C-001559,2025-04-05,CH,,private,false,
1560,C-001560,2023-11-09,DE,26607,private,true,
1561,C-001561,2025-12-05,DE,87616,private,true,
1562,C-001562,2024-07-21,CH,,private,false,
1563,C-001563,2024-03-04,DE,90599,private,false,
1564,C-001564,2023-10-28,DE,16840,private,true,
1565,C-001565,2023-10-08,DE,75585,private,false,
1566,C-001566,2023-08-29,DE,56529,private,false,
1567,C-001567,2024-09-30,AT,,private,true,
1568,C-001568,2024-03-14,CH,,private,false,
1569,C-001569,2025-06-14,DE,83125,private,false,
1570,C-001570,2025-06-10,DE,97823,private,false,
1571,C-001571,2024-12-09,DE,35032,private,false,
1572,C-001572,2025-02-22,DE,57315,private,false,
1573,C-001573,2025-12-13,DE,43260,private,true,
1574,C-001574,2025-10-26,AT,,private,true,
1575,C-001575,2025-09-07,DE,17500,private,false,
1576,C-001576,2026-03-17,AT,,private,false,
1577,C-001577,2025-07-19,DE,23616,private,false,
1578,C-001578,2023-03-20,DE,33187,private,false,
1579,C-001579,2023-09-27,DE,18169,private,true,
1580,C-001580,2024-10-05,DE,90478,private,false,
1581,C-001581,2023-02-04,DE,32179,private,false,
1582,C-001582,2025-01-20,DE,97771,private,false,
1583,C-001583,2023-05-06,DE,21005,private,false,
1584,C-001584,2023-12-20,DE,32671,private,true,
1585,C-001585,2023-01-07,DE,21284,private,true,
1586,C-001586,2026-03-05,CH,,business,false,
1587,C-001587,2023-06-26,DE,11368,private,false,
1588,C-001588,2024-03-21,DE,50341,private,false,
1589,C-001589,2024-01-27,DE,47627,private,true,
1590,C-001590,2023-12-31,DE,45756,private,false,
1591,C-001591,2024-02-13,DE,74210,private,false,
1592,C-001592,2024-12-28,DE,92709,private,false,
1593,C-001593,2023-12-16,DE,37611,private,true,
1594,C-001594,2025-06-07,DE,76029,private,false,
1595,C-001595,2026-02-03,AT,,private,true,
1596,C-001596,2024-06-12,DE,92721,private,false,
1597,C-001597,2024-01-17,DE,96285,private,true,
1598,C-001598,2023-03-11,DE,30807,business,true,
1599,C-001599,2025-05-13,DE,56924,private,false,
1600,C-001600,2024-09-19,DE,90820,private,false,
1601,C-001601,2025-07-23,DE,41927,private,false,
1602,C-001602,2024-06-01,DE,15259,private,false,
1603,C-001603,2024-04-24,DE,45305,private,false,
1604,C-001604,2026-03-28,DE,88230,business,false,
1605,C-001605,2025-12-09,DE,53666,private,false,
1606,C-001606,2023-04-21,CH,,private,false,
1607,C-001607,2025-07-28,DE,32553,private,false,
1608,C-001608,2024-09-09,DE,42077,private,false,
1609,C-001609,2023-11-12,DE,55182,private,true,
1610,C-001610,2023-07-24,DE,97613,private,false,
1611,C-001611,2025-02-09,AT,,private,false,
1612,C-001612,2023-09-21,DE,47118,private,true,
1613,C-001613,2025-05-19,DE,86864,private,true,
1614,C-001614,2023-02-25,DE,54544,private,false,
1615,C-001615,2025-10-23,AT,,private,false,
1616,C-001616,2024-04-16,DE,54510,private,true,
1617,C-001617,2025-02-25,DE,73000,private,true,
1618,C-001618,2023-03-13,DE,77809,private,true,
1619,C-001619,2023-08-06,DE,63015,business,false,
1620,C-001620,2023-01-26,DE,11518,private,false,
1621,C-001621,2025-09-22,DE,65703,private,false,
1622,C-001622,2024-06-13,DE,75806,business,false,
1623,C-001623,2025-02-02,DE,24637,private,false,
1624,C-001624,2024-01-02,CH,,private,true,
1625,C-001625,2023-11-04,DE,77488,private,false,
1626,C-001626,2025-07-20,DE,70325,private,true,
1627,C-001627,2025-01-21,DE,98473,private,true,
1628,C-001628,2024-08-29,DE,64664,business,true,
1629,C-001629,2023-02-05,DE,14798,private,true,
1630,C-001630,2025-12-24,DE,28958,private,true,
1631,C-001631,2025-10-07,DE,41994,private,false,
1632,C-001632,2025-12-08,DE,89869,business,true,
1633,C-001633,2023-07-27,DE,49581,private,true,
1634,C-001634,2025-05-15,DE,20391,private,false,
1635,C-001635,2025-06-06,CH,,private,false,
1636,C-001636,2025-11-18,DE,85148,private,false,
1637,C-001637,2025-08-26,DE,34341,private,true,
1638,C-001638,2024-07-20,DE,47344,business,true,
1639,C-001639,2024-07-12,DE,46014,private,false,
1640,C-001640,2024-06-30,DE,39468,private,false,
1641,C-001641,2023-02-07,DE,89864,private,false,
1642,C-001642,2025-08-01,DE,83093,private,true,
1643,C-001643,2023-01-26,DE,75401,private,false,
1644,C-001644,2024-03-07,DE,96599,private,true,
1645,C-001645,2026-03-16,CH,,private,false,
1646,C-001646,2024-03-01,DE,69178,private,true,
1647,C-001647,2025-08-15,DE,66561,private,true,
1648,C-001648,2025-04-30,CH,,business,false,
1649,C-001649,2025-10-02,CH,,private,false,
1650,C-001650,2023-09-10,DE,33412,private,false,
1651,C-001651,2023-11-22,DE,56140,private,false,
1652,C-001652,2024-03-21,DE,23846,private,true,
1653,C-001653,2024-10-12,DE,70806,private,true,
1654,C-001654,2024-08-09,AT,,private,false,
1655,C-001655,2024-08-13,DE,99568,private,false,
1656,C-001656,2023-07-21,DE,93416,private,false,
1657,C-001657,2023-03-01,DE,88586,private,false,
1658,C-001658,2026-03-14,DE,84620,private,true,
1659,C-001659,2025-08-24,DE,95736,private,true,
1660,C-001660,2025-03-08,DE,58373,private,false,
1661,C-001661,2024-05-05,DE,48401,private,false,
1662,C-001662,2023-05-13,AT,,private,false,
1663,C-001663,2025-06-27,CH,,private,false,
1664,C-001664,2023-08-16,DE,42094,private,false,
1665,C-001665,2025-08-04,DE,63260,business,false,
1666,C-001666,2025-11-30,CH,,private,true,
1667,C-001667,2024-06-16,AT,,private,false,
1668,C-001668,2025-12-29,DE,62218,private,false,
1669,C-001669,2023-03-23,DE,66175,private,false,
1670,C-001670,2023-09-12,DE,24651,private,false,
1671,C-001671,2023-12-13,DE,73254,private,true,
1672,C-001672,2024-03-06,DE,74431,private,false,
1673,C-001673,2024-05-16,DE,69031,private,false,
1674,C-001674,2024-06-12,DE,47805,private,false,
1675,C-001675,2023-02-23,DE,30749,private,true,
1676,C-001676,2026-03-08,DE,26849,private,false,
1677,C-001677,2023-10-28,DE,37742,private,true,
1678,C-001678,2024-09-12,DE,77740,business,true,
1679,C-001679,2025-04-11,DE,86957,private,false,
1680,C-001680,2025-10-23,DE,32167,private,false,
1681,C-001681,2025-12-11,DE,18487,private,true,
1682,C-001682,2024-12-02,DE,25675,private,true,
1683,C-001683,2024-02-08,DE,78697,private,false,
1684,C-001684,2024-04-12,DE,53190,private,true,
1685,C-001685,2025-11-05,DE,20413,private,false,
1686,C-001686,2023-04-25,DE,33944,private,true,
1687,C-001687,2024-05-16,DE,44834,private,true,
1688,C-001688,2026-02-04,DE,27373,private,false,
1689,C-001689,2025-12-06,DE,72558,private,true,
1690,C-001690,2025-08-08,DE,19575,private,true,
1691,C-001691,2024-02-07,DE,87250,private,false,
1692,C-001692,2024-03-16,DE,24617,private,true,
1693,C-001693,2025-06-25,DE,69802,private,false,
1694,C-001694,2023-01-02,DE,53075,private,true,
1695,C-001695,2025-11-04,DE,79755,private,false,
1696,C-001696,2024-05-24,DE,24610,private,false,
1697,C-001697,2024-01-09,DE,31381,private,false,
1698,C-001698,2024-01-02,DE,68090,private,true,
1699,C-001699,2024-12-02,DE,40382,private,true,
1700,C-001700,2024-03-12,DE,99751,private,false,
1701,C-001701,2024-09-06,AT,,private,false,
1702,C-001702,2024-01-29,DE,30595,private,false,
1703,C-001703,2024-10-28,CH,,private,false,
1704,C-001704,2024-07-05,DE,58600,private,false,
1705,C-001705,2023-10-24,DE,50372,private,false,
1706,C-001706,2025-05-21,DE,17249,private,true,
1707,C-001707,2025-04-17,DE,12553,private,false,
1708,C-001708,2024-02-19,DE,52184,private,true,
1709,C-001709,2025-05-25,DE,38177,private,false,
1710,C-001710,2025-10-27,DE,72872,private,true,
1711,C-001711,2025-08-20,CH,,private,false,
1712,C-001712,2025-09-24,DE,17355,private,false,
1713,C-001713,2024-12-02,DE,27600,private,false,
1714,C-001714,2023-06-01,DE,29715,private,false,
1715,C-001715,2024-09-04,DE,81642,private,false,
1716,C-001716,2024-06-17,DE,18913,private,false,
1717,C-001717,2024-10-04,CH,,private,false,
1718,C-001718,2024-03-15,DE,98823,private,false,
1719,C-001719,2024-06-14,DE,63841,private,true,
1720,C-001720,2025-05-25,DE,77143,private,true,
1721,C-001721,2025-02-03,DE,52869,private,true,
1722,C-001722,2026-01-08,DE,84095,private,false,
1723,C-001723,2023-07-08,CH,,private,false,
1724,C-001724,2023-06-29,DE,19579,private,false,
1725,C-001725,2025-06-01,DE,29949,private,false,
1726,C-001726,2024-11-07,DE,66675,private,true,
1727,C-001727,2023-02-13,DE,11119,private,false,
1728,C-001728,2024-04-06,DE,52810,private,false,
1729,C-001729,2025-12-26,DE,56484,private,false,
1730,C-001730,2026-03-27,DE,13437,private,true,
1731,C-001731,2025-12-28,DE,19078,private,false,
1732,C-001732,2024-11-01,AT,,private,false,
1733,C-001733,2023-12-01,DE,56575,private,false,
1734,C-001734,2023-02-25,DE,59166,private,false,
1735,C-001735,2023-02-22,DE,68564,private,false,
1736,C-001736,2025-06-17,DE,22170,private,true,
1737,C-001737,2023-12-25,DE,37477,private,false,
1738,C-001738,2023-09-04,CH,,private,true,
1739,C-001739,2025-04-30,DE,43460,private,false,
1740,C-001740,2025-11-07,DE,62469,private,true,
1741,C-001741,2023-07-24,DE,95459,private,false,
1742,C-001742,2024-09-07,DE,71782,private,false,
1743,C-001743,2023-02-02,CH,,private,false,
1744,C-001744,2023-10-16,AT,,private,true,
1745,C-001745,2023-10-15,DE,96632,private,true,
1746,C-001746,2024-08-23,DE,77973,private,true,
1747,C-001747,2023-11-07,DE,24338,private,true,
1748,C-001748,2023-11-29,DE,44757,private,false,
1749,C-001749,2024-10-19,DE,28919,business,true,
1750,C-001750,2025-04-14,DE,30731,private,false,
1751,C-001751,2023-07-25,DE,24733,private,true,
1752,C-001752,2025-09-01,DE,89071,private,false,
1753,C-001753,2023-01-02,DE,96032,private,false,
1754,C-001754,2026-01-10,DE,84873,private,false,
1755,C-001755,2024-02-06,DE,96403,private,false,
1756,C-001756,2023-06-18,DE,42739,private,true,
1757,C-001757,2024-04-08,DE,70574,private,true,
1758,C-001758,2025-11-30,DE,52984,private,true,
1759,C-001759,2025-05-14,DE,60466,private,false,
1760,C-001760,2023-04-09,DE,41172,private,true,
1761,C-001761,2023-11-28,DE,34608,business,false,
1762,C-001762,2026-03-28,DE,67653,private,false,
1763,C-001763,2023-08-30,DE,34421,private,false,
1764,C-001764,2024-06-06,DE,22648,private,false,
1765,C-001765,2024-12-02,DE,13331,private,false,
1766,C-001766,2026-01-17,DE,82150,private,false,
1767,C-001767,2024-08-28,DE,20874,private,false,
1768,C-001768,2025-10-30,DE,28574,private,false,
1769,C-001769,2024-03-30,DE,29892,private,false,
1770,C-001770,2026-02-26,AT,,private,false,
1771,C-001771,2024-04-16,DE,99180,private,true,
1772,C-001772,2023-12-06,DE,29929,private,true,
1773,C-001773,2026-01-12,CH,,private,false,
1774,C-001774,2025-03-31,DE,71342,private,false,
1775,C-001775,2024-10-21,DE,82844,private,true,
1776,C-001776,2024-09-30,DE,63788,private,false,
1777,C-001777,2023-10-15,DE,41780,private,false,
1778,C-001778,2025-03-12,DE,55928,private,true,
1779,C-001779,2023-05-25,DE,86798,private,true,
1780,C-001780,2023-11-07,DE,93460,private,true,
1781,C-001781,2023-08-29,DE,40432,private,false,
1782,C-001782,2025-06-16,DE,19227,private,false,
1783,C-001783,2024-11-30,AT,,private,true,
1784,C-001784,2024-06-07,DE,73871,private,false,
1785,C-001785,2024-08-19,DE,88518,business,false,
1786,C-001786,2025-01-12,DE,66685,private,false,
1787,C-001787,2025-05-13,DE,46158,business,false,
1788,C-001788,2024-05-30,DE,56748,private,false,
1789,C-001789,2023-06-20,DE,39017,private,false,
1790,C-001790,2025-06-07,DE,83488,business,false,
1791,C-001791,2026-03-04,DE,88861,private,false,
1792,C-001792,2023-08-09,DE,25397,private,false,
1793,C-001793,2024-05-03,DE,61608,private,false,
1794,C-001794,2023-03-23,DE,78519,private,false,
1795,C-001795,2023-03-18,CH,,private,false,
1796,C-001796,2023-02-22,DE,48309,private,false,
1797,C-001797,2025-04-24,DE,99523,private,false,
1798,C-001798,2024-12-05,DE,52534,private,true,
1799,C-001799,2025-07-27,DE,83200,private,false,
1800,C-001800,2026-01-25,DE,32551,private,false,
1801,C-001801,2025-10-20,AT,,private,false,
1802,C-001802,2024-04-11,DE,63223,private,false,
1803,C-001803,2024-10-02,DE,73627,private,false,
1804,C-001804,2024-12-19,DE,32091,private,true,
1805,C-001805,2024-10-23,DE,94188,private,true,
1806,C-001806,2026-02-21,DE,19952,private,true,
1807,C-001807,2024-02-11,DE,44520,private,false,
1808,C-001808,2023-10-26,DE,23582,private,true,
1809,C-001809,2024-08-24,DE,15344,private,true,
1810,C-001810,2024-05-18,DE,38701,private,true,
1811,C-001811,2024-05-17,AT,,private,false,
1812,C-001812,2024-08-30,DE,64332,business,false,
1813,C-001813,2026-02-13,DE,86139,private,false,
1814,C-001814,2025-03-29,DE,57706,private,false,
1815,C-001815,2024-06-23,DE,80827,private,false,
1816,C-001816,2025-01-01,DE,42361,private,true,
1817,C-001817,2026-01-07,DE,72355,business,false,
1818,C-001818,2026-01-01,DE,94536,private,false,
1819,C-001819,2026-02-08,AT,,private,true,
1820,C-001820,2025-07-31,DE,32458,private,false,
1821,C-001821,2023-02-15,DE,29382,private,true,
1822,C-001822,2023-05-11,DE,13614,business,false,
1823,C-001823,2025-10-02,DE,96743,private,true,
1824,C-001824,2025-07-14,DE,76578,private,true,
1825,C-001825,2025-04-13,DE,10888,private,false,
1826,C-001826,2023-04-19,DE,90458,private,true,
1827,C-001827,2023-05-11,DE,88843,private,false,
1828,C-001828,2024-01-03,AT,,business,false,
1829,C-001829,2024-11-10,DE,60783,private,false,
1830,C-001830,2025-04-14,DE,50789,private,false,
1831,C-001831,2024-12-28,DE,44144,private,true,
1832,C-001832,2025-04-02,DE,69208,private,false,
1833,C-001833,2023-07-12,DE,17752,business,false,
1834,C-001834,2025-02-03,DE,60430,business,false,2025-09-18 00:00:00
1835,C-001835,2024-09-19,DE,32595,private,false,
1836,C-001836,2024-01-22,DE,22709,private,false,
1837,C-001837,2023-11-13,DE,33264,private,false,
1838,C-001838,2025-11-05,DE,80462,private,true,
1839,C-001839,2023-09-04,DE,33647,private,true,
1840,C-001840,2025-11-27,DE,90372,business,true,
1841,C-001841,2024-11-21,CH,,private,false,
1842,C-001842,2025-07-06,CH,,private,true,
1843,C-001843,2023-10-17,DE,56965,private,true,
1844,C-001844,2023-05-01,AT,,private,false,
1845,C-001845,2023-07-22,AT,,business,false,
1846,C-001846,2026-02-27,DE,36336,private,true,
1847,C-001847,2024-08-01,DE,65878,private,true,
1848,C-001848,2025-04-07,DE,83564,business,true,
1849,C-001849,2025-09-18,DE,99660,private,false,
1850,C-001850,2023-04-23,DE,87000,business,false,
1851,C-001851,2026-03-15,DE,16187,private,false,
1852,C-001852,2024-09-12,DE,99674,private,false,
1853,C-001853,2025-06-07,DE,15861,private,true,
1854,C-001854,2024-03-15,DE,19563,private,false,
1855,C-001855,2024-02-21,DE,60002,private,false,
1856,C-001856,2024-02-26,AT,,business,true,
1857,C-001857,2024-11-08,CH,,private,false,
1858,C-001858,2025-04-03,DE,65422,private,true,
1859,C-001859,2026-03-14,DE,95634,private,true,
1860,C-001860,2024-07-12,DE,34837,business,false,
1861,C-001861,2025-09-26,DE,68868,business,false,
1862,C-001862,2023-09-21,DE,74033,private,false,
1863,C-001863,2023-05-17,DE,99247,private,false,
1864,C-001864,2025-03-26,DE,25650,private,false,
1865,C-001865,2025-03-19,AT,,private,false,
1866,C-001866,2025-10-16,DE,24602,private,true,
1867,C-001867,2024-04-13,DE,18834,private,true,
1868,C-001868,2024-05-10,DE,15380,private,false,
1869,C-001869,2025-10-28,DE,84553,private,true,
1870,C-001870,2023-01-30,CH,,private,false,
1871,C-001871,2024-12-18,DE,48247,private,true,
1872,C-001872,2025-11-01,DE,67523,private,true,
1873,C-001873,2023-02-21,AT,,business,true,
1874,C-001874,2026-02-14,DE,18536,private,true,
1875,C-001875,2025-04-19,DE,52160,business,false,
1876,C-001876,2025-01-28,DE,83755,private,false,2025-03-30 00:00:00
1877,C-001877,2023-04-30,DE,92350,private,true,
1878,C-001878,2023-03-14,DE,84906,business,false,
1879,C-001879,2025-03-01,DE,99506,private,false,
1880,C-001880,2025-10-01,DE,30072,private,false,
1881,C-001881,2025-07-19,DE,32852,private,true,
1882,C-001882,2025-03-06,CH,,private,true,
1883,C-001883,2024-09-06,DE,39751,private,false,
1884,C-001884,2025-04-03,DE,64752,private,true,
1885,C-001885,2025-08-01,DE,52730,private,true,
1886,C-001886,2025-03-27,DE,84499,private,true,
1887,C-001887,2024-02-03,CH,,private,false,
1888,C-001888,2025-08-06,DE,37985,private,false,
1889,C-001889,2025-03-15,DE,91735,business,false,
1890,C-001890,2025-04-24,DE,60369,private,false,
1891,C-001891,2025-11-25,DE,84369,private,true,
1892,C-001892,2023-12-19,DE,62674,private,false,
1893,C-001893,2026-03-23,DE,27112,private,false,
1894,C-001894,2025-09-23,DE,14627,private,false,
1895,C-001895,2023-07-18,DE,16914,business,true,
1896,C-001896,2024-11-09,AT,,private,false,
1897,C-001897,2023-11-05,CH,,private,true,
1898,C-001898,2024-10-08,DE,47976,private,false,
1899,C-001899,2024-09-13,DE,64419,private,false,
1900,C-001900,2023-08-31,DE,71547,private,true,
1901,C-001901,2024-07-29,DE,29221,private,false,
1902,C-001902,2025-06-30,DE,72505,business,false,
1903,C-001903,2023-12-16,DE,67794,private,false,
1904,C-001904,2026-03-17,DE,84289,private,false,
1905,C-001905,2024-12-05,AT,,private,false,
1906,C-001906,2023-10-04,DE,97674,private,false,
1907,C-001907,2024-02-08,CH,,private,false,
1908,C-001908,2023-06-20,DE,87374,private,false,
1909,C-001909,2025-05-05,CH,,private,true,
1910,C-001910,2025-12-01,AT,,business,true,
1911,C-001911,2024-05-04,DE,45761,private,false,
1912,C-001912,2025-07-27,DE,91811,private,true,
1913,C-001913,2023-01-22,DE,59809,business,true,
1914,C-001914,2025-03-06,DE,77185,private,false,
1915,C-001915,2025-05-19,DE,82401,private,false,
1916,C-001916,2024-01-31,DE,21114,private,false,
1917,C-001917,2024-10-14,AT,,private,true,
1918,C-001918,2023-08-08,DE,41056,private,true,
1919,C-001919,2023-06-28,AT,,business,true,
1920,C-001920,2023-05-25,DE,53371,private,false,
1921,C-001921,2023-08-05,DE,20637,business,true,
1922,C-001922,2024-01-16,DE,40549,private,true,
1923,C-001923,2024-03-06,DE,72396,business,true,
1924,C-001924,2024-02-09,DE,98625,private,false,
1925,C-001925,2023-05-06,DE,44506,private,true,
1926,C-001926,2023-10-22,AT,,private,true,
1927,C-001927,2023-06-05,DE,61729,private,false,
1928,C-001928,2024-08-30,DE,55188,private,true,
1929,C-001929,2024-05-08,DE,31137,private,false,
1930,C-001930,2023-05-13,DE,66373,private,false,
1931,C-001931,2023-06-13,DE,98408,private,false,
1932,C-001932,2023-06-30,DE,89364,private,false,
1933,C-001933,2023-05-15,DE,72973,private,true,
1934,C-001934,2025-01-28,DE,34941,private,true,
1935,C-001935,2024-04-12,DE,70508,business,true,
1936,C-001936,2024-10-26,AT,,private,false,
1937,C-001937,2025-08-09,DE,13208,private,false,
1938,C-001938,2023-10-13,DE,57934,private,false,
1939,C-001939,2023-01-29,DE,34105,private,false,
1940,C-001940,2024-03-20,DE,12841,private,true,
1941,C-001941,2025-10-15,DE,39850,private,false,
1942,C-001942,2024-01-25,DE,30948,private,false,
1943,C-001943,2025-09-25,CH,,business,false,
1944,C-001944,2024-10-24,DE,74779,private,true,
1945,C-001945,2024-03-19,DE,92635,business,true,
1946,C-001946,2024-09-28,DE,46948,private,true,
1947,C-001947,2024-11-29,DE,72065,private,false,
1948,C-001948,2023-05-10,DE,40597,private,true,
1949,C-001949,2024-10-02,DE,54663,private,false,
1950,C-001950,2026-03-28,DE,92926,private,false,
1951,C-001951,2026-03-18,CH,,private,false,
1952,C-001952,2024-05-25,DE,22528,private,true,
1953,C-001953,2025-02-25,DE,88983,private,true,
1954,C-001954,2024-06-28,DE,28754,private,true,
1955,C-001955,2025-01-15,AT,,business,true,
1956,C-001956,2024-11-01,DE,51947,private,false,
1957,C-001957,2025-09-19,CH,,private,false,
1958,C-001958,2024-01-21,CH,,private,true,
1959,C-001959,2024-02-04,DE,11430,private,true,
1960,C-001960,2024-09-02,DE,65236,private,true,
1961,C-001961,2023-06-11,DE,60072,private,false,
1962,C-001962,2026-02-11,DE,69761,private,true,
1963,C-001963,2024-07-19,DE,52310,private,true,
1964,C-001964,2023-02-04,DE,51322,private,false,
1965,C-001965,2025-02-07,DE,52809,private,false,
1966,C-001966,2023-03-12,DE,77070,private,false,
1967,C-001967,2023-04-25,DE,28338,private,false,
1968,C-001968,2023-11-07,DE,57227,private,false,
1969,C-001969,2025-01-01,DE,81448,private,false,
1970,C-001970,2023-05-08,DE,21727,private,true,
1971,C-001971,2024-02-29,DE,41360,business,false,
1972,C-001972,2023-04-26,DE,39559,private,true,
1973,C-001973,2025-09-07,DE,28045,private,true,
1974,C-001974,2025-10-22,DE,76879,private,false,
1975,C-001975,2024-08-16,DE,15259,private,false,
1976,C-001976,2024-02-14,DE,20567,private,false,2026-04-02 00:00:00
1977,C-001977,2025-01-23,DE,10963,private,true,
1978,C-001978,2024-07-30,DE,89641,private,true,
1979,C-001979,2024-06-08,DE,47405,private,true,
1980,C-001980,2025-07-13,DE,63174,private,false,
1981,C-001981,2024-02-24,DE,36946,business,false,
1982,C-001982,2024-02-14,DE,38094,private,true,
1983,C-001983,2024-09-13,DE,43073,business,false,
1984,C-001984,2024-03-20,DE,53769,private,true,
1985,C-001985,2024-02-27,DE,61216,private,false,
1986,C-001986,2023-12-05,AT,,private,false,
1987,C-001987,2024-05-23,DE,16557,business,true,
1988,C-001988,2023-01-23,CH,,private,true,
1989,C-001989,2026-03-09,CH,,business,true,
1990,C-001990,2025-05-16,DE,48989,private,true,
1991,C-001991,2023-03-13,AT,,private,true,
1992,C-001992,2024-02-24,DE,72456,private,false,
1993,C-001993,2023-12-24,DE,85992,business,true,
1994,C-001994,2026-02-15,DE,30092,business,false,
1995,C-001995,2024-03-17,DE,71040,private,true,
1996,C-001996,2025-04-24,DE,46808,business,false,
1997,C-001997,2024-07-30,DE,34650,private,true,
1998,C-001998,2024-04-25,DE,83821,private,false,
1999,C-001999,2025-06-10,DE,16198,private,false,
2000,C-002000,2024-08-09,DE,31482,private,false,
2001,C-002001,2025-02-03,DE,93796,private,false,
2002,C-002002,2024-12-11,DE,48331,private,true,
2003,C-002003,2023-10-30,DE,57229,private,false,
2004,C-002004,2025-06-03,DE,94602,private,true,
2005,C-002005,2025-08-13,DE,55017,private,false,
2006,C-002006,2025-11-03,AT,,private,true,
2007,C-002007,2023-11-23,AT,,private,false,
2008,C-002008,2025-03-22,DE,15502,private,true,
2009,C-002009,2025-11-30,DE,31587,business,false,
2010,C-002010,2024-04-09,DE,58932,private,false,
2011,C-002011,2026-01-28,CH,,private,false,
2012,C-002012,2024-12-20,DE,94397,private,false,
2013,C-002013,2025-07-18,DE,76127,private,false,
2014,C-002014,2023-08-09,DE,63230,private,false,
2015,C-002015,2024-09-12,AT,,private,true,
2016,C-002016,2023-02-18,DE,99192,private,true,
2017,C-002017,2023-05-27,DE,96715,private,true,
2018,C-002018,2025-04-05,DE,49817,private,true,
2019,C-002019,2025-05-27,DE,99013,private,false,
2020,C-002020,2025-10-03,CH,,private,true,
2021,C-002021,2025-08-27,AT,,private,false,
2022,C-002022,2024-12-19,CH,,private,false,
2023,C-002023,2025-09-25,DE,42163,business,true,
2024,C-002024,2023-07-12,DE,14501,private,true,
2025,C-002025,2024-10-23,DE,63819,private,false,
2026,C-002026,2023-07-14,DE,76361,private,false,
2027,C-002027,2025-06-29,DE,80210,private,true,
2028,C-002028,2023-04-10,DE,69208,business,false,
2029,C-002029,2024-08-23,AT,,business,false,
2030,C-002030,2023-11-14,CH,,business,false,
2031,C-002031,2025-03-04,DE,15750,private,false,
2032,C-002032,2024-09-11,DE,39980,private,false,
2033,C-002033,2025-06-29,DE,27301,private,true,
2034,C-002034,2026-02-26,DE,78835,private,false,
2035,C-002035,2025-01-24,DE,83044,business,false,
2036,C-002036,2025-05-14,DE,72210,business,false,
2037,C-002037,2025-04-01,DE,13160,private,false,
2038,C-002038,2023-11-28,DE,81554,private,true,
2039,C-002039,2025-02-03,DE,86299,private,false,
2040,C-002040,2025-04-26,DE,61211,business,true,
2041,C-002041,2023-01-23,DE,44850,private,true,
2042,C-002042,2025-12-22,DE,72965,private,true,
2043,C-002043,2024-03-13,DE,60837,private,false,
2044,C-002044,2026-02-06,DE,26640,private,false,
2045,C-002045,2025-11-10,DE,19514,private,false,
2046,C-002046,2026-03-05,DE,39536,private,false,
2047,C-002047,2024-06-21,DE,61724,private,true,
2048,C-002048,2023-02-26,DE,39454,private,true,
2049,C-002049,2023-09-18,DE,93275,private,false,
2050,C-002050,2023-11-19,DE,88619,private,false,
2051,C-002051,2023-03-05,DE,94069,private,false,
2052,C-002052,2023-03-23,DE,54758,private,false,
2053,C-002053,2024-09-13,AT,,private,false,
2054,C-002054,2025-08-20,DE,83424,private,false,
2055,C-002055,2026-03-21,DE,79827,private,false,
2056,C-002056,2025-11-24,DE,47872,business,false,
2057,C-002057,2025-11-17,DE,35069,private,true,
2058,C-002058,2024-12-14,CH,,private,true,
2059,C-002059,2024-07-24,DE,28255,private,false,
2060,C-002060,2024-08-27,DE,36799,private,false,
2061,C-002061,2025-08-05,DE,93701,private,false,
2062,C-002062,2024-05-20,DE,94866,private,false,
2063,C-002063,2025-10-14,DE,70172,private,false,
2064,C-002064,2026-01-05,DE,59356,private,true,
2065,C-002065,2026-02-01,CH,,business,true,
2066,C-002066,2025-10-10,DE,84377,private,false,
2067,C-002067,2025-05-11,DE,88023,business,false,
2068,C-002068,2023-08-10,DE,57360,private,true,
2069,C-002069,2023-04-22,DE,26701,business,true,
2070,C-002070,2023-07-16,AT,,private,true,
2071,C-002071,2026-03-06,DE,47249,business,false,
2072,C-002072,2025-05-30,DE,82432,private,false,
2073,C-002073,2024-12-25,AT,,private,false,
2074,C-002074,2024-03-26,DE,12285,private,true,
2075,C-002075,2023-11-25,DE,73734,private,false,
2076,C-002076,2023-09-13,DE,31711,private,true,
2077,C-002077,2023-12-22,AT,,private,true,
2078,C-002078,2025-06-10,DE,23155,private,true,
2079,C-002079,2023-06-17,DE,90616,private,true,
2080,C-002080,2025-02-17,DE,67232,private,true,
2081,C-002081,2025-12-09,DE,67958,business,false,
2082,C-002082,2024-02-25,DE,59501,private,false,
2083,C-002083,2023-12-11,DE,42606,private,true,
2084,C-002084,2024-08-18,AT,,private,false,
2085,C-002085,2026-02-27,DE,60969,private,false,
2086,C-002086,2026-03-16,DE,65592,private,false,
2087,C-002087,2023-07-03,DE,44060,private,true,
2088,C-002088,2025-09-07,DE,79590,private,false,
2089,C-002089,2024-02-05,AT,,private,true,
2090,C-002090,2023-07-04,DE,42819,private,false,
2091,C-002091,2023-06-12,DE,67133,private,true,
2092,C-002092,2024-07-24,AT,,private,false,
2093,C-002093,2023-05-17,DE,33061,business,true,
2094,C-002094,2024-08-13,DE,35609,private,false,
2095,C-002095,2023-06-07,DE,26270,business,false,
2096,C-002096,2025-08-05,DE,34485,private,true,
2097,C-002097,2024-05-18,DE,12715,private,true,
2098,C-002098,2025-10-22,DE,30435,business,true,
2099,C-002099,2023-09-28,DE,70608,private,true,
2100,C-002100,2024-05-18,DE,89431,private,false,
2101,C-002101,2023-03-28,DE,74219,private,true,
2102,C-002102,2025-03-19,DE,94849,private,false,
2103,C-002103,2025-11-30,DE,42955,private,false,
2104,C-002104,2025-12-08,CH,,private,false,
2105,C-002105,2023-03-16,DE,89219,private,true,
2106,C-002106,2025-04-24,DE,12102,private,true,
2107,C-002107,2024-03-17,DE,28329,private,true,
2108,C-002108,2024-09-10,DE,43150,private,false,
2109,C-002109,2025-09-23,DE,27093,private,true,
2110,C-002110,2025-05-01,CH,,private,true,
2111,C-002111,2023-07-27,DE,95646,business,false,
2112,C-002112,2025-06-06,DE,15311,private,false,
2113,C-002113,2025-09-08,DE,11449,private,true,
2114,C-002114,2023-07-27,DE,38664,private,true,
2115,C-002115,2025-12-03,DE,55472,private,true,
2116,C-002116,2024-10-30,DE,67461,business,false,
2117,C-002117,2025-09-25,DE,84232,private,false,
2118,C-002118,2025-11-02,DE,96588,private,false,
2119,C-002119,2025-06-19,DE,35733,private,true,
2120,C-002120,2023-07-10,DE,11587,private,true,
2121,C-002121,2023-09-30,DE,29876,private,false,
2122,C-002122,2025-05-24,DE,31416,private,false,2025-08-25 00:00:00
2123,C-002123,2023-03-18,DE,31706,private,true,
2124,C-002124,2025-10-07,DE,58774,private,false,
2125,C-002125,2025-08-18,CH,,private,false,
2126,C-002126,2024-11-08,DE,87303,private,true,
2127,C-002127,2025-12-01,DE,12913,private,false,
2128,C-002128,2025-06-07,DE,63046,private,false,
2129,C-002129,2023-04-16,CH,,private,false,
2130,C-002130,2023-10-31,DE,70862,private,true,
2131,C-002131,2023-11-10,AT,,private,false,
2132,C-002132,2025-03-29,DE,73068,private,true,
2133,C-002133,2023-05-16,DE,66645,private,true,
2134,C-002134,2023-11-12,DE,50371,private,true,
2135,C-002135,2024-04-27,DE,38053,private,false,
2136,C-002136,2025-04-10,DE,54054,private,true,
2137,C-002137,2023-11-23,DE,20788,private,false,
2138,C-002138,2023-01-18,DE,94930,private,false,
2139,C-002139,2023-11-08,CH,,business,true,
2140,C-002140,2025-01-21,DE,21471,private,false,
2141,C-002141,2023-03-24,DE,20793,private,true,
2142,C-002142,2023-03-22,DE,61231,private,true,
2143,C-002143,2025-10-01,DE,90312,private,false,
2144,C-002144,2024-08-05,DE,77487,private,false,
2145,C-002145,2023-07-16,DE,54388,private,true,
2146,C-002146,2023-11-30,DE,48489,private,true,
2147,C-002147,2025-04-01,DE,97327,private,false,
2148,C-002148,2024-10-30,DE,17700,private,false,
2149,C-002149,2023-08-30,DE,47024,private,true,
2150,C-002150,2024-11-12,DE,26071,private,false,
2151,C-002151,2026-02-04,DE,96007,private,false,
2152,C-002152,2023-03-11,DE,43053,private,true,
2153,C-002153,2025-03-08,DE,52412,private,false,
2154,C-002154,2025-07-09,DE,51259,private,false,
2155,C-002155,2026-03-06,AT,,private,false,
2156,C-002156,2024-05-28,DE,28394,private,false,
2157,C-002157,2024-05-06,DE,33660,private,true,
2158,C-002158,2025-05-05,DE,90593,business,true,
2159,C-002159,2025-02-02,DE,36438,business,false,
2160,C-002160,2024-03-08,DE,45841,private,false,
2161,C-002161,2025-12-23,DE,35776,private,false,
2162,C-002162,2025-06-09,DE,87460,private,true,
2163,C-002163,2026-01-25,DE,12348,private,false,
2164,C-002164,2025-04-14,DE,64689,private,true,
2165,C-002165,2025-08-07,AT,,private,true,
2166,C-002166,2024-04-01,DE,40077,private,false,
2167,C-002167,2024-06-04,DE,68884,business,true,
2168,C-002168,2024-05-04,DE,45865,private,false,
2169,C-002169,2026-01-01,DE,93888,private,false,
2170,C-002170,2024-09-19,DE,80004,private,false,
2171,C-002171,2026-02-05,DE,83499,business,true,
2172,C-002172,2024-11-03,DE,53093,private,true,
2173,C-002173,2024-05-17,CH,,business,true,
2174,C-002174,2024-06-12,DE,65895,private,true,
2175,C-002175,2024-02-22,DE,81082,private,false,
2176,C-002176,2026-01-28,DE,10436,business,true,
2177,C-002177,2024-05-05,DE,33458,private,false,
2178,C-002178,2023-08-21,DE,80070,private,false,
2179,C-002179,2025-08-10,DE,56695,private,false,
2180,C-002180,2023-07-08,DE,12389,private,true,
2181,C-002181,2023-06-26,CH,,private,true,
2182,C-002182,2025-12-31,DE,54588,private,false,
2183,C-002183,2025-03-08,DE,62751,private,false,
2184,C-002184,2024-03-10,DE,18768,private,false,
2185,C-002185,2024-04-09,AT,,private,false,
2186,C-002186,2025-07-26,DE,69363,private,true,
2187,C-002187,2024-01-21,DE,95028,private,false,
2188,C-002188,2024-11-24,DE,21170,private,false,
2189,C-002189,2023-10-02,AT,,private,false,
2190,C-002190,2023-10-06,DE,25696,private,false,
2191,C-002191,2023-03-08,DE,65789,private,true,
2192,C-002192,2024-08-23,DE,27946,business,false,
2193,C-002193,2024-06-12,DE,19751,private,true,
2194,C-002194,2025-12-23,DE,13427,private,false,
2195,C-002195,2024-08-06,DE,89024,private,false,
2196,C-002196,2023-07-25,DE,26217,business,true,
2197,C-002197,2024-01-10,DE,50827,private,true,
2198,C-002198,2026-01-31,DE,85675,private,true,
2199,C-002199,2026-01-23,DE,15339,private,true,
2200,C-002200,2024-09-30,AT,,private,false,
2201,C-002201,2023-04-17,DE,15573,business,false,2026-02-16 00:00:00
2202,C-002202,2025-08-18,DE,83556,private,true,
2203,C-002203,2024-05-22,DE,23614,private,false,
2204,C-002204,2023-02-04,DE,99449,private,true,
2205,C-002205,2025-11-09,DE,85588,private,false,
2206,C-002206,2024-01-20,DE,60913,private,false,
2207,C-002207,2024-01-30,AT,,private,true,
2208,C-002208,2025-04-22,AT,,private,true,
2209,C-002209,2023-09-13,DE,63155,private,false,2024-03-08 00:00:00
2210,C-002210,2024-01-27,DE,86048,private,false,
2211,C-002211,2023-09-03,CH,,private,false,
2212,C-002212,2024-05-26,DE,38591,private,false,
2213,C-002213,2024-07-20,CH,,private,false,
2214,C-002214,2023-01-29,DE,94929,private,false,
2215,C-002215,2023-09-10,AT,,private,false,
2216,C-002216,2024-07-17,DE,56291,private,false,
2217,C-002217,2024-01-21,AT,,private,false,
2218,C-002218,2024-07-14,DE,17810,private,false,
2219,C-002219,2025-07-28,DE,47151,private,true,
2220,C-002220,2024-07-26,DE,18558,private,false,
2221,C-002221,2025-07-19,DE,46125,private,false,
2222,C-002222,2025-09-03,CH,,private,false,
2223,C-002223,2023-10-01,DE,82318,private,false,
2224,C-002224,2025-11-09,DE,43398,private,true,
2225,C-002225,2023-07-22,DE,12660,private,false,
2226,C-002226,2023-05-09,DE,42020,private,true,
2227,C-002227,2026-02-12,AT,,private,false,
2228,C-002228,2025-10-14,CH,,business,false,
2229,C-002229,2026-02-08,DE,50152,private,false,
2230,C-002230,2025-05-20,DE,97796,private,false,
2231,C-002231,2026-03-03,DE,42097,business,false,
2232,C-002232,2024-10-27,DE,53703,private,false,
2233,C-002233,2025-10-06,DE,84076,private,true,
2234,C-002234,2023-10-08,DE,19516,private,true,
2235,C-002235,2023-07-30,DE,38119,private,false,
2236,C-002236,2024-03-23,DE,25765,business,true,
2237,C-002237,2024-07-28,DE,41025,private,false,
2238,C-002238,2023-09-01,DE,41615,private,false,
2239,C-002239,2023-04-01,DE,10833,private,true,
2240,C-002240,2025-09-29,DE,21627,private,false,
2241,C-002241,2025-10-28,DE,55738,private,true,
2242,C-002242,2024-12-31,DE,92209,private,true,
2243,C-002243,2026-03-16,DE,15925,private,true,
2244,C-002244,2024-01-03,DE,96725,private,true,
2245,C-002245,2025-07-09,DE,36760,private,true,
2246,C-002246,2025-01-20,DE,30175,private,true,
2247,C-002247,2023-05-10,AT,,private,true,
2248,C-002248,2023-03-13,DE,30648,private,false,
2249,C-002249,2024-03-09,DE,31782,private,false,
2250,C-002250,2024-06-29,DE,87553,private,false,
2251,C-002251,2024-11-06,AT,,private,false,
2252,C-002252,2026-03-07,DE,68336,private,true,
2253,C-002253,2024-07-25,DE,12625,private,false,
2254,C-002254,2024-02-06,DE,86205,private,false,
2255,C-002255,2023-08-25,DE,79932,private,true,
2256,C-002256,2023-08-20,DE,27723,private,false,
2257,C-002257,2023-04-19,DE,16652,private,true,
2258,C-002258,2025-11-07,AT,,private,true,
2259,C-002259,2023-06-21,DE,27849,private,true,
2260,C-002260,2024-01-01,DE,38902,private,false,
2261,C-002261,2023-07-03,DE,81660,private,true,
2262,C-002262,2023-06-14,DE,54260,private,true,
2263,C-002263,2023-03-03,DE,13172,business,true,
2264,C-002264,2023-03-04,DE,20625,private,false,
2265,C-002265,2023-06-19,DE,80651,private,false,
2266,C-002266,2025-01-30,DE,29631,private,false,
2267,C-002267,2024-12-24,DE,47992,private,false,
2268,C-002268,2024-08-21,DE,85547,business,false,
2269,C-002269,2026-01-10,DE,33032,private,false,
2270,C-002270,2024-08-14,DE,76472,private,true,
2271,C-002271,2025-06-09,DE,42192,business,true,
2272,C-002272,2025-02-12,DE,79472,private,true,
2273,C-002273,2023-11-04,DE,45312,private,true,
2274,C-002274,2025-11-13,DE,32313,private,false,
2275,C-002275,2026-03-27,DE,16951,business,false,
2276,C-002276,2025-04-12,DE,91014,private,false,
2277,C-002277,2024-12-28,DE,78920,business,false,
2278,C-002278,2024-01-14,DE,61337,business,false,
2279,C-002279,2024-06-01,AT,,private,false,
2280,C-002280,2023-01-11,DE,81758,private,false,
2281,C-002281,2025-08-28,DE,34600,private,false,
2282,C-002282,2025-12-18,DE,28546,private,true,
2283,C-002283,2025-03-30,DE,97752,private,true,
2284,C-002284,2024-09-21,DE,27106,private,true,
2285,C-002285,2025-01-24,DE,43010,private,false,
2286,C-002286,2023-06-18,DE,92789,business,true,
2287,C-002287,2025-03-09,DE,15546,private,true,
2288,C-002288,2024-01-18,DE,99546,private,false,
2289,C-002289,2024-01-18,DE,21089,private,false,
2290,C-002290,2025-08-20,DE,85459,private,true,
2291,C-002291,2025-12-22,DE,58283,private,false,
2292,C-002292,2024-05-09,DE,53457,private,true,
2293,C-002293,2023-10-02,DE,14920,private,true,
2294,C-002294,2024-08-16,DE,38329,business,false,
2295,C-002295,2024-03-03,CH,,private,true,
2296,C-002296,2024-10-07,AT,,private,false,
2297,C-002297,2023-07-29,DE,26223,private,false,
2298,C-002298,2026-01-19,DE,98969,private,true,
2299,C-002299,2024-02-10,DE,15139,private,false,
2300,C-002300,2025-04-12,AT,,private,false,
2301,C-002301,2025-10-31,DE,75625,private,false,
2302,C-002302,2025-04-13,DE,37355,private,false,2025-09-14 00:00:00
2303,C-002303,2023-02-24,CH,,business,true,
2304,C-002304,2023-08-18,DE,59452,private,false,2025-09-20 00:00:00
2305,C-002305,2024-11-14,DE,88128,private,true,
2306,C-002306,2023-09-03,CH,,private,false,
2307,C-002307,2024-03-13,DE,19994,private,true,
2308,C-002308,2024-09-29,DE,85370,private,false,
2309,C-002309,2024-08-10,DE,54951,private,true,
2310,C-002310,2023-02-24,DE,30667,private,false,
2311,C-002311,2024-03-17,DE,53934,private,true,
2312,C-002312,2024-11-22,DE,48528,business,false,
2313,C-002313,2023-09-24,DE,92638,private,false,
2314,C-002314,2023-02-13,DE,67064,private,false,
2315,C-002315,2023-04-05,DE,12355,business,false,
2316,C-002316,2023-03-28,CH,,private,true,
2317,C-002317,2025-01-09,DE,13574,private,true,
2318,C-002318,2025-03-02,DE,23100,private,true,
2319,C-002319,2023-12-26,DE,66333,private,true,
2320,C-002320,2025-11-08,DE,73605,private,true,
2321,C-002321,2025-05-19,DE,78746,private,true,
2322,C-002322,2024-06-24,DE,82683,private,true,
2323,C-002323,2023-01-11,DE,41119,private,false,
2324,C-002324,2025-09-03,AT,,private,false,
2325,C-002325,2025-04-14,DE,16999,private,true,
2326,C-002326,2023-07-29,DE,16224,private,false,
2327,C-002327,2025-11-05,DE,47455,private,false,
2328,C-002328,2026-03-21,DE,86401,business,false,
2329,C-002329,2023-12-06,DE,65146,private,false,
2330,C-002330,2026-03-18,DE,94115,private,false,
2331,C-002331,2025-07-23,DE,85927,private,true,
2332,C-002332,2025-02-25,DE,48588,private,true,
2333,C-002333,2023-02-13,DE,35487,private,false,
2334,C-002334,2023-12-25,AT,,business,false,
2335,C-002335,2024-04-01,DE,83380,private,false,
2336,C-002336,2023-04-23,DE,62165,private,false,
2337,C-002337,2023-08-30,DE,32795,private,false,
2338,C-002338,2024-03-18,DE,38887,private,false,
2339,C-002339,2024-10-29,DE,78184,private,true,
2340,C-002340,2023-10-11,DE,47316,private,true,
2341,C-002341,2023-01-07,AT,,private,false,
2342,C-002342,2023-10-19,AT,,private,false,
2343,C-002343,2023-10-29,DE,96627,private,false,
2344,C-002344,2024-06-28,DE,92621,private,false,
2345,C-002345,2023-05-30,AT,,private,false,
2346,C-002346,2023-07-21,DE,79272,private,true,
2347,C-002347,2024-10-04,DE,35171,private,false,
2348,C-002348,2024-06-30,DE,76719,private,false,
2349,C-002349,2024-07-10,DE,72707,business,true,
2350,C-002350,2024-04-03,DE,61024,private,false,
2351,C-002351,2023-05-09,CH,,business,false,
2352,C-002352,2024-02-18,DE,13340,private,false,
2353,C-002353,2023-04-09,CH,,private,true,
2354,C-002354,2023-06-14,DE,69393,private,false,
2355,C-002355,2025-04-15,DE,68106,private,false,
2356,C-002356,2025-04-22,DE,45405,business,true,
2357,C-002357,2023-02-04,AT,,private,false,
2358,C-002358,2023-04-30,DE,63955,private,true,
2359,C-002359,2023-09-24,DE,74499,private,false,
2360,C-002360,2025-08-29,AT,,private,false,
2361,C-002361,2023-05-17,DE,79931,private,true,
2362,C-002362,2024-06-22,DE,27388,private,true,
2363,C-002363,2024-10-05,DE,62600,private,true,
2364,C-002364,2023-08-11,DE,31531,private,false,
2365,C-002365,2023-07-28,DE,65299,private,true,
2366,C-002366,2024-05-02,AT,,private,true,
2367,C-002367,2026-01-23,DE,19743,private,true,
2368,C-002368,2026-01-21,DE,85865,private,true,
2369,C-002369,2024-10-23,DE,22388,private,true,
2370,C-002370,2025-06-02,DE,42784,private,true,
2371,C-002371,2023-07-28,DE,75491,private,false,
2372,C-002372,2025-11-17,DE,22093,private,true,
2373,C-002373,2025-10-03,AT,,private,false,
2374,C-002374,2024-02-01,DE,54582,private,false,
2375,C-002375,2025-10-03,DE,40360,private,false,
2376,C-002376,2026-01-09,DE,51738,business,false,
2377,C-002377,2025-04-16,DE,13003,private,false,
2378,C-002378,2025-10-06,DE,99226,private,false,
2379,C-002379,2023-09-01,DE,40926,private,false,
2380,C-002380,2025-04-09,DE,59298,private,false,2025-06-09 00:00:00
2381,C-002381,2026-01-12,DE,55783,private,true,
2382,C-002382,2024-11-02,DE,57977,business,true,
2383,C-002383,2023-01-31,DE,44722,private,false,
2384,C-002384,2025-04-09,DE,32834,private,false,
2385,C-002385,2023-05-29,CH,,private,false,
2386,C-002386,2023-03-22,DE,91715,private,false,
2387,C-002387,2026-01-14,DE,14952,private,true,
2388,C-002388,2024-11-08,DE,81078,private,false,
2389,C-002389,2025-06-06,CH,,private,false,
2390,C-002390,2024-08-20,DE,89918,private,false,
2391,C-002391,2025-11-14,DE,92059,business,true,
2392,C-002392,2026-01-22,DE,95830,private,false,
2393,C-002393,2025-06-22,DE,68665,private,true,
2394,C-002394,2025-03-10,DE,90685,private,false,
2395,C-002395,2025-07-14,DE,92289,private,false,
2396,C-002396,2025-08-02,DE,91741,private,true,
2397,C-002397,2026-03-22,AT,,private,false,
2398,C-002398,2023-09-23,DE,94319,private,false,
2399,C-002399,2025-12-25,DE,91946,private,true,
2400,C-002400,2024-05-01,DE,57232,private,false,
2401,C-002401,2025-03-10,DE,14015,private,false,
2402,C-002402,2023-09-13,DE,59090,private,true,
2403,C-002403,2024-07-03,DE,35704,private,true,
2404,C-002404,2023-10-15,DE,93092,private,true,
2405,C-002405,2023-09-30,DE,39123,private,false,
2406,C-002406,2024-02-03,DE,63071,private,false,
2407,C-002407,2023-12-03,DE,54287,private,false,
2408,C-002408,2025-09-16,DE,32525,private,true,
2409,C-002409,2025-04-06,CH,,private,false,
2410,C-002410,2025-01-27,DE,61277,private,false,
2411,C-002411,2025-01-26,DE,60630,private,false,
2412,C-002412,2026-02-18,DE,47657,private,false,
2413,C-002413,2024-06-19,DE,98529,private,false,
2414,C-002414,2025-11-15,AT,,business,false,
2415,C-002415,2025-09-18,DE,40935,private,false,
2416,C-002416,2024-07-05,DE,21561,business,true,
2417,C-002417,2024-10-28,DE,38389,business,false,
2418,C-002418,2023-12-22,DE,78750,private,false,
2419,C-002419,2023-07-19,DE,91365,private,false,
2420,C-002420,2024-06-28,CH,,private,false,
2421,C-002421,2024-08-03,CH,,private,true,
2422,C-002422,2025-07-24,DE,78645,private,false,
2423,C-002423,2025-08-26,DE,10881,private,false,
2424,C-002424,2024-07-10,DE,55654,private,false,
2425,C-002425,2025-04-03,DE,66118,private,true,
2426,C-002426,2025-05-02,DE,68953,private,false,
2427,C-002427,2026-01-08,DE,54287,private,true,
2428,C-002428,2025-11-10,DE,54503,private,false,
2429,C-002429,2025-05-14,CH,,private,true,
2430,C-002430,2024-08-12,DE,20876,private,false,
2431,C-002431,2025-05-26,CH,,business,false,2025-08-14 00:00:00
2432,C-002432,2023-03-29,DE,40420,private,false,
2433,C-002433,2023-05-29,CH,,private,false,
2434,C-002434,2023-08-26,DE,72983,private,true,2024-10-07 00:00:00
2435,C-002435,2023-03-11,DE,99390,private,false,
2436,C-002436,2023-07-25,DE,60570,private,false,
2437,C-002437,2025-10-01,DE,65452,private,false,
2438,C-002438,2025-07-08,AT,,private,false,
2439,C-002439,2025-04-26,DE,31981,business,true,
2440,C-002440,2025-01-25,DE,32658,private,true,
2441,C-002441,2026-01-17,DE,26553,business,true,
2442,C-002442,2024-02-14,DE,91797,private,false,
2443,C-002443,2023-07-09,DE,64443,private,false,
2444,C-002444,2024-06-21,DE,79797,private,false,
2445,C-002445,2023-12-05,DE,33192,private,false,
2446,C-002446,2024-01-06,AT,,private,true,
2447,C-002447,2025-01-13,DE,84870,private,true,
2448,C-002448,2023-03-08,DE,97789,private,false,
2449,C-002449,2025-07-17,DE,16959,private,true,
2450,C-002450,2026-01-30,AT,,private,false,
2451,C-002451,2023-12-26,DE,38478,private,true,
2452,C-002452,2026-03-02,DE,52706,private,false,
2453,C-002453,2024-01-08,DE,63993,private,false,
2454,C-002454,2023-12-17,CH,,private,false,
2455,C-002455,2023-06-04,DE,31831,private,false,
2456,C-002456,2024-10-27,DE,80800,private,true,
2457,C-002457,2024-02-21,DE,94489,private,true,
2458,C-002458,2025-08-06,DE,47990,private,true,
2459,C-002459,2024-05-21,CH,,private,true,
2460,C-002460,2025-10-17,DE,86318,private,true,
2461,C-002461,2025-06-17,DE,53399,private,false,
2462,C-002462,2024-05-19,DE,24747,private,false,
2463,C-002463,2024-03-14,DE,83179,private,true,
2464,C-002464,2025-11-28,DE,22917,private,false,
2465,C-002465,2023-10-03,DE,81824,private,false,
2466,C-002466,2024-01-21,DE,89505,private,true,
2467,C-002467,2025-08-11,DE,37601,private,false,
2468,C-002468,2025-02-01,DE,17979,private,true,
2469,C-002469,2023-03-24,DE,94594,private,true,
2470,C-002470,2023-06-17,DE,18704,private,false,
2471,C-002471,2024-12-11,AT,,private,true,
2472,C-002472,2023-07-11,DE,86923,private,false,
2473,C-002473,2024-12-14,DE,77027,business,true,
2474,C-002474,2024-01-30,DE,71616,private,false,
2475,C-002475,2023-06-19,DE,29029,private,true,
2476,C-002476,2025-03-25,DE,25476,private,true,
2477,C-002477,2025-07-31,DE,98268,private,true,
2478,C-002478,2023-07-02,DE,15485,private,true,
2479,C-002479,2023-09-05,DE,79357,business,true,
2480,C-002480,2025-06-15,CH,,private,false,
2481,C-002481,2023-03-17,DE,11757,private,true,
2482,C-002482,2024-01-02,DE,23582,private,false,
2483,C-002483,2023-11-03,DE,83188,private,true,
2484,C-002484,2025-03-19,DE,52813,private,true,2026-04-23 00:00:00
2485,C-002485,2023-10-03,DE,87516,private,true,
2486,C-002486,2024-02-01,DE,18653,private,false,
2487,C-002487,2023-01-03,DE,26803,private,false,
2488,C-002488,2025-10-13,AT,,private,true,
2489,C-002489,2023-10-18,DE,58062,private,true,
2490,C-002490,2025-03-04,DE,19823,private,true,
2491,C-002491,2023-11-16,DE,57424,private,false,
2492,C-002492,2023-11-28,DE,91189,private,true,
2493,C-002493,2023-05-06,DE,87438,private,true,
2494,C-002494,2023-02-15,DE,24029,private,false,
2495,C-002495,2024-12-02,DE,92802,private,true,
2496,C-002496,2023-01-16,DE,26343,private,true,
2497,C-002497,2023-02-04,DE,93864,private,false,
2498,C-002498,2025-07-13,DE,68040,private,true,
2499,C-002499,2024-12-13,DE,72858,private,true,
2500,C-002500,2023-08-06,DE,82737,private,false,2023-11-19 00:00:00
2501,C-002501,2023-05-02,DE,13492,private,false,
2502,C-002502,2025-04-24,DE,21793,business,true,
2503,C-002503,2025-09-28,DE,97843,private,false,
2504,C-002504,2025-01-20,DE,54920,private,true,
2505,C-002505,2023-05-05,DE,42309,private,true,
2506,C-002506,2023-04-21,DE,47712,private,true,
2507,C-002507,2025-01-09,CH,,private,false,
2508,C-002508,2025-03-31,DE,33819,private,true,
2509,C-002509,2024-12-15,DE,66293,private,true,
2510,C-002510,2024-06-03,DE,97955,private,false,
2511,C-002511,2024-02-15,DE,43321,private,false,
2512,C-002512,2025-06-14,AT,,private,true,
2513,C-002513,2023-05-12,DE,14205,private,false,
2514,C-002514,2023-04-28,CH,,private,false,
2515,C-002515,2024-11-07,DE,68580,business,true,
2516,C-002516,2025-09-21,DE,44431,private,true,2026-05-06 00:00:00
2517,C-002517,2024-04-28,DE,92716,private,true,
2518,C-002518,2024-07-06,DE,51506,private,false,
2519,C-002519,2023-12-19,DE,49010,private,false,
2520,C-002520,2025-10-14,AT,,private,false,
2521,C-002521,2024-04-03,DE,64339,private,false,
2522,C-002522,2025-02-21,DE,23051,private,true,
2523,C-002523,2023-11-01,DE,44887,private,true,
2524,C-002524,2024-05-23,DE,77552,private,true,
2525,C-002525,2024-08-15,DE,11921,private,false,
2526,C-002526,2023-05-18,DE,96549,private,true,
2527,C-002527,2023-10-13,DE,80851,private,false,
2528,C-002528,2023-12-18,DE,96411,private,false,
2529,C-002529,2023-02-26,DE,81532,private,true,
2530,C-002530,2023-06-21,DE,88049,private,false,
2531,C-002531,2025-10-30,AT,,private,false,
2532,C-002532,2023-08-18,DE,76014,private,true,
2533,C-002533,2024-08-16,AT,,private,false,
2534,C-002534,2026-01-24,AT,,private,true,
2535,C-002535,2023-09-04,DE,40557,private,true,
2536,C-002536,2026-03-15,CH,,private,true,
2537,C-002537,2026-01-09,DE,72168,private,true,
2538,C-002538,2024-10-17,DE,59840,business,false,
2539,C-002539,2026-02-27,DE,21014,private,true,
2540,C-002540,2023-11-20,DE,31672,private,false,
2541,C-002541,2025-05-17,DE,85837,private,false,
2542,C-002542,2025-09-04,DE,25455,business,true,
2543,C-002543,2024-06-13,AT,,business,false,
2544,C-002544,2025-05-24,DE,47239,private,false,
2545,C-002545,2026-02-06,DE,70324,private,true,
2546,C-002546,2025-03-26,DE,93840,private,false,
2547,C-002547,2024-08-02,AT,,private,false,
2548,C-002548,2025-05-29,DE,11522,private,true,
2549,C-002549,2023-11-10,DE,56605,business,true,
2550,C-002550,2024-05-12,AT,,private,false,
2551,C-002551,2025-10-26,CH,,private,false,
2552,C-002552,2025-03-30,DE,28017,private,false,
2553,C-002553,2024-06-13,DE,88897,private,false,
2554,C-002554,2026-03-25,DE,19680,business,false,
2555,C-002555,2024-03-15,CH,,business,false,
2556,C-002556,2024-05-23,DE,36813,private,false,
2557,C-002557,2025-04-14,DE,54791,private,false,
2558,C-002558,2024-01-18,CH,,business,true,
2559,C-002559,2023-07-13,DE,57227,private,false,
2560,C-002560,2024-07-24,DE,66219,private,true,
2561,C-002561,2024-10-13,DE,84346,private,false,
2562,C-002562,2025-05-02,DE,18563,business,false,
2563,C-002563,2025-11-22,DE,92639,private,false,
2564,C-002564,2023-03-27,DE,70519,private,false,
2565,C-002565,2026-02-02,DE,23708,private,false,
2566,C-002566,2024-04-08,AT,,private,false,
2567,C-002567,2024-06-26,DE,42633,private,false,
2568,C-002568,2025-03-21,DE,84346,private,true,
2569,C-002569,2024-10-01,DE,51098,private,true,
2570,C-002570,2023-04-11,DE,17679,private,false,
2571,C-002571,2025-09-05,CH,,private,false,
2572,C-002572,2023-04-02,DE,18109,business,true,
2573,C-002573,2024-04-10,AT,,private,false,
2574,C-002574,2024-02-29,DE,23108,private,false,
2575,C-002575,2025-11-20,DE,11006,private,false,
2576,C-002576,2023-04-11,DE,49152,private,false,
2577,C-002577,2025-12-22,CH,,private,true,
2578,C-002578,2025-02-07,DE,90398,private,false,
2579,C-002579,2025-06-09,DE,31211,private,true,
2580,C-002580,2023-01-30,AT,,private,true,
2581,C-002581,2025-09-30,DE,50438,private,false,
2582,C-002582,2024-10-15,CH,,private,false,
2583,C-002583,2025-05-20,DE,59972,private,true,
2584,C-002584,2023-09-25,AT,,private,false,
2585,C-002585,2023-04-21,DE,17038,private,false,
2586,C-002586,2023-01-19,DE,32925,private,true,
2587,C-002587,2023-11-08,DE,72700,private,false,
2588,C-002588,2025-08-28,DE,13637,private,true,
2589,C-002589,2023-08-01,DE,75976,private,false,
2590,C-002590,2024-05-29,DE,80366,private,true,
2591,C-002591,2023-01-31,DE,74819,private,false,
2592,C-002592,2026-02-18,DE,56971,private,true,
2593,C-002593,2025-06-28,CH,,private,false,
2594,C-002594,2023-10-04,CH,,private,true,
2595,C-002595,2025-05-20,DE,79305,private,false,
2596,C-002596,2024-05-29,DE,55314,private,false,
2597,C-002597,2025-03-01,AT,,private,false,
2598,C-002598,2023-12-12,DE,26175,private,false,
2599,C-002599,2026-02-15,DE,45173,private,true,
2600,C-002600,2023-04-07,DE,47382,private,true,
2601,C-002601,2025-08-14,DE,24601,private,true,
2602,C-002602,2023-10-14,CH,,private,false,
2603,C-002603,2026-01-05,DE,91368,private,false,
2604,C-002604,2023-06-23,DE,97097,private,true,
2605,C-002605,2024-08-24,DE,35117,private,true,
2606,C-002606,2026-02-10,DE,56351,private,false,
2607,C-002607,2023-01-26,DE,60728,business,false,
2608,C-002608,2024-05-20,AT,,private,false,
2609,C-002609,2025-03-02,DE,75934,private,true,
2610,C-002610,2023-10-24,DE,50053,private,true,
2611,C-002611,2023-01-25,DE,23610,private,false,
2612,C-002612,2025-11-20,DE,77395,private,false,
2613,C-002613,2023-05-18,AT,,private,true,
2614,C-002614,2025-01-06,DE,80134,private,false,
2615,C-002615,2025-01-10,DE,82413,private,false,
2616,C-002616,2023-08-08,DE,97755,private,false,
2617,C-002617,2024-10-18,DE,75842,private,true,
2618,C-002618,2025-11-15,DE,84435,private,false,
2619,C-002619,2025-05-21,CH,,private,false,
2620,C-002620,2023-05-05,DE,72828,private,false,
2621,C-002621,2023-08-03,DE,14774,private,true,
2622,C-002622,2023-07-03,AT,,private,false,
2623,C-002623,2024-06-01,DE,39672,private,true,
2624,C-002624,2025-07-09,DE,24775,private,false,
2625,C-002625,2026-01-30,DE,84262,private,false,
2626,C-002626,2024-03-06,CH,,private,false,
2627,C-002627,2026-03-29,DE,25331,private,true,
2628,C-002628,2023-01-31,DE,78422,private,true,
2629,C-002629,2025-03-01,DE,92756,private,true,
2630,C-002630,2026-02-17,AT,,private,false,
2631,C-002631,2026-01-26,DE,47848,private,true,
2632,C-002632,2023-05-07,AT,,private,false,
2633,C-002633,2024-05-14,DE,73253,business,false,
2634,C-002634,2024-07-19,DE,35557,private,false,
2635,C-002635,2024-10-06,DE,22800,private,false,
2636,C-002636,2023-03-13,DE,62989,private,false,
2637,C-002637,2024-01-09,DE,87113,private,true,
2638,C-002638,2025-02-15,DE,67135,business,true,
2639,C-002639,2025-06-05,CH,,private,false,
2640,C-002640,2023-01-27,AT,,private,true,
2641,C-002641,2023-07-04,DE,10207,private,false,
2642,C-002642,2025-07-04,DE,87526,business,false,
2643,C-002643,2024-07-04,DE,35512,private,false,2026-03-31 00:00:00
2644,C-002644,2025-05-30,DE,84379,private,false,
2645,C-002645,2026-03-02,DE,79200,private,false,
2646,C-002646,2024-04-24,DE,25507,private,false,
2647,C-002647,2025-08-25,DE,19522,private,false,
2648,C-002648,2025-01-15,DE,20162,private,false,
2649,C-002649,2026-03-12,DE,12919,private,false,
2650,C-002650,2023-06-28,DE,92714,private,false,
2651,C-002651,2025-12-05,DE,82521,private,true,2026-02-23 00:00:00
2652,C-002652,2023-01-12,DE,19547,private,false,
2653,C-002653,2025-08-02,DE,73787,private,false,
2654,C-002654,2025-07-24,DE,60475,business,false,
2655,C-002655,2024-01-14,DE,82276,business,false,
2656,C-002656,2023-10-24,DE,67113,private,false,
2657,C-002657,2024-06-29,DE,87022,private,false,
2658,C-002658,2023-06-02,DE,44646,private,false,
2659,C-002659,2025-01-20,DE,48489,private,false,
2660,C-002660,2025-02-02,DE,26569,private,true,
2661,C-002661,2023-01-06,AT,,private,false,
2662,C-002662,2023-01-01,DE,62336,business,false,
2663,C-002663,2024-03-25,AT,,private,false,
2664,C-002664,2025-07-29,DE,33281,private,true,
2665,C-002665,2025-10-27,DE,46699,private,true,
2666,C-002666,2023-01-11,DE,77726,private,false,
2667,C-002667,2024-01-10,DE,65008,private,false,
2668,C-002668,2023-05-29,DE,58908,private,false,
2669,C-002669,2023-01-13,DE,17733,business,true,
2670,C-002670,2023-07-07,DE,70794,private,true,
2671,C-002671,2023-08-12,CH,,private,true,
2672,C-002672,2023-03-31,DE,16978,private,false,
2673,C-002673,2026-03-12,DE,87810,business,false,
2674,C-002674,2024-10-04,DE,95674,business,false,
2675,C-002675,2023-06-27,AT,,private,true,
2676,C-002676,2024-08-23,DE,64159,private,false,
2677,C-002677,2026-02-11,DE,43697,private,false,
2678,C-002678,2024-07-25,CH,,private,false,
2679,C-002679,2025-11-20,AT,,private,true,
2680,C-002680,2026-01-07,DE,43792,private,false,
2681,C-002681,2024-11-11,DE,39069,private,false,
2682,C-002682,2024-01-11,DE,57178,private,true,
2683,C-002683,2025-06-15,DE,29842,private,false,
2684,C-002684,2025-05-11,DE,15101,private,true,
2685,C-002685,2025-05-29,DE,42947,private,true,
2686,C-002686,2024-09-05,CH,,private,false,
2687,C-002687,2024-10-13,DE,49048,private,false,
2688,C-002688,2025-04-11,AT,,private,true,
2689,C-002689,2025-06-28,AT,,private,true,
2690,C-002690,2024-11-18,DE,33956,private,true,
2691,C-002691,2023-01-20,DE,24043,private,true,
2692,C-002692,2023-03-29,DE,88654,private,false,
2693,C-002693,2023-07-28,AT,,business,true,
2694,C-002694,2025-11-05,CH,,business,false,2026-03-29 00:00:00
2695,C-002695,2024-08-27,DE,33219,private,true,
2696,C-002696,2023-12-11,DE,51304,private,false,
2697,C-002697,2024-07-02,DE,97406,business,true,2024-11-23 00:00:00
2698,C-002698,2023-10-04,DE,56837,private,false,
2699,C-002699,2023-05-02,DE,16655,private,false,
2700,C-002700,2023-06-11,DE,55485,private,false,
2701,C-002701,2024-06-15,DE,15744,private,true,
2702,C-002702,2025-10-05,DE,87982,private,true,
2703,C-002703,2026-02-01,DE,94399,private,false,
2704,C-002704,2023-02-27,AT,,private,false,
2705,C-002705,2025-03-15,DE,11599,private,true,
2706,C-002706,2024-02-21,DE,14119,private,true,
2707,C-002707,2024-03-15,DE,18442,private,false,
2708,C-002708,2023-05-28,DE,95713,private,false,
2709,C-002709,2024-11-20,AT,,private,true,
2710,C-002710,2024-12-09,DE,29203,private,true,
2711,C-002711,2023-04-04,DE,84631,business,true,
2712,C-002712,2026-03-28,DE,81761,business,false,
2713,C-002713,2023-05-01,DE,41671,private,false,
2714,C-002714,2025-09-07,DE,38548,private,true,
2715,C-002715,2024-02-01,DE,59147,private,false,
2716,C-002716,2024-04-05,DE,30601,private,false,
2717,C-002717,2024-11-15,DE,19552,private,false,
2718,C-002718,2025-10-07,DE,34070,private,true,
2719,C-002719,2024-08-08,DE,34480,private,true,
2720,C-002720,2026-03-18,DE,22484,private,false,
2721,C-002721,2023-05-23,DE,65280,private,false,
2722,C-002722,2023-04-06,DE,64264,business,false,
2723,C-002723,2025-11-11,DE,60335,business,false,
2724,C-002724,2025-03-15,DE,53845,private,false,2026-04-26 00:00:00
2725,C-002725,2025-07-23,DE,81176,private,false,
2726,C-002726,2025-07-12,DE,87803,private,true,
2727,C-002727,2025-05-17,DE,64929,private,true,
2728,C-002728,2024-01-02,DE,78244,private,true,
2729,C-002729,2024-01-18,DE,88097,private,false,
2730,C-002730,2023-09-16,DE,31247,private,true,
2731,C-002731,2024-04-07,DE,32052,private,true,
2732,C-002732,2023-07-22,DE,78738,private,false,
2733,C-002733,2023-09-12,DE,84126,private,false,
2734,C-002734,2023-07-13,DE,58683,private,false,
2735,C-002735,2024-11-11,DE,70784,business,false,
2736,C-002736,2025-08-21,DE,16598,private,true,
2737,C-002737,2024-11-26,AT,,private,false,
2738,C-002738,2024-03-18,DE,86268,private,false,
2739,C-002739,2025-09-09,AT,,private,true,
2740,C-002740,2024-09-28,AT,,private,false,
2741,C-002741,2025-09-03,DE,80340,business,false,
2742,C-002742,2023-09-19,DE,30380,private,true,
2743,C-002743,2023-05-02,DE,37711,private,false,
2744,C-002744,2023-09-27,AT,,private,false,
2745,C-002745,2025-01-07,DE,92221,private,false,
2746,C-002746,2023-01-27,DE,29564,private,false,
2747,C-002747,2024-03-24,AT,,private,false,
2748,C-002748,2023-09-18,DE,27123,business,true,
2749,C-002749,2025-10-27,DE,35826,private,true,
2750,C-002750,2023-01-06,DE,40252,private,true,
2751,C-002751,2025-06-20,DE,80420,private,false,
2752,C-002752,2024-04-04,DE,88409,business,true,
2753,C-002753,2023-07-03,DE,71561,private,false,
2754,C-002754,2024-09-03,DE,79584,private,false,
2755,C-002755,2024-03-22,DE,80937,private,true,
2756,C-002756,2024-07-19,DE,36610,private,true,
2757,C-002757,2023-08-31,DE,58309,business,true,
2758,C-002758,2025-05-05,AT,,private,false,
2759,C-002759,2023-03-25,DE,77127,private,false,
2760,C-002760,2025-03-17,DE,43388,business,false,
2761,C-002761,2024-09-07,DE,99765,private,false,
2762,C-002762,2024-09-19,DE,11118,private,true,
2763,C-002763,2024-09-11,DE,32143,private,false,
2764,C-002764,2025-02-28,DE,29248,private,true,
2765,C-002765,2024-06-07,DE,55026,private,true,
2766,C-002766,2026-02-10,DE,77271,private,true,
2767,C-002767,2023-03-22,DE,90963,private,false,
2768,C-002768,2023-07-20,DE,50781,private,true,
2769,C-002769,2023-06-23,DE,83361,private,true,
2770,C-002770,2024-11-24,DE,46927,private,false,
2771,C-002771,2025-08-01,CH,,private,true,
2772,C-002772,2025-12-24,DE,14552,private,false,
2773,C-002773,2024-05-08,DE,75471,private,true,
2774,C-002774,2025-04-10,DE,61171,private,true,
2775,C-002775,2026-02-28,DE,45160,private,false,
2776,C-002776,2024-11-18,CH,,private,true,
2777,C-002777,2025-08-25,CH,,private,true,
2778,C-002778,2025-10-26,DE,26577,private,false,
2779,C-002779,2023-06-11,DE,11038,private,true,
2780,C-002780,2026-03-18,DE,76590,private,false,
2781,C-002781,2023-06-29,DE,58655,private,true,
2782,C-002782,2026-03-25,DE,41395,private,false,
2783,C-002783,2023-01-28,DE,87136,private,true,
2784,C-002784,2023-09-01,DE,97516,private,false,
2785,C-002785,2024-06-26,DE,64454,private,true,
2786,C-002786,2023-08-27,DE,17318,private,true,
2787,C-002787,2025-07-16,DE,99216,private,false,
2788,C-002788,2023-02-07,DE,79576,private,false,
2789,C-002789,2024-12-30,AT,,private,true,
2790,C-002790,2026-01-29,DE,37409,private,false,
2791,C-002791,2025-01-12,DE,76255,private,false,
2792,C-002792,2025-08-01,DE,16371,private,false,
2793,C-002793,2023-08-19,DE,98697,private,true,
2794,C-002794,2023-02-21,DE,29344,private,true,
2795,C-002795,2024-03-31,AT,,private,true,
2796,C-002796,2024-10-25,DE,18119,private,true,
2797,C-002797,2023-04-06,AT,,private,true,
2798,C-002798,2025-06-18,CH,,business,false,
2799,C-002799,2025-11-29,DE,99445,business,true,
2800,C-002800,2023-12-31,DE,35541,business,true,
2801,C-002801,2023-09-03,DE,26176,private,true,
2802,C-002802,2024-03-21,DE,31558,private,false,
2803,C-002803,2023-03-13,DE,30207,private,false,
2804,C-002804,2025-11-27,DE,34443,private,false,
2805,C-002805,2026-03-24,DE,58959,private,false,
2806,C-002806,2024-12-22,AT,,private,false,
2807,C-002807,2023-10-31,DE,90733,private,false,
2808,C-002808,2024-01-25,AT,,private,true,
2809,C-002809,2025-08-28,DE,56404,private,false,
2810,C-002810,2024-04-06,DE,14555,private,true,
2811,C-002811,2025-08-19,DE,77036,private,false,
2812,C-002812,2024-01-19,DE,30761,private,false,
2813,C-002813,2024-02-14,DE,23077,business,false,
2814,C-002814,2024-12-26,DE,83174,private,false,
2815,C-002815,2026-02-21,DE,97322,private,true,
2816,C-002816,2025-06-09,AT,,private,false,
2817,C-002817,2025-04-04,DE,37501,private,false,
2818,C-002818,2024-03-19,CH,,private,true,
2819,C-002819,2025-11-07,DE,30180,business,false,
2820,C-002820,2024-12-09,DE,97163,private,false,
2821,C-002821,2024-01-13,DE,90993,private,false,
2822,C-002822,2024-11-22,DE,93287,private,false,
2823,C-002823,2025-09-07,AT,,private,false,
2824,C-002824,2023-04-24,DE,40974,private,false,
2825,C-002825,2023-01-13,DE,25994,private,false,
2826,C-002826,2026-02-24,DE,60510,business,false,
2827,C-002827,2023-12-24,DE,40046,business,false,
2828,C-002828,2026-03-15,AT,,private,true,
2829,C-002829,2024-07-20,DE,32843,business,true,
2830,C-002830,2023-05-18,DE,84216,private,false,
2831,C-002831,2024-12-01,DE,85527,private,false,
2832,C-002832,2025-02-08,DE,56891,private,true,
2833,C-002833,2024-01-14,DE,66963,private,false,2024-09-02 00:00:00
2834,C-002834,2023-11-21,DE,27819,business,false,
2835,C-002835,2023-07-03,DE,66360,business,true,
2836,C-002836,2025-04-06,DE,78579,private,false,
2837,C-002837,2025-08-29,DE,20473,private,false,
2838,C-002838,2024-01-15,DE,54448,private,false,
2839,C-002839,2026-03-27,CH,,private,false,
2840,C-002840,2024-12-22,DE,84929,private,true,
2841,C-002841,2024-09-24,DE,50470,private,false,
2842,C-002842,2024-01-21,DE,53892,private,false,
2843,C-002843,2024-01-08,DE,56133,private,true,
2844,C-002844,2023-02-18,DE,83798,private,true,
2845,C-002845,2025-07-23,DE,28386,private,true,
2846,C-002846,2025-05-11,CH,,private,true,
2847,C-002847,2025-06-10,DE,50568,private,false,
2848,C-002848,2023-07-02,DE,14426,private,false,
2849,C-002849,2024-06-10,AT,,business,false,
2850,C-002850,2024-03-27,DE,84061,business,false,
2851,C-002851,2025-05-23,DE,93229,private,false,
2852,C-002852,2026-03-04,DE,36986,private,false,
2853,C-002853,2023-04-12,DE,55844,private,false,
2854,C-002854,2023-08-14,DE,49283,private,false,
2855,C-002855,2024-04-25,CH,,private,false,
2856,C-002856,2026-02-20,AT,,private,false,
2857,C-002857,2024-07-30,DE,44304,private,true,
2858,C-002858,2024-08-21,DE,50023,private,true,
2859,C-002859,2023-09-06,DE,41779,private,false,
2860,C-002860,2024-06-13,DE,63728,private,true,
2861,C-002861,2024-06-24,DE,32457,private,false,
2862,C-002862,2023-10-27,DE,72525,private,false,
2863,C-002863,2024-03-23,CH,,private,false,
2864,C-002864,2025-12-05,DE,11045,private,true,
2865,C-002865,2026-03-15,DE,15682,business,true,
2866,C-002866,2025-09-07,DE,92614,private,false,
2867,C-002867,2025-04-25,DE,26470,private,false,
2868,C-002868,2023-03-18,DE,49896,business,true,
2869,C-002869,2025-02-20,AT,,private,false,
2870,C-002870,2023-02-26,DE,25046,private,true,
2871,C-002871,2024-02-22,DE,79306,private,false,
2872,C-002872,2025-03-13,DE,10303,private,false,
2873,C-002873,2026-02-11,CH,,private,true,
2874,C-002874,2024-03-23,CH,,private,true,
2875,C-002875,2024-06-15,DE,81046,private,true,
2876,C-002876,2026-02-01,DE,63398,private,true,
2877,C-002877,2023-11-19,CH,,private,true,
2878,C-002878,2024-09-26,DE,12453,private,false,
2879,C-002879,2024-09-08,DE,98447,private,false,
2880,C-002880,2025-03-22,DE,95344,private,true,
2881,C-002881,2024-10-04,DE,86358,private,false,
2882,C-002882,2023-04-13,DE,73870,private,true,
2883,C-002883,2025-06-16,AT,,business,true,
2884,C-002884,2024-09-10,DE,58052,private,true,
2885,C-002885,2023-04-07,DE,61228,private,false,
2886,C-002886,2024-11-23,DE,30903,private,false,
2887,C-002887,2024-02-12,DE,11221,private,true,
2888,C-002888,2023-10-07,DE,36792,private,false,
2889,C-002889,2023-01-21,DE,18876,private,true,
2890,C-002890,2023-09-09,DE,11403,private,false,
2891,C-002891,2025-06-15,AT,,private,false,
2892,C-002892,2024-10-07,DE,37604,private,true,
2893,C-002893,2023-04-25,DE,82892,private,false,
2894,C-002894,2024-06-13,DE,27276,private,true,
2895,C-002895,2023-04-06,DE,86221,private,true,
2896,C-002896,2023-02-03,DE,27354,private,false,
2897,C-002897,2024-08-22,DE,64209,private,false,
2898,C-002898,2024-06-14,DE,72427,private,false,
2899,C-002899,2025-10-11,DE,88737,private,true,
2900,C-002900,2024-01-10,AT,,business,true,
2901,C-002901,2026-01-04,AT,,private,false,
2902,C-002902,2023-10-31,DE,88485,private,true,
2903,C-002903,2023-03-24,DE,79963,private,false,
2904,C-002904,2024-07-31,DE,42427,private,false,
2905,C-002905,2025-09-21,DE,34419,private,false,
2906,C-002906,2023-07-24,DE,77307,business,true,
2907,C-002907,2023-03-27,DE,90503,private,false,
2908,C-002908,2023-04-13,DE,16485,private,false,
2909,C-002909,2025-09-19,DE,29798,business,false,
2910,C-002910,2024-12-22,DE,33357,private,false,
2911,C-002911,2024-10-13,DE,33003,private,true,
2912,C-002912,2023-10-19,AT,,private,false,
2913,C-002913,2026-02-15,DE,28919,private,true,
2914,C-002914,2023-08-20,DE,87477,private,true,
2915,C-002915,2025-02-22,AT,,private,true,
2916,C-002916,2026-01-10,DE,12427,private,true,
2917,C-002917,2024-09-16,DE,53331,private,false,
2918,C-002918,2023-01-25,DE,90458,business,true,
2919,C-002919,2025-02-12,DE,51054,private,true,
2920,C-002920,2024-01-24,DE,33810,private,true,
2921,C-002921,2025-03-24,DE,51488,private,true,
2922,C-002922,2025-04-28,DE,32347,private,false,
2923,C-002923,2023-11-24,AT,,private,true,
2924,C-002924,2025-03-28,DE,95736,business,false,
2925,C-002925,2025-01-25,DE,19350,private,true,
2926,C-002926,2024-10-22,AT,,private,false,
2927,C-002927,2023-11-07,DE,40486,private,false,
2928,C-002928,2025-06-11,DE,32591,private,false,
2929,C-002929,2024-08-30,DE,53938,private,true,
2930,C-002930,2024-06-14,DE,35497,business,false,
2931,C-002931,2024-02-24,DE,15715,private,false,
2932,C-002932,2024-07-12,DE,18419,private,true,
2933,C-002933,2023-06-21,DE,19996,private,false,
2934,C-002934,2025-02-01,DE,58822,private,false,
2935,C-002935,2026-01-07,DE,62620,private,false,
2936,C-002936,2024-09-02,AT,,business,false,
2937,C-002937,2024-06-20,DE,27506,business,true,
2938,C-002938,2023-01-02,DE,75251,private,false,
2939,C-002939,2025-06-24,DE,60818,private,false,
2940,C-002940,2025-04-02,DE,25565,private,false,
2941,C-002941,2025-06-10,DE,28469,private,false,
2942,C-002942,2025-06-12,DE,15960,private,true,2025-09-12 00:00:00
2943,C-002943,2024-08-05,DE,46884,private,true,
2944,C-002944,2025-09-21,CH,,private,false,
2945,C-002945,2023-08-18,DE,63248,private,false,
2946,C-002946,2024-07-22,DE,36104,private,false,
2947,C-002947,2023-08-16,DE,63716,business,true,
2948,C-002948,2023-02-12,DE,55591,private,false,
2949,C-002949,2024-02-07,DE,22630,private,true,
2950,C-002950,2023-01-08,DE,79397,business,false,
2951,C-002951,2024-04-26,DE,64778,business,true,
2952,C-002952,2023-12-17,DE,62180,private,false,
2953,C-002953,2025-12-29,DE,41990,private,false,
2954,C-002954,2024-04-10,DE,75745,private,false,
2955,C-002955,2025-02-28,DE,63413,private,true,
2956,C-002956,2023-06-20,DE,62755,private,false,
2957,C-002957,2023-12-29,DE,24242,business,false,
2958,C-002958,2023-01-02,CH,,private,false,
2959,C-002959,2024-02-16,AT,,private,true,
2960,C-002960,2025-11-06,DE,88654,private,false,
2961,C-002961,2023-05-10,DE,12593,private,false,
2962,C-002962,2025-04-11,CH,,private,true,
2963,C-002963,2025-05-15,DE,93205,private,false,
2964,C-002964,2026-01-07,DE,19838,private,false,
2965,C-002965,2023-09-18,DE,75951,private,false,
2966,C-002966,2023-08-15,DE,42368,private,false,
2967,C-002967,2026-01-13,DE,12180,private,false,
2968,C-002968,2023-11-05,DE,79974,private,false,
2969,C-002969,2025-02-26,DE,28135,private,true,
2970,C-002970,2024-10-24,DE,31300,private,false,
2971,C-002971,2024-12-04,DE,11183,private,false,
2972,C-002972,2025-06-29,DE,68333,private,false,
2973,C-002973,2024-07-03,DE,49913,private,false,
2974,C-002974,2023-05-09,DE,10504,private,true,
2975,C-002975,2026-02-07,DE,83288,private,false,
2976,C-002976,2024-12-21,DE,76723,private,true,
2977,C-002977,2024-02-01,DE,70560,private,false,
2978,C-002978,2024-05-11,DE,62254,private,false,
2979,C-002979,2026-01-03,DE,79953,business,true,
2980,C-002980,2023-02-27,DE,93887,private,false,
2981,C-002981,2025-11-20,DE,14115,private,true,
2982,C-002982,2023-12-02,DE,82466,private,true,
2983,C-002983,2023-05-06,DE,56998,private,true,
2984,C-002984,2025-12-01,DE,82816,private,false,
2985,C-002985,2024-01-25,AT,,private,true,
2986,C-002986,2026-01-12,DE,23891,private,false,
2987,C-002987,2026-02-07,DE,68599,private,true,
2988,C-002988,2025-01-28,AT,,business,true,
2989,C-002989,2025-03-10,DE,88176,private,false,
2990,C-002990,2024-12-29,DE,48375,business,false,
2991,C-002991,2023-07-18,DE,80957,private,true,
2992,C-002992,2024-08-25,DE,12556,private,false,
2993,C-002993,2023-08-31,DE,14093,private,false,
2994,C-002994,2023-08-20,DE,16239,private,true,
2995,C-002995,2024-04-17,DE,88833,private,false,
2996,C-002996,2023-03-30,DE,62542,private,true,
2997,C-002997,2025-02-05,DE,26521,private,true,
2998,C-002998,2023-08-28,DE,27947,private,false,
2999,C-002999,2024-10-07,CH,,private,true,
3000,C-003000,2023-09-13,DE,96495,private,true,
3001,C-003001,2024-08-26,DE,60960,business,false,
3002,C-003002,2024-09-13,DE,88745,private,true,
3003,C-003003,2025-06-14,DE,39520,business,false,
3004,C-003004,2024-10-02,DE,55573,private,false,
3005,C-003005,2024-03-22,DE,10435,private,false,
3006,C-003006,2024-05-25,DE,18911,private,false,
3007,C-003007,2025-08-25,DE,74835,private,true,
3008,C-003008,2023-11-18,DE,90935,private,false,
3009,C-003009,2024-12-10,DE,33716,private,true,
3010,C-003010,2024-09-17,DE,23291,private,true,
3011,C-003011,2025-04-11,DE,68802,private,false,
3012,C-003012,2023-05-17,DE,57614,private,false,
3013,C-003013,2024-09-23,DE,40188,private,false,
3014,C-003014,2025-01-19,DE,79327,private,true,
3015,C-003015,2024-08-28,DE,49358,private,false,
3016,C-003016,2026-03-15,DE,14803,private,false,
3017,C-003017,2024-11-13,DE,79448,private,true,
3018,C-003018,2024-03-21,DE,94450,private,true,
3019,C-003019,2025-12-03,AT,,private,false,
3020,C-003020,2025-08-29,DE,56219,private,false,
3021,C-003021,2023-12-23,DE,66989,private,true,
3022,C-003022,2024-01-12,DE,50072,business,true,
3023,C-003023,2025-04-16,DE,73259,private,false,
3024,C-003024,2025-11-14,DE,99857,private,false,
3025,C-003025,2025-09-06,DE,72808,private,true,
3026,C-003026,2025-06-25,DE,18559,private,false,
3027,C-003027,2024-09-27,DE,43679,private,true,
3028,C-003028,2025-02-09,DE,89900,private,false,
3029,C-003029,2026-03-23,DE,88063,business,true,
3030,C-003030,2026-02-08,DE,99621,private,true,
3031,C-003031,2024-11-28,DE,78428,private,false,
3032,C-003032,2024-08-17,AT,,private,true,
3033,C-003033,2025-11-19,DE,97817,private,false,
3034,C-003034,2025-07-26,DE,74261,private,false,
3035,C-003035,2024-11-03,DE,77936,private,false,
3036,C-003036,2023-08-16,AT,,business,true,
3037,C-003037,2025-08-05,DE,19696,private,false,
3038,C-003038,2023-10-09,DE,69225,private,false,
3039,C-003039,2023-06-17,DE,44431,private,false,
3040,C-003040,2024-11-04,DE,75056,private,false,
3041,C-003041,2023-11-24,DE,38526,private,false,
3042,C-003042,2023-03-02,DE,24952,private,false,
3043,C-003043,2023-06-17,DE,20457,private,false,
3044,C-003044,2024-07-17,CH,,private,true,
3045,C-003045,2026-03-19,DE,16159,private,true,
3046,C-003046,2025-01-28,DE,37227,private,false,
3047,C-003047,2024-03-28,AT,,private,false,
3048,C-003048,2025-10-30,DE,11558,business,false,
3049,C-003049,2024-10-14,DE,25972,private,true,
3050,C-003050,2026-03-24,DE,79813,private,true,
3051,C-003051,2023-09-15,AT,,private,true,
3052,C-003052,2024-10-07,DE,79614,private,false,
3053,C-003053,2024-11-02,AT,,private,false,
3054,C-003054,2023-03-29,DE,70429,business,true,
3055,C-003055,2024-02-28,DE,79590,private,false,
3056,C-003056,2025-10-13,DE,38446,private,true,
3057,C-003057,2024-12-15,DE,41718,private,false,
3058,C-003058,2023-05-04,DE,66387,private,false,
3059,C-003059,2023-07-05,DE,95283,private,false,
3060,C-003060,2024-11-15,AT,,private,true,
3061,C-003061,2024-01-16,DE,42256,private,true,
3062,C-003062,2025-03-15,CH,,private,false,
3063,C-003063,2024-05-06,DE,87922,private,true,
3064,C-003064,2025-05-13,CH,,private,false,
3065,C-003065,2024-05-25,DE,19003,private,true,
3066,C-003066,2025-04-24,DE,52379,private,false,
3067,C-003067,2024-02-24,DE,44812,private,false,
3068,C-003068,2023-03-29,CH,,private,true,
3069,C-003069,2026-01-24,DE,73780,private,true,
3070,C-003070,2025-05-09,DE,44510,private,false,
3071,C-003071,2024-06-14,DE,87591,private,false,
3072,C-003072,2024-10-11,DE,15885,private,false,
3073,C-003073,2025-05-06,DE,89536,private,false,
3074,C-003074,2023-01-08,DE,90434,private,false,
3075,C-003075,2025-11-08,DE,24665,private,true,
3076,C-003076,2024-04-30,AT,,private,false,
3077,C-003077,2023-10-06,AT,,private,true,
3078,C-003078,2025-05-20,DE,60298,private,false,
3079,C-003079,2024-07-08,DE,37297,private,true,
3080,C-003080,2025-10-28,DE,71589,private,false,
3081,C-003081,2025-06-26,DE,38108,private,false,
3082,C-003082,2025-04-08,DE,40480,private,true,
3083,C-003083,2023-01-18,DE,35297,private,true,
3084,C-003084,2025-11-15,AT,,private,false,
3085,C-003085,2023-09-19,DE,44336,private,false,
3086,C-003086,2023-05-19,DE,90112,private,false,
3087,C-003087,2023-03-13,DE,18688,private,false,2024-12-04 00:00:00
3088,C-003088,2023-02-10,DE,45666,private,false,
3089,C-003089,2023-07-24,DE,82199,private,true,
3090,C-003090,2023-06-04,DE,93137,private,false,
3091,C-003091,2023-10-23,DE,83140,private,false,
3092,C-003092,2025-08-30,DE,63329,private,true,
3093,C-003093,2024-02-24,DE,28894,private,false,
3094,C-003094,2024-01-15,DE,38047,private,false,
3095,C-003095,2023-12-20,DE,35220,business,false,
3096,C-003096,2024-09-17,DE,72244,private,false,
3097,C-003097,2023-01-25,DE,29850,private,false,
3098,C-003098,2023-03-13,DE,64277,private,false,
3099,C-003099,2023-10-05,DE,14086,private,false,
3100,C-003100,2023-01-21,DE,74871,private,true,
3101,C-003101,2024-05-13,DE,38336,private,false,2025-10-27 00:00:00
3102,C-003102,2025-08-03,DE,31003,private,true,
3103,C-003103,2023-07-11,DE,76757,private,true,
3104,C-003104,2025-08-25,AT,,private,false,
3105,C-003105,2023-02-21,DE,46612,private,false,
3106,C-003106,2025-04-14,DE,18965,private,true,
3107,C-003107,2025-08-28,AT,,private,true,
3108,C-003108,2023-10-24,AT,,private,true,
3109,C-003109,2023-09-27,DE,33735,private,false,2024-11-10 00:00:00
3110,C-003110,2024-03-15,AT,,private,true,
3111,C-003111,2023-02-04,DE,72188,private,false,
3112,C-003112,2024-01-05,DE,91986,business,false,
3113,C-003113,2024-12-24,DE,95399,private,true,
3114,C-003114,2025-08-11,DE,98752,private,false,
3115,C-003115,2023-10-02,DE,55974,private,false,
3116,C-003116,2023-08-18,DE,51899,private,true,
3117,C-003117,2026-01-04,DE,63032,private,true,
3118,C-003118,2024-08-07,DE,82876,private,false,
3119,C-003119,2025-05-26,DE,38035,private,false,
3120,C-003120,2025-08-07,DE,50889,business,true,
3121,C-003121,2025-07-23,DE,83071,private,true,
3122,C-003122,2023-07-01,CH,,business,true,
3123,C-003123,2026-03-07,DE,79348,private,true,
3124,C-003124,2024-02-17,DE,52734,private,false,
3125,C-003125,2024-04-16,DE,15121,private,false,
3126,C-003126,2025-10-29,DE,45955,private,false,
3127,C-003127,2025-06-03,DE,31823,private,true,
3128,C-003128,2024-02-13,DE,11906,private,false,
3129,C-003129,2025-01-05,AT,,business,true,
3130,C-003130,2023-05-05,DE,62862,private,true,
3131,C-003131,2025-07-17,DE,84938,business,true,
3132,C-003132,2026-03-09,CH,,private,true,
3133,C-003133,2023-02-17,DE,92283,private,true,
3134,C-003134,2023-11-08,AT,,private,false,
3135,C-003135,2025-12-25,CH,,private,false,
3136,C-003136,2023-04-02,DE,20774,private,false,
3137,C-003137,2026-01-26,DE,13022,private,true,
3138,C-003138,2025-11-20,DE,42023,private,false,
3139,C-003139,2025-07-01,DE,96789,business,false,
3140,C-003140,2026-02-11,DE,85147,private,true,
3141,C-003141,2024-09-24,DE,97127,business,false,
3142,C-003142,2023-01-25,DE,63885,private,false,
3143,C-003143,2023-03-03,DE,47143,private,false,
3144,C-003144,2024-07-13,AT,,private,true,
3145,C-003145,2023-04-30,DE,80657,private,false,2024-04-09 00:00:00
3146,C-003146,2023-07-07,DE,68554,private,true,
3147,C-003147,2024-08-14,CH,,private,false,
3148,C-003148,2025-12-23,DE,27818,private,false,
3149,C-003149,2025-08-15,DE,50838,private,false,
3150,C-003150,2023-11-24,CH,,private,false,2024-11-19 00:00:00
3151,C-003151,2023-06-28,DE,82307,business,false,
3152,C-003152,2024-11-10,DE,33159,business,false,
3153,C-003153,2024-11-01,DE,24997,business,false,
3154,C-003154,2023-03-06,DE,63529,private,true,
3155,C-003155,2023-02-18,DE,21359,private,true,
3156,C-003156,2023-03-02,DE,26666,private,false,
3157,C-003157,2026-03-08,DE,26396,private,false,
3158,C-003158,2023-03-02,DE,75242,private,false,
3159,C-003159,2025-05-29,DE,43888,private,false,
3160,C-003160,2024-10-01,DE,28917,business,false,
3161,C-003161,2025-06-19,DE,13296,private,false,
3162,C-003162,2023-08-08,DE,92040,private,true,
3163,C-003163,2024-02-24,CH,,private,false,
3164,C-003164,2024-12-17,DE,32161,private,false,
3165,C-003165,2023-12-01,CH,,private,false,
3166,C-003166,2025-07-28,DE,64828,private,false,2026-04-14 00:00:00
3167,C-003167,2025-03-04,CH,,private,false,
3168,C-003168,2023-09-24,DE,63578,business,false,
3169,C-003169,2026-01-22,DE,72037,private,true,
3170,C-003170,2025-08-14,AT,,private,false,
3171,C-003171,2025-01-10,DE,49755,private,false,
3172,C-003172,2025-10-22,DE,51052,private,false,
3173,C-003173,2024-07-10,DE,59598,private,true,
3174,C-003174,2026-01-26,DE,66731,business,true,
3175,C-003175,2024-06-01,DE,32553,private,true,
3176,C-003176,2023-02-05,CH,,private,true,
3177,C-003177,2023-06-30,DE,35633,business,false,
3178,C-003178,2026-01-24,DE,66234,private,false,2026-06-18 00:00:00
3179,C-003179,2024-04-23,DE,75888,private,false,
3180,C-003180,2024-01-02,DE,80364,private,true,
3181,C-003181,2023-02-17,CH,,private,false,2023-11-05 00:00:00
3182,C-003182,2023-07-26,CH,,private,true,
3183,C-003183,2024-09-28,DE,42392,private,true,
3184,C-003184,2023-03-02,DE,79191,private,true,
3185,C-003185,2025-05-18,DE,94129,private,false,
3186,C-003186,2025-10-31,DE,36429,private,true,
3187,C-003187,2023-08-04,DE,16487,private,false,
3188,C-003188,2023-06-14,DE,72238,private,false,
3189,C-003189,2023-08-28,DE,71162,private,false,
3190,C-003190,2026-02-10,DE,60849,private,true,
3191,C-003191,2023-11-15,DE,16675,private,false,
3192,C-003192,2025-11-05,DE,71165,private,true,
3193,C-003193,2025-12-08,DE,37005,private,true,
3194,C-003194,2025-06-15,DE,71937,private,true,
3195,C-003195,2023-12-07,DE,10453,private,false,
3196,C-003196,2025-08-23,DE,71334,private,false,
3197,C-003197,2023-08-18,CH,,business,true,
3198,C-003198,2023-08-16,DE,36581,private,false,
3199,C-003199,2025-02-25,DE,54413,private,true,
3200,C-003200,2024-04-09,DE,10914,private,false,
3201,C-003201,2024-01-08,DE,58016,private,false,
3202,C-003202,2024-12-21,DE,43671,private,true,
3203,C-003203,2024-08-23,DE,34408,private,true,
3204,C-003204,2023-11-29,CH,,private,false,
3205,C-003205,2025-02-26,DE,44023,private,false,
3206,C-003206,2025-03-26,DE,56728,business,false,
3207,C-003207,2023-05-16,DE,57798,private,true,
3208,C-003208,2023-10-18,DE,49084,business,true,
3209,C-003209,2023-10-25,DE,57707,business,false,
3210,C-003210,2023-04-06,CH,,private,false,
3211,C-003211,2023-11-17,DE,80542,private,false,
3212,C-003212,2024-03-30,DE,38887,private,false,
3213,C-003213,2023-02-18,DE,19777,private,false,
3214,C-003214,2023-02-01,DE,19341,private,true,
3215,C-003215,2025-02-11,DE,60873,private,false,
3216,C-003216,2024-08-18,DE,90539,private,true,
3217,C-003217,2024-11-06,DE,25530,private,true,
3218,C-003218,2024-07-19,AT,,private,false,
3219,C-003219,2025-11-01,AT,,private,false,
3220,C-003220,2024-10-17,DE,24570,private,true,
3221,C-003221,2023-10-08,DE,22908,business,false,
3222,C-003222,2023-10-02,DE,54743,private,false,
3223,C-003223,2025-01-11,DE,98007,private,false,
3224,C-003224,2025-08-03,DE,48367,private,true,
3225,C-003225,2025-06-10,DE,70630,private,true,
3226,C-003226,2025-08-17,DE,36682,private,false,
3227,C-003227,2023-05-06,AT,,private,true,
3228,C-003228,2025-09-11,DE,18021,private,true,
3229,C-003229,2024-03-19,DE,34341,private,false,
3230,C-003230,2025-06-24,DE,70164,business,true,
3231,C-003231,2024-01-06,DE,61698,private,true,
3232,C-003232,2025-12-17,DE,49355,private,false,
3233,C-003233,2023-04-04,DE,59446,private,true,
3234,C-003234,2024-02-28,DE,54336,private,false,
3235,C-003235,2024-03-02,DE,28135,private,false,
3236,C-003236,2025-01-03,DE,72283,private,false,
3237,C-003237,2023-04-17,DE,78592,private,true,
3238,C-003238,2025-03-16,DE,58564,private,true,
3239,C-003239,2024-04-26,DE,89165,private,true,
3240,C-003240,2023-10-24,DE,52909,private,false,
3241,C-003241,2025-07-09,DE,96014,private,true,
3242,C-003242,2024-10-20,DE,70735,business,false,
3243,C-003243,2025-10-20,DE,86899,private,true,
3244,C-003244,2023-02-26,DE,72502,private,true,
3245,C-003245,2024-03-06,AT,,private,true,
3246,C-003246,2024-01-05,DE,23538,private,false,
3247,C-003247,2023-08-06,DE,74237,private,false,
3248,C-003248,2025-05-22,DE,48604,private,true,
3249,C-003249,2023-11-19,DE,82415,private,true,
3250,C-003250,2025-04-07,DE,65683,private,true,
3251,C-003251,2026-03-30,DE,33616,private,false,
3252,C-003252,2025-04-26,CH,,private,false,2025-11-08 00:00:00
3253,C-003253,2024-01-13,DE,81613,private,false,
3254,C-003254,2023-02-21,AT,,private,false,
3255,C-003255,2024-03-18,DE,15156,business,false,
3256,C-003256,2024-12-02,DE,34215,private,true,
3257,C-003257,2025-04-26,AT,,private,false,
3258,C-003258,2024-04-03,AT,,private,false,
3259,C-003259,2025-06-27,DE,83770,private,false,
3260,C-003260,2023-03-08,DE,55848,private,true,
3261,C-003261,2026-01-31,DE,26675,private,true,
3262,C-003262,2025-08-04,DE,21404,private,false,
3263,C-003263,2023-11-24,AT,,business,true,
3264,C-003264,2023-04-08,DE,66419,private,false,
3265,C-003265,2025-05-09,DE,31784,private,false,
3266,C-003266,2026-02-06,DE,91714,private,true,
3267,C-003267,2025-02-04,DE,49498,private,false,
3268,C-003268,2023-01-06,DE,12844,private,true,
3269,C-003269,2023-12-14,DE,32512,business,false,
3270,C-003270,2023-04-06,DE,49228,private,false,
3271,C-003271,2024-05-02,DE,86648,private,false,
3272,C-003272,2024-04-06,DE,32716,private,false,
3273,C-003273,2023-01-14,CH,,private,true,
3274,C-003274,2025-02-05,AT,,private,true,
3275,C-003275,2023-08-21,DE,99515,private,false,
3276,C-003276,2023-03-10,DE,83434,private,false,
3277,C-003277,2024-08-06,DE,35263,private,true,
3278,C-003278,2023-11-29,DE,27335,private,false,
3279,C-003279,2023-01-15,DE,94555,business,false,
3280,C-003280,2024-04-17,DE,21857,private,false,
3281,C-003281,2023-11-28,AT,,business,false,
3282,C-003282,2025-03-15,DE,17397,private,false,
3283,C-003283,2023-08-30,DE,70265,private,false,
3284,C-003284,2024-09-24,DE,88026,private,true,2025-05-28 00:00:00
3285,C-003285,2024-07-03,DE,22817,private,false,
3286,C-003286,2023-09-29,DE,58808,private,false,
3287,C-003287,2024-04-20,DE,72056,private,false,
3288,C-003288,2024-10-14,DE,60213,private,false,
3289,C-003289,2023-07-30,AT,,private,true,
3290,C-003290,2023-09-04,DE,30753,private,true,
3291,C-003291,2025-12-27,AT,,private,true,
3292,C-003292,2023-12-07,DE,56481,business,false,
3293,C-003293,2023-01-21,DE,86269,private,false,
3294,C-003294,2023-08-04,DE,73584,private,true,
3295,C-003295,2025-08-02,DE,42941,private,false,
3296,C-003296,2023-09-26,DE,43341,business,false,
3297,C-003297,2024-10-20,DE,10973,private,true,
3298,C-003298,2024-09-11,DE,60096,private,true,
3299,C-003299,2026-03-22,DE,87275,private,true,
3300,C-003300,2026-02-17,DE,31748,business,false,
3301,C-003301,2024-11-27,DE,17514,private,true,
3302,C-003302,2025-11-30,DE,79521,private,false,
3303,C-003303,2024-01-29,AT,,private,false,
3304,C-003304,2025-06-14,DE,76573,private,false,
3305,C-003305,2024-06-29,DE,49995,private,false,
3306,C-003306,2024-03-19,AT,,private,true,
3307,C-003307,2025-03-13,DE,23931,private,true,
3308,C-003308,2025-12-28,DE,32020,private,false,
3309,C-003309,2024-09-06,DE,33629,private,true,
3310,C-003310,2023-01-27,DE,45851,private,false,
3311,C-003311,2023-06-28,DE,89362,private,false,
3312,C-003312,2025-05-05,DE,62232,private,false,
3313,C-003313,2023-01-01,DE,86115,private,true,
3314,C-003314,2025-01-09,DE,15156,private,false,
3315,C-003315,2023-02-08,DE,85356,private,true,
3316,C-003316,2024-03-25,DE,31013,private,false,
3317,C-003317,2024-09-02,AT,,business,false,
3318,C-003318,2023-01-12,DE,70477,private,true,
3319,C-003319,2025-09-22,DE,99795,private,true,
3320,C-003320,2025-05-06,AT,,business,false,
3321,C-003321,2025-03-11,DE,11930,private,false,
3322,C-003322,2026-03-18,DE,68286,private,true,
3323,C-003323,2025-05-21,DE,35982,private,false,
3324,C-003324,2025-04-20,DE,22209,private,false,
3325,C-003325,2025-06-10,DE,46178,private,false,
3326,C-003326,2024-08-12,DE,96309,private,false,
3327,C-003327,2025-03-06,DE,14147,private,false,
3328,C-003328,2025-05-14,AT,,private,true,
3329,C-003329,2023-04-03,DE,54588,private,false,
3330,C-003330,2023-07-24,DE,74803,private,false,
3331,C-003331,2026-03-02,DE,47621,private,true,
3332,C-003332,2026-02-21,DE,75039,private,false,
3333,C-003333,2023-12-11,DE,75664,private,false,
3334,C-003334,2025-03-07,DE,48459,private,false,2025-11-05 00:00:00
3335,C-003335,2026-01-02,DE,83323,private,false,
3336,C-003336,2026-03-08,DE,44894,private,true,
3337,C-003337,2023-05-10,DE,75648,private,true,
3338,C-003338,2024-11-21,DE,21976,private,false,
3339,C-003339,2025-03-11,DE,14260,private,false,
3340,C-003340,2024-03-27,DE,74058,business,false,
3341,C-003341,2025-04-20,DE,78491,private,false,
3342,C-003342,2024-06-20,DE,81071,private,true,
3343,C-003343,2025-07-13,AT,,private,true,
3344,C-003344,2025-04-28,AT,,private,false,
3345,C-003345,2025-04-07,DE,96392,private,false,
3346,C-003346,2024-08-31,AT,,business,true,
3347,C-003347,2026-03-15,DE,31880,business,false,
3348,C-003348,2026-03-27,AT,,business,false,
3349,C-003349,2025-07-19,DE,40957,private,true,
3350,C-003350,2025-01-14,DE,39870,private,true,
3351,C-003351,2024-05-22,DE,13545,private,false,
3352,C-003352,2025-03-22,DE,71735,private,true,
3353,C-003353,2023-09-04,DE,72308,private,false,
3354,C-003354,2026-03-22,DE,69260,private,false,
3355,C-003355,2025-11-06,DE,98637,private,true,
3356,C-003356,2023-04-06,DE,99094,private,false,
3357,C-003357,2023-12-13,DE,73121,private,false,
3358,C-003358,2025-03-29,DE,12871,private,false,
3359,C-003359,2024-09-11,DE,44388,private,true,
3360,C-003360,2026-02-22,DE,99495,private,true,
3361,C-003361,2025-06-25,DE,19139,private,true,
3362,C-003362,2025-04-03,DE,11943,private,false,
3363,C-003363,2025-08-29,DE,76711,private,false,
3364,C-003364,2023-06-14,DE,25728,private,false,
3365,C-003365,2026-02-24,DE,40589,private,false,
3366,C-003366,2025-08-07,DE,50365,private,false,
3367,C-003367,2024-06-21,DE,87510,private,true,
3368,C-003368,2026-01-01,DE,41117,private,false,
3369,C-003369,2024-10-31,DE,57027,private,false,2025-10-15 00:00:00
3370,C-003370,2026-03-04,DE,33544,private,true,
3371,C-003371,2023-05-11,DE,89594,private,false,2024-12-20 00:00:00
3372,C-003372,2025-12-22,DE,46429,private,true,
3373,C-003373,2024-05-17,DE,19875,private,false,
3374,C-003374,2025-08-12,DE,10731,business,false,
3375,C-003375,2025-03-02,DE,24928,private,true,
3376,C-003376,2024-12-04,AT,,private,false,
3377,C-003377,2023-04-17,DE,96267,private,true,
3378,C-003378,2023-10-18,AT,,private,true,2025-03-20 00:00:00
3379,C-003379,2023-04-05,DE,92681,business,false,
3380,C-003380,2024-09-03,DE,80703,private,true,
3381,C-003381,2023-03-06,DE,30884,private,false,
3382,C-003382,2025-04-03,DE,95364,private,false,
3383,C-003383,2024-08-29,AT,,private,true,
3384,C-003384,2023-02-09,DE,84048,private,false,
3385,C-003385,2024-01-12,DE,80757,private,true,
3386,C-003386,2023-01-05,DE,60446,private,true,
3387,C-003387,2023-08-14,DE,79518,private,true,2023-11-15 00:00:00
3388,C-003388,2023-10-01,AT,,private,true,
3389,C-003389,2023-12-25,CH,,private,false,
3390,C-003390,2024-07-28,DE,34101,private,false,
3391,C-003391,2024-06-02,DE,10769,private,false,
3392,C-003392,2023-06-16,DE,96212,private,true,
3393,C-003393,2023-10-20,DE,12433,private,true,
3394,C-003394,2023-07-04,CH,,private,true,
3395,C-003395,2023-01-19,DE,17706,private,false,
3396,C-003396,2024-05-26,DE,48488,private,false,
3397,C-003397,2024-05-11,DE,15508,private,false,
3398,C-003398,2024-12-21,DE,20375,private,false,
3399,C-003399,2025-12-27,DE,12132,private,false,
3400,C-003400,2024-05-12,AT,,private,true,
3401,C-003401,2025-11-10,DE,75327,business,false,
3402,C-003402,2024-05-24,DE,35897,private,false,
3403,C-003403,2023-09-18,DE,91910,business,false,
3404,C-003404,2025-12-19,DE,84310,private,true,
3405,C-003405,2025-09-19,CH,,private,false,
3406,C-003406,2023-04-14,CH,,private,false,
3407,C-003407,2025-04-21,DE,69468,private,true,
3408,C-003408,2026-03-11,DE,87333,private,false,
3409,C-003409,2023-11-13,DE,42499,private,false,
3410,C-003410,2024-03-17,DE,82873,private,false,
3411,C-003411,2025-11-20,DE,66862,private,false,
3412,C-003412,2023-01-26,DE,42960,private,false,
3413,C-003413,2024-05-20,DE,88576,private,false,
3414,C-003414,2023-06-23,DE,47957,private,true,2024-01-05 00:00:00
3415,C-003415,2024-09-01,DE,29240,private,false,
3416,C-003416,2023-05-18,CH,,private,false,
3417,C-003417,2023-03-11,AT,,private,false,
3418,C-003418,2023-08-31,DE,93305,private,false,
3419,C-003419,2026-01-18,DE,52890,business,false,
3420,C-003420,2025-02-24,DE,48908,private,false,
3421,C-003421,2023-01-24,DE,33940,private,false,
3422,C-003422,2024-04-23,DE,65918,private,false,
3423,C-003423,2025-05-26,DE,91322,private,false,
3424,C-003424,2025-03-31,DE,81460,private,false,
3425,C-003425,2023-03-11,DE,10565,private,false,
3426,C-003426,2023-06-24,DE,63613,private,false,2025-12-06 00:00:00
3427,C-003427,2023-07-25,CH,,private,true,
3428,C-003428,2024-08-17,AT,,business,true,
3429,C-003429,2025-10-02,DE,96068,private,true,
3430,C-003430,2024-02-02,DE,16793,private,false,
3431,C-003431,2025-10-13,DE,55824,private,true,
3432,C-003432,2023-05-08,DE,15896,business,false,
3433,C-003433,2023-10-28,DE,19303,private,false,
3434,C-003434,2024-02-11,DE,34097,private,false,
3435,C-003435,2024-08-24,AT,,private,false,
3436,C-003436,2023-01-01,DE,80063,private,true,
3437,C-003437,2025-05-01,AT,,private,true,
3438,C-003438,2023-01-11,DE,89731,private,true,
3439,C-003439,2023-05-27,DE,56829,private,false,
3440,C-003440,2023-07-03,DE,87737,private,false,
3441,C-003441,2024-12-11,DE,89300,private,true,
3442,C-003442,2023-05-31,DE,20361,private,true,
3443,C-003443,2023-07-15,DE,91153,private,true,
3444,C-003444,2025-03-14,DE,16146,private,false,
3445,C-003445,2025-10-04,AT,,business,true,
3446,C-003446,2023-01-26,DE,12408,private,true,
3447,C-003447,2024-05-24,DE,80730,private,false,
3448,C-003448,2023-02-19,DE,15230,private,true,
3449,C-003449,2024-05-03,DE,46529,private,false,
3450,C-003450,2023-02-13,DE,30637,private,true,
3451,C-003451,2024-11-23,DE,88684,private,true,
3452,C-003452,2024-02-28,AT,,private,true,
3453,C-003453,2024-02-14,DE,12708,private,false,
3454,C-003454,2025-10-27,AT,,private,false,
3455,C-003455,2025-09-25,DE,15578,private,false,
3456,C-003456,2023-12-11,DE,22144,private,true,
3457,C-003457,2026-01-12,AT,,private,false,
3458,C-003458,2024-03-31,DE,61091,private,false,
3459,C-003459,2025-02-14,DE,16166,private,true,
3460,C-003460,2024-12-03,DE,87856,private,true,
3461,C-003461,2025-04-05,DE,30831,private,false,
3462,C-003462,2023-10-28,DE,72396,private,false,
3463,C-003463,2025-09-04,CH,,private,true,
3464,C-003464,2023-04-27,AT,,private,false,
3465,C-003465,2024-02-07,DE,90948,private,true,
3466,C-003466,2026-03-18,DE,73690,private,true,
3467,C-003467,2025-03-04,CH,,private,false,
3468,C-003468,2026-03-26,DE,19656,business,true,2026-06-18 00:00:00
3469,C-003469,2025-12-30,DE,68775,private,false,
3470,C-003470,2023-01-13,DE,16793,private,false,
3471,C-003471,2025-03-16,DE,58623,private,true,
3472,C-003472,2023-04-01,DE,66221,private,false,
3473,C-003473,2024-06-28,AT,,private,false,2025-04-05 00:00:00
3474,C-003474,2023-03-31,DE,93767,private,true,
3475,C-003475,2023-03-01,DE,36218,private,false,
3476,C-003476,2025-07-31,DE,24694,private,false,
3477,C-003477,2026-03-22,DE,79919,private,true,
3478,C-003478,2025-05-31,DE,74618,private,false,
3479,C-003479,2024-08-27,DE,27965,private,true,
3480,C-003480,2023-03-31,DE,47396,private,false,
3481,C-003481,2024-11-05,DE,25830,business,false,
3482,C-003482,2026-01-27,DE,47092,private,true,
3483,C-003483,2024-11-07,DE,99892,private,false,
3484,C-003484,2025-01-29,DE,63398,private,false,
3485,C-003485,2025-02-17,DE,28289,private,false,
3486,C-003486,2024-09-26,DE,93931,business,true,
3487,C-003487,2023-11-12,DE,56310,private,false,
3488,C-003488,2023-05-09,DE,99246,private,true,
3489,C-003489,2023-01-09,DE,65464,private,false,
3490,C-003490,2025-10-14,DE,84983,private,true,
3491,C-003491,2023-05-07,DE,87428,private,true,
3492,C-003492,2024-10-30,DE,44631,private,true,
3493,C-003493,2025-01-18,DE,71281,private,true,
3494,C-003494,2023-04-22,DE,94277,private,false,
3495,C-003495,2025-12-10,DE,49366,private,false,
3496,C-003496,2025-04-08,DE,40808,private,true,
3497,C-003497,2024-02-03,AT,,private,false,
3498,C-003498,2026-02-19,DE,16445,private,true,
3499,C-003499,2024-01-16,CH,,private,false,
3500,C-003500,2023-07-01,DE,83880,private,true,
3501,C-003501,2024-01-16,DE,34858,private,false,
3502,C-003502,2023-10-22,DE,27466,private,false,
3503,C-003503,2024-03-06,DE,83488,private,true,
3504,C-003504,2023-10-01,DE,70317,private,false,
3505,C-003505,2025-02-09,DE,72049,private,true,
3506,C-003506,2024-04-29,DE,54321,private,true,
3507,C-003507,2023-10-16,DE,42946,private,true,
3508,C-003508,2023-01-01,DE,77667,private,true,
3509,C-003509,2024-07-25,DE,89252,private,true,
3510,C-003510,2025-12-11,DE,52084,private,false,
3511,C-003511,2023-06-22,DE,17546,private,true,
3512,C-003512,2025-06-25,DE,82235,private,false,
3513,C-003513,2024-03-28,DE,42224,business,false,
3514,C-003514,2024-03-13,DE,29732,private,false,
3515,C-003515,2023-09-20,DE,64285,private,true,
3516,C-003516,2025-11-02,DE,72671,business,true,
3517,C-003517,2023-02-27,AT,,private,true,
3518,C-003518,2024-05-02,DE,75984,business,false,
3519,C-003519,2024-09-15,DE,71986,private,false,
3520,C-003520,2024-09-01,DE,72028,private,false,2026-01-18 00:00:00
3521,C-003521,2025-01-21,DE,10317,private,false,
3522,C-003522,2025-05-30,AT,,business,true,
3523,C-003523,2024-01-26,DE,62892,private,true,
3524,C-003524,2024-06-21,CH,,private,true,
3525,C-003525,2024-10-07,DE,38519,private,true,
3526,C-003526,2026-03-14,DE,88401,private,false,
3527,C-003527,2023-06-08,DE,91293,private,false,
3528,C-003528,2024-10-07,DE,96748,business,true,
3529,C-003529,2024-03-01,DE,26719,private,false,
3530,C-003530,2023-09-27,DE,27139,private,true,
3531,C-003531,2023-07-26,DE,95316,private,false,
3532,C-003532,2023-06-02,DE,54490,private,true,
3533,C-003533,2024-04-11,DE,67270,business,true,
3534,C-003534,2023-12-01,DE,49870,private,false,
3535,C-003535,2025-10-16,DE,62126,private,false,
3536,C-003536,2025-08-02,DE,75691,private,true,
3537,C-003537,2025-12-13,DE,81570,private,true,
3538,C-003538,2025-09-16,DE,60847,private,false,
3539,C-003539,2025-12-05,DE,43478,private,false,
3540,C-003540,2026-03-24,DE,88572,private,false,
3541,C-003541,2026-01-03,CH,,private,true,
3542,C-003542,2024-10-26,DE,60701,private,false,
3543,C-003543,2024-01-30,AT,,private,false,
3544,C-003544,2025-06-29,DE,17779,private,true,
3545,C-003545,2026-03-21,AT,,private,true,
3546,C-003546,2023-07-22,DE,76396,private,true,
3547,C-003547,2025-04-12,CH,,private,false,
3548,C-003548,2025-03-27,DE,23090,private,true,
3549,C-003549,2023-12-19,DE,78652,private,true,
3550,C-003550,2025-07-03,DE,27405,private,false,
3551,C-003551,2024-08-19,DE,52610,private,false,
3552,C-003552,2023-08-07,DE,77147,private,false,
3553,C-003553,2025-08-25,CH,,business,false,
3554,C-003554,2024-02-17,DE,40589,private,false,2026-06-20 00:00:00
3555,C-003555,2024-10-13,AT,,private,false,
3556,C-003556,2024-05-17,DE,45098,business,false,
3557,C-003557,2023-11-12,AT,,private,false,
3558,C-003558,2024-11-12,DE,89785,private,false,
3559,C-003559,2024-07-23,DE,93620,private,false,2025-12-08 00:00:00
3560,C-003560,2023-05-16,AT,,private,false,
3561,C-003561,2026-03-25,AT,,private,true,
3562,C-003562,2026-02-11,DE,11727,private,true,
3563,C-003563,2024-09-03,DE,59498,business,true,
3564,C-003564,2025-10-04,DE,75308,private,false,
3565,C-003565,2024-04-01,DE,92304,private,false,
3566,C-003566,2026-01-28,DE,90870,private,false,
3567,C-003567,2024-05-28,DE,40574,private,false,
3568,C-003568,2023-07-04,DE,78234,private,false,
3569,C-003569,2024-07-28,DE,30128,private,false,
3570,C-003570,2023-03-25,DE,47447,private,false,
3571,C-003571,2025-12-26,DE,96023,private,true,
3572,C-003572,2024-09-24,DE,78508,private,false,
3573,C-003573,2023-11-22,DE,89478,private,false,
3574,C-003574,2024-10-17,DE,46235,private,true,
3575,C-003575,2023-08-06,DE,66277,private,false,
3576,C-003576,2023-03-05,DE,46693,private,false,
3577,C-003577,2023-12-06,DE,22931,private,true,
3578,C-003578,2025-06-27,DE,38001,business,false,
3579,C-003579,2023-06-27,DE,21839,private,false,
3580,C-003580,2025-08-17,DE,57423,private,false,
3581,C-003581,2024-11-27,DE,65103,private,false,
3582,C-003582,2023-11-09,DE,25603,private,true,
3583,C-003583,2025-07-11,DE,32447,private,true,
3584,C-003584,2024-04-11,DE,66152,private,true,
3585,C-003585,2024-10-09,AT,,private,false,
3586,C-003586,2025-07-06,DE,68540,private,true,
3587,C-003587,2024-10-23,DE,51151,business,false,
3588,C-003588,2024-10-04,DE,81387,private,false,
3589,C-003589,2026-01-12,DE,77395,business,false,
3590,C-003590,2023-05-16,DE,86156,business,false,
3591,C-003591,2024-09-11,DE,31973,private,false,
3592,C-003592,2025-04-09,AT,,private,true,
3593,C-003593,2025-04-21,DE,62244,business,true,2026-02-20 00:00:00
3594,C-003594,2023-06-12,DE,92784,private,false,
3595,C-003595,2023-02-27,DE,81673,private,true,
3596,C-003596,2023-07-24,DE,60720,private,false,
3597,C-003597,2023-07-21,DE,74022,private,false,
3598,C-003598,2023-01-15,AT,,private,false,
3599,C-003599,2023-03-17,AT,,business,false,
3600,C-003600,2023-10-28,DE,39347,private,false,
3601,C-003601,2024-07-16,AT,,private,false,
3602,C-003602,2024-09-14,DE,15798,private,true,
3603,C-003603,2025-05-11,DE,39528,private,false,
3604,C-003604,2024-01-27,DE,40949,private,true,
3605,C-003605,2023-07-27,DE,23126,private,false,
3606,C-003606,2024-10-23,DE,67668,private,false,
3607,C-003607,2023-03-09,DE,98539,private,false,
3608,C-003608,2024-03-31,DE,58187,private,true,
3609,C-003609,2025-11-08,DE,73359,business,true,
3610,C-003610,2023-04-16,DE,94957,private,false,
3611,C-003611,2024-10-22,AT,,private,false,
3612,C-003612,2024-10-26,DE,19784,private,false,
3613,C-003613,2023-03-18,DE,80480,private,false,
3614,C-003614,2023-04-20,AT,,private,false,
3615,C-003615,2024-06-30,DE,85301,private,true,
3616,C-003616,2024-08-23,DE,66003,private,true,
3617,C-003617,2024-09-02,DE,51851,business,true,
3618,C-003618,2025-09-09,DE,56539,private,false,
3619,C-003619,2025-10-17,DE,97734,private,true,
3620,C-003620,2023-10-29,DE,37312,private,false,
3621,C-003621,2023-03-19,DE,96755,private,true,
3622,C-003622,2024-09-15,DE,21858,private,true,
3623,C-003623,2025-02-08,AT,,private,true,
3624,C-003624,2024-06-04,DE,71153,private,false,
3625,C-003625,2024-02-29,DE,60957,private,false,
3626,C-003626,2023-12-28,DE,47150,private,false,
3627,C-003627,2023-06-18,AT,,private,false,
3628,C-003628,2023-08-24,DE,31703,private,true,
3629,C-003629,2023-06-07,DE,47575,business,false,
3630,C-003630,2023-07-22,DE,60672,private,false,
3631,C-003631,2023-04-30,DE,68949,private,false,
3632,C-003632,2024-08-12,DE,26433,private,false,
3633,C-003633,2026-01-02,DE,13758,private,false,
3634,C-003634,2023-11-07,DE,13875,private,true,
3635,C-003635,2026-03-23,DE,83115,private,false,
3636,C-003636,2024-01-22,DE,64458,private,true,
3637,C-003637,2025-04-27,DE,61662,business,true,
3638,C-003638,2024-05-07,DE,26777,private,false,
3639,C-003639,2023-10-01,DE,15192,private,true,
3640,C-003640,2023-05-29,AT,,private,false,
3641,C-003641,2024-03-28,AT,,private,false,2025-09-24 00:00:00
3642,C-003642,2025-07-15,DE,62901,private,false,
3643,C-003643,2023-09-04,DE,55935,business,true,
3644,C-003644,2023-05-09,DE,50261,private,false,
3645,C-003645,2023-10-14,AT,,private,true,
3646,C-003646,2024-05-19,DE,56753,private,true,
3647,C-003647,2025-02-20,AT,,private,true,
3648,C-003648,2024-01-10,DE,22147,private,false,
3649,C-003649,2024-09-03,DE,81771,business,false,
3650,C-003650,2024-10-24,DE,37300,private,false,
3651,C-003651,2024-07-09,DE,73060,private,true,
3652,C-003652,2023-10-16,DE,41614,private,true,2025-04-08 00:00:00
3653,C-003653,2024-04-23,DE,20969,private,true,
3654,C-003654,2025-02-04,DE,22162,private,false,
3655,C-003655,2023-08-23,DE,87286,private,false,
3656,C-003656,2024-10-10,DE,86436,private,false,
3657,C-003657,2024-10-21,DE,77349,private,false,
3658,C-003658,2024-02-02,DE,23094,private,true,
3659,C-003659,2026-01-02,DE,52542,private,true,
3660,C-003660,2023-07-08,CH,,private,false,
3661,C-003661,2023-12-16,DE,20173,private,true,
3662,C-003662,2026-01-28,DE,51953,business,false,
3663,C-003663,2025-05-16,DE,94189,private,false,
3664,C-003664,2026-01-27,DE,96054,business,false,
3665,C-003665,2024-02-10,DE,33488,private,true,
3666,C-003666,2024-02-06,DE,75824,business,true,
3667,C-003667,2025-06-03,AT,,private,false,
3668,C-003668,2023-02-08,DE,22527,private,true,
3669,C-003669,2023-07-16,DE,23513,private,false,
3670,C-003670,2024-10-07,DE,22510,private,false,
3671,C-003671,2025-04-02,DE,26872,private,false,
3672,C-003672,2023-10-05,AT,,private,true,
3673,C-003673,2023-09-25,DE,13608,private,true,
3674,C-003674,2023-07-15,CH,,private,false,
3675,C-003675,2023-08-22,DE,23242,private,true,
3676,C-003676,2024-01-30,DE,25301,private,true,
3677,C-003677,2024-03-15,DE,63965,private,true,
3678,C-003678,2024-08-03,DE,49052,private,true,
3679,C-003679,2025-06-25,DE,66282,business,true,
3680,C-003680,2024-01-31,DE,56741,private,false,
3681,C-003681,2024-05-21,DE,41785,private,false,
3682,C-003682,2024-07-20,DE,71852,private,false,
3683,C-003683,2024-04-20,DE,60285,private,true,
3684,C-003684,2025-04-07,DE,61129,private,false,
3685,C-003685,2023-11-19,DE,64598,private,false,
3686,C-003686,2025-05-02,DE,42664,private,false,
3687,C-003687,2025-04-08,AT,,private,true,
3688,C-003688,2024-07-08,AT,,private,false,
3689,C-003689,2024-11-23,DE,26683,private,false,
3690,C-003690,2026-03-26,DE,60889,private,true,
3691,C-003691,2025-10-08,AT,,private,true,
3692,C-003692,2023-11-17,DE,35757,private,false,
3693,C-003693,2026-01-25,CH,,private,true,
3694,C-003694,2025-04-21,DE,13425,private,false,
3695,C-003695,2025-04-25,DE,71654,private,false,
3696,C-003696,2024-04-29,DE,20114,private,false,
3697,C-003697,2025-04-30,DE,23304,private,false,
3698,C-003698,2025-03-17,AT,,private,true,
3699,C-003699,2023-03-01,DE,17724,private,true,
3700,C-003700,2025-08-23,DE,45896,private,false,
3701,C-003701,2026-01-03,DE,12503,private,false,
3702,C-003702,2026-02-12,AT,,private,true,
3703,C-003703,2023-09-27,CH,,private,true,
3704,C-003704,2024-09-01,DE,28894,private,true,
3705,C-003705,2026-03-30,CH,,private,true,
3706,C-003706,2024-12-06,DE,70294,private,false,
3707,C-003707,2023-10-12,DE,49396,private,false,
3708,C-003708,2023-01-24,DE,20475,private,true,
3709,C-003709,2023-08-13,DE,84338,private,false,
3710,C-003710,2025-07-31,DE,99381,private,false,
3711,C-003711,2026-02-01,DE,61069,private,false,
3712,C-003712,2023-08-09,DE,42361,private,false,
3713,C-003713,2026-03-08,DE,35518,private,true,
3714,C-003714,2024-04-08,DE,64953,private,true,
3715,C-003715,2025-09-14,DE,23158,private,false,
3716,C-003716,2024-07-30,DE,18136,private,false,
3717,C-003717,2023-05-26,AT,,private,true,
3718,C-003718,2024-05-29,AT,,business,false,
3719,C-003719,2026-03-30,DE,16233,private,false,
3720,C-003720,2024-09-30,DE,79420,private,false,
3721,C-003721,2026-02-24,AT,,private,false,
3722,C-003722,2026-01-19,CH,,private,true,
3723,C-003723,2023-03-23,DE,43792,private,false,
3724,C-003724,2025-10-24,AT,,private,true,
3725,C-003725,2023-11-16,CH,,private,true,
3726,C-003726,2025-09-06,DE,87552,private,false,
3727,C-003727,2023-07-24,DE,72986,private,true,
3728,C-003728,2023-07-22,AT,,private,false,
3729,C-003729,2023-10-04,DE,12126,business,false,
3730,C-003730,2023-10-05,DE,78256,private,false,
3731,C-003731,2026-02-11,DE,79942,business,true,
3732,C-003732,2025-07-29,AT,,private,true,
3733,C-003733,2023-06-03,DE,76856,private,false,
3734,C-003734,2025-01-24,DE,41305,private,false,
3735,C-003735,2026-02-08,DE,90565,business,false,
3736,C-003736,2023-08-16,DE,32193,private,false,
3737,C-003737,2024-05-25,DE,41125,business,true,
3738,C-003738,2023-06-18,AT,,private,true,
3739,C-003739,2025-06-06,CH,,private,true,
3740,C-003740,2024-12-06,DE,50879,private,true,
3741,C-003741,2023-06-03,DE,18520,private,true,
3742,C-003742,2025-08-13,DE,57040,private,false,
3743,C-003743,2025-05-22,DE,38954,private,false,
3744,C-003744,2023-04-30,DE,54660,business,false,
3745,C-003745,2025-06-05,DE,57718,private,false,
3746,C-003746,2025-10-30,DE,21327,private,false,
3747,C-003747,2025-07-22,DE,58097,private,false,
3748,C-003748,2023-02-23,DE,20879,private,false,
3749,C-003749,2024-08-25,AT,,private,true,
3750,C-003750,2023-01-11,CH,,private,false,
3751,C-003751,2024-01-04,DE,23448,private,false,
3752,C-003752,2023-01-11,DE,88578,private,false,
3753,C-003753,2023-05-01,DE,27770,private,false,
3754,C-003754,2026-01-03,DE,24591,private,true,
3755,C-003755,2023-09-07,DE,82379,private,true,
3756,C-003756,2023-10-31,DE,71740,private,true,
3757,C-003757,2024-10-31,AT,,private,true,
3758,C-003758,2024-08-31,DE,45124,private,true,
3759,C-003759,2025-07-15,DE,25133,business,true,
3760,C-003760,2024-05-19,DE,35459,business,false,
3761,C-003761,2024-10-14,CH,,private,false,
3762,C-003762,2025-12-22,DE,47914,private,true,
3763,C-003763,2023-08-29,DE,15365,private,true,
3764,C-003764,2025-08-09,DE,13110,business,false,2025-11-14 00:00:00
3765,C-003765,2024-09-06,DE,41796,private,false,
3766,C-003766,2024-09-09,DE,76917,private,false,
3767,C-003767,2023-07-15,AT,,private,false,
3768,C-003768,2025-07-19,DE,21141,private,true,
3769,C-003769,2025-11-10,DE,55135,private,true,
3770,C-003770,2025-10-16,CH,,private,false,
3771,C-003771,2024-04-10,DE,39087,private,true,
3772,C-003772,2025-06-29,DE,88153,private,true,
3773,C-003773,2026-03-25,DE,74616,private,false,
3774,C-003774,2025-02-01,DE,46471,private,false,
3775,C-003775,2024-01-18,DE,66351,private,false,
3776,C-003776,2026-03-06,DE,89657,private,true,
3777,C-003777,2026-01-17,DE,65099,private,false,
3778,C-003778,2025-07-30,DE,15666,private,true,
3779,C-003779,2023-06-19,DE,64821,private,false,
3780,C-003780,2026-02-21,DE,38829,private,false,
3781,C-003781,2023-02-11,DE,31067,private,false,
3782,C-003782,2025-03-25,DE,33638,private,false,
3783,C-003783,2024-10-23,DE,41508,private,false,
3784,C-003784,2023-10-16,AT,,private,true,2024-01-16 00:00:00
3785,C-003785,2024-07-14,DE,54827,private,true,
3786,C-003786,2024-05-20,CH,,private,true,
3787,C-003787,2024-10-07,DE,32821,private,false,
3788,C-003788,2025-10-18,DE,69267,private,true,
3789,C-003789,2023-05-06,DE,54294,private,true,
3790,C-003790,2024-08-19,DE,80493,private,false,
3791,C-003791,2023-10-13,DE,28326,private,true,
3792,C-003792,2025-06-10,DE,68015,private,false,
3793,C-003793,2023-11-20,DE,27173,private,true,
3794,C-003794,2023-02-24,DE,25626,private,false,
3795,C-003795,2025-01-05,DE,37514,private,false,
3796,C-003796,2025-08-30,AT,,private,true,
3797,C-003797,2024-12-27,DE,30564,private,true,
3798,C-003798,2025-10-21,DE,34241,private,false,
3799,C-003799,2023-11-06,DE,41373,business,false,
3800,C-003800,2024-05-13,DE,89128,private,false,
3801,C-003801,2023-05-07,DE,54773,private,true,
3802,C-003802,2025-05-31,DE,98737,private,false,
3803,C-003803,2024-07-29,DE,88604,business,false,
3804,C-003804,2024-09-25,DE,28694,private,false,
3805,C-003805,2024-04-09,DE,38468,private,true,
3806,C-003806,2023-10-07,DE,71010,business,true,
3807,C-003807,2025-12-30,DE,47740,private,true,
3808,C-003808,2024-05-16,DE,56234,private,true,
3809,C-003809,2024-02-06,DE,69160,private,true,
3810,C-003810,2025-10-18,DE,33172,private,false,
3811,C-003811,2025-08-22,DE,85431,private,true,
3812,C-003812,2023-11-24,DE,17201,private,false,
3813,C-003813,2025-04-13,DE,42231,private,false,
3814,C-003814,2023-05-22,DE,67907,private,false,
3815,C-003815,2023-02-19,DE,42253,private,false,
3816,C-003816,2023-10-05,DE,30357,private,true,
3817,C-003817,2023-05-27,AT,,private,false,
3818,C-003818,2025-11-15,DE,29952,private,false,
3819,C-003819,2024-09-30,DE,54125,business,false,
3820,C-003820,2024-05-18,DE,41888,private,false,
3821,C-003821,2023-05-30,DE,75824,private,true,
3822,C-003822,2025-02-17,DE,80172,private,false,
3823,C-003823,2024-06-12,DE,64097,private,true,
3824,C-003824,2024-12-02,DE,78654,private,true,
3825,C-003825,2023-10-13,DE,60834,business,true,
3826,C-003826,2024-12-24,DE,38878,private,true,
3827,C-003827,2025-01-25,DE,55275,private,true,
3828,C-003828,2024-03-27,CH,,private,false,
3829,C-003829,2025-03-14,DE,44102,private,false,
3830,C-003830,2025-12-19,DE,85727,private,false,
3831,C-003831,2024-08-12,DE,28099,private,true,
3832,C-003832,2024-10-06,DE,52859,private,true,
3833,C-003833,2025-02-23,DE,17108,private,true,
3834,C-003834,2025-05-13,DE,33504,private,false,
3835,C-003835,2024-04-18,DE,38247,private,false,
3836,C-003836,2024-06-11,DE,24450,private,true,
3837,C-003837,2024-09-08,DE,35674,private,true,2025-04-06 00:00:00
3838,C-003838,2024-08-22,AT,,private,false,
3839,C-003839,2023-01-13,DE,27949,private,false,
3840,C-003840,2025-02-04,DE,13175,private,false,
3841,C-003841,2024-02-21,DE,82810,private,true,
3842,C-003842,2023-10-22,DE,17353,private,false,
3843,C-003843,2026-03-08,DE,73994,private,true,
3844,C-003844,2025-03-30,DE,38797,private,true,
3845,C-003845,2023-10-15,AT,,private,false,
3846,C-003846,2023-01-09,DE,13547,private,false,
3847,C-003847,2023-04-11,AT,,private,false,
3848,C-003848,2024-07-03,DE,36678,private,false,
3849,C-003849,2024-02-24,CH,,private,false,
3850,C-003850,2025-02-19,DE,80812,private,true,
3851,C-003851,2025-04-10,DE,11143,private,true,
3852,C-003852,2024-11-18,DE,88563,private,false,
3853,C-003853,2023-09-30,DE,16815,private,false,
3854,C-003854,2023-08-21,AT,,private,false,
3855,C-003855,2023-07-11,AT,,private,true,
3856,C-003856,2023-01-02,DE,55217,private,true,
3857,C-003857,2025-12-22,DE,16394,private,false,
3858,C-003858,2024-03-19,CH,,private,false,
3859,C-003859,2023-03-15,DE,41718,private,true,
3860,C-003860,2023-05-11,DE,37993,private,false,
3861,C-003861,2024-11-07,DE,38474,private,true,
3862,C-003862,2025-09-04,DE,91849,private,false,
3863,C-003863,2023-01-25,DE,68638,private,false,
3864,C-003864,2023-08-14,DE,89717,private,false,
3865,C-003865,2023-03-18,DE,89470,private,false,
3866,C-003866,2025-12-15,DE,67138,private,true,
3867,C-003867,2023-07-11,DE,77811,private,true,
3868,C-003868,2025-05-15,DE,67480,private,false,
3869,C-003869,2024-12-30,DE,64240,private,true,
3870,C-003870,2023-05-15,DE,80295,business,true,
3871,C-003871,2024-02-29,DE,55583,private,false,
3872,C-003872,2025-05-14,DE,41380,private,false,
3873,C-003873,2024-05-21,DE,30869,private,false,
3874,C-003874,2025-03-05,DE,73173,private,false,
3875,C-003875,2024-11-17,DE,65747,business,true,
3876,C-003876,2025-05-26,DE,36528,private,true,
3877,C-003877,2023-01-14,DE,70558,private,true,
3878,C-003878,2024-01-02,DE,39095,private,false,
3879,C-003879,2024-06-06,DE,31575,private,false,
3880,C-003880,2024-10-17,DE,41267,private,false,
3881,C-003881,2023-01-10,DE,80145,private,true,
3882,C-003882,2026-03-01,AT,,private,false,2026-05-29 00:00:00
3883,C-003883,2024-04-03,DE,72274,private,true,
3884,C-003884,2025-08-18,DE,75701,private,false,
3885,C-003885,2024-08-22,DE,61109,private,false,
3886,C-003886,2024-02-11,DE,29192,private,true,
3887,C-003887,2023-05-30,DE,48692,private,false,
3888,C-003888,2024-08-17,DE,96330,private,false,
3889,C-003889,2025-09-17,AT,,private,false,
3890,C-003890,2025-05-24,CH,,private,false,
3891,C-003891,2025-02-09,DE,69671,private,true,
3892,C-003892,2025-04-12,DE,40740,private,false,
3893,C-003893,2024-02-03,DE,29967,private,true,
3894,C-003894,2023-11-27,CH,,private,false,
3895,C-003895,2025-02-16,DE,33894,private,false,
3896,C-003896,2023-09-18,AT,,private,false,
3897,C-003897,2023-01-28,DE,65225,private,true,
3898,C-003898,2023-04-13,DE,20828,private,false,
3899,C-003899,2024-11-04,DE,29843,private,true,
3900,C-003900,2025-05-08,DE,84949,private,true,
3901,C-003901,2024-03-03,DE,82916,private,false,
3902,C-003902,2024-02-21,DE,74486,private,false,
3903,C-003903,2023-07-02,DE,21965,business,false,
3904,C-003904,2024-05-31,DE,93043,private,false,
3905,C-003905,2025-03-04,AT,,private,true,
3906,C-003906,2024-03-01,DE,96166,private,false,
3907,C-003907,2025-04-14,DE,80611,private,false,
3908,C-003908,2024-11-13,DE,75281,private,false,
3909,C-003909,2023-09-21,DE,98513,business,true,
3910,C-003910,2023-10-17,DE,59412,private,true,
3911,C-003911,2023-02-05,DE,37324,private,false,
3912,C-003912,2023-10-21,DE,17473,business,false,
3913,C-003913,2024-02-10,CH,,private,false,
3914,C-003914,2024-03-20,DE,11686,private,false,
3915,C-003915,2023-07-03,AT,,business,true,
3916,C-003916,2024-04-25,DE,79690,private,true,2025-05-07 00:00:00
3917,C-003917,2023-04-02,DE,46527,private,false,
3918,C-003918,2023-05-13,DE,99514,private,false,
3919,C-003919,2023-04-14,DE,93015,private,false,
3920,C-003920,2025-06-27,DE,79964,business,false,
3921,C-003921,2023-02-20,DE,93255,private,true,
3922,C-003922,2025-05-28,DE,49727,private,false,
3923,C-003923,2025-07-28,AT,,private,false,
3924,C-003924,2024-12-12,AT,,private,false,
3925,C-003925,2023-06-30,DE,42048,private,false,
3926,C-003926,2023-01-18,AT,,private,false,
3927,C-003927,2025-10-28,DE,50425,private,false,
3928,C-003928,2023-10-14,DE,56658,private,false,
3929,C-003929,2023-02-28,DE,22883,business,false,
3930,C-003930,2025-11-08,DE,81131,private,false,
3931,C-003931,2024-03-19,DE,97394,private,false,
3932,C-003932,2025-01-02,DE,93870,private,true,
3933,C-003933,2023-11-27,DE,66656,private,false,
3934,C-003934,2025-06-09,DE,35521,private,false,
3935,C-003935,2025-07-05,DE,32152,business,true,
3936,C-003936,2024-01-19,DE,89848,private,false,
3937,C-003937,2023-01-02,DE,80183,private,true,
3938,C-003938,2023-08-06,DE,66863,private,false,
3939,C-003939,2024-10-22,CH,,private,true,
3940,C-003940,2024-01-20,AT,,private,false,
3941,C-003941,2023-03-02,AT,,private,false,
3942,C-003942,2025-06-21,DE,86377,private,true,
3943,C-003943,2024-01-21,DE,56200,private,true,
3944,C-003944,2025-03-22,DE,24961,business,false,
3945,C-003945,2024-09-23,DE,15713,business,false,
3946,C-003946,2023-01-09,DE,33717,private,true,
3947,C-003947,2025-12-06,CH,,private,false,
3948,C-003948,2025-08-06,CH,,private,false,
3949,C-003949,2024-02-06,DE,11729,business,false,
3950,C-003950,2023-05-11,DE,32402,private,false,
3951,C-003951,2026-03-16,DE,29560,business,false,
3952,C-003952,2024-01-07,DE,25606,private,false,
3953,C-003953,2026-02-22,DE,75336,private,true,
3954,C-003954,2024-02-05,DE,60448,private,true,
3955,C-003955,2025-05-17,DE,71547,private,false,
3956,C-003956,2024-08-13,CH,,private,true,
3957,C-003957,2023-07-08,DE,88323,private,true,
3958,C-003958,2025-01-22,AT,,private,false,
3959,C-003959,2025-02-18,DE,43181,private,true,
3960,C-003960,2025-02-02,DE,66247,private,true,
3961,C-003961,2026-01-29,CH,,private,false,
3962,C-003962,2025-11-18,DE,48885,private,true,
3963,C-003963,2026-02-24,DE,81700,private,false,
3964,C-003964,2025-05-28,DE,61332,private,false,
3965,C-003965,2024-09-05,DE,70387,private,true,
3966,C-003966,2025-08-26,DE,48106,private,false,
3967,C-003967,2024-05-14,DE,83512,private,false,
3968,C-003968,2024-03-23,DE,66442,private,true,
3969,C-003969,2024-11-21,AT,,business,true,
3970,C-003970,2024-09-17,DE,32920,business,false,
3971,C-003971,2025-12-25,DE,35830,private,false,2026-06-20 00:00:00
3972,C-003972,2024-07-28,DE,15987,private,false,
3973,C-003973,2025-08-15,DE,87370,private,false,
3974,C-003974,2024-10-06,DE,99866,private,true,
3975,C-003975,2023-01-10,DE,83281,private,true,
3976,C-003976,2024-12-20,DE,10637,business,true,
3977,C-003977,2024-09-06,CH,,business,true,
3978,C-003978,2024-09-30,DE,88200,private,true,
3979,C-003979,2024-06-26,DE,74418,private,false,
3980,C-003980,2024-11-08,DE,28643,private,false,
3981,C-003981,2024-05-04,DE,62573,private,true,
3982,C-003982,2025-01-03,DE,98558,private,true,
3983,C-003983,2025-02-17,AT,,private,true,
3984,C-003984,2025-12-08,DE,55887,private,true,
3985,C-003985,2024-12-14,DE,15371,private,true,
3986,C-003986,2023-06-15,DE,49903,private,true,
3987,C-003987,2024-12-05,AT,,private,false,
3988,C-003988,2023-03-06,AT,,private,false,
3989,C-003989,2023-08-09,DE,28402,private,false,
3990,C-003990,2023-06-27,DE,31860,private,true,
3991,C-003991,2025-05-21,DE,43756,business,false,
3992,C-003992,2025-12-12,DE,11850,private,false,
3993,C-003993,2023-05-02,DE,12644,private,false,
3994,C-003994,2024-04-26,AT,,private,false,
3995,C-003995,2025-10-08,CH,,private,true,
3996,C-003996,2026-01-10,DE,64889,private,false,
3997,C-003997,2025-06-21,DE,38221,private,false,
3998,C-003998,2024-07-28,DE,15043,private,false,
3999,C-003999,2024-09-23,DE,29956,private,true,
4000,C-004000,2023-04-28,DE,16055,private,true,
4001,C-004001,2023-10-24,DE,27368,private,true,
4002,C-004002,2025-08-23,DE,89905,private,true,
4003,C-004003,2023-05-11,DE,92406,private,false,
4004,C-004004,2024-06-13,DE,49210,business,false,
4005,C-004005,2024-05-24,DE,14998,private,true,
4006,C-004006,2023-11-18,DE,24051,private,false,
4007,C-004007,2024-10-18,DE,71302,private,false,
4008,C-004008,2023-09-17,DE,69233,private,true,
4009,C-004009,2024-03-13,AT,,private,false,
4010,C-004010,2023-06-20,DE,30397,private,false,
4011,C-004011,2023-11-17,DE,52239,private,true,
4012,C-004012,2025-06-25,DE,13526,private,false,
4013,C-004013,2025-01-05,DE,48275,private,false,2026-01-29 00:00:00
4014,C-004014,2024-12-10,AT,,private,false,
4015,C-004015,2024-02-07,DE,33275,private,true,
4016,C-004016,2023-01-13,DE,83460,private,false,
4017,C-004017,2025-10-09,DE,93617,business,true,
4018,C-004018,2024-12-10,AT,,private,true,
4019,C-004019,2025-03-23,DE,36963,private,true,2026-06-25 00:00:00
4020,C-004020,2024-07-13,DE,19018,private,false,
4021,C-004021,2026-01-03,DE,22616,private,false,
4022,C-004022,2023-04-02,DE,32612,private,false,
4023,C-004023,2023-05-27,DE,59190,private,true,
4024,C-004024,2023-05-04,DE,80178,private,true,
4025,C-004025,2026-01-25,DE,35819,private,true,
4026,C-004026,2023-06-07,AT,,private,false,
4027,C-004027,2025-04-21,DE,97499,private,true,
4028,C-004028,2023-06-26,DE,88673,private,false,
4029,C-004029,2023-01-26,DE,66152,private,false,
4030,C-004030,2025-09-14,DE,23070,business,true,
4031,C-004031,2023-04-14,CH,,private,false,
4032,C-004032,2024-07-04,DE,79878,private,true,
4033,C-004033,2024-10-18,DE,24434,private,true,
4034,C-004034,2023-06-14,DE,57627,private,true,
4035,C-004035,2025-05-10,DE,25058,private,true,
4036,C-004036,2024-01-17,DE,99699,private,true,
4037,C-004037,2023-08-27,DE,65791,private,false,
4038,C-004038,2024-05-07,DE,60027,private,true,
4039,C-004039,2025-06-21,DE,70131,private,true,
4040,C-004040,2023-07-21,DE,16099,private,false,
4041,C-004041,2023-12-06,DE,47839,private,false,
4042,C-004042,2025-02-18,CH,,private,false,
4043,C-004043,2023-12-27,DE,99125,private,true,
4044,C-004044,2023-08-15,DE,32821,private,false,
4045,C-004045,2023-07-29,DE,79712,private,true,
4046,C-004046,2025-05-13,DE,42801,private,true,
4047,C-004047,2025-03-06,DE,73312,private,false,
4048,C-004048,2023-02-14,DE,13710,private,false,
4049,C-004049,2024-07-23,DE,62633,private,false,
4050,C-004050,2024-04-09,DE,29001,business,true,
4051,C-004051,2023-08-21,DE,88421,private,false,
4052,C-004052,2024-04-01,DE,99861,business,true,
4053,C-004053,2023-10-25,DE,30562,business,false,
4054,C-004054,2024-07-29,DE,68503,private,true,
4055,C-004055,2025-03-31,DE,78920,private,false,
4056,C-004056,2025-12-02,DE,90517,private,false,
4057,C-004057,2025-07-08,DE,23953,business,true,
4058,C-004058,2025-10-01,DE,64723,private,false,
4059,C-004059,2024-12-29,DE,11233,business,false,
4060,C-004060,2025-06-05,DE,51075,private,false,
4061,C-004061,2025-04-12,AT,,business,false,
4062,C-004062,2023-12-11,DE,33331,private,true,
4063,C-004063,2025-04-28,DE,83472,private,false,
4064,C-004064,2025-11-04,DE,87329,private,false,
4065,C-004065,2023-04-20,DE,37155,private,true,
4066,C-004066,2023-01-27,DE,99557,private,false,
4067,C-004067,2023-12-18,DE,25798,private,false,
4068,C-004068,2024-05-10,DE,14801,private,false,
4069,C-004069,2023-04-03,DE,31409,private,true,
4070,C-004070,2025-01-01,DE,54793,private,false,
4071,C-004071,2025-05-12,AT,,private,true,
4072,C-004072,2026-01-27,DE,38551,private,false,
4073,C-004073,2023-11-12,DE,67402,private,false,
4074,C-004074,2024-07-11,DE,18751,private,false,
4075,C-004075,2024-06-04,AT,,private,false,
4076,C-004076,2023-08-06,DE,14891,private,false,
4077,C-004077,2023-09-06,DE,43843,private,false,
4078,C-004078,2023-07-20,AT,,private,false,
4079,C-004079,2023-07-12,DE,71642,private,true,
4080,C-004080,2025-03-30,DE,95277,private,false,
4081,C-004081,2025-05-27,DE,70924,private,false,
4082,C-004082,2023-10-05,DE,90121,private,true,
4083,C-004083,2023-12-27,DE,53073,private,false,
4084,C-004084,2023-07-10,DE,91487,private,true,
4085,C-004085,2025-08-21,DE,25862,private,true,
4086,C-004086,2025-09-07,DE,33626,private,false,
4087,C-004087,2024-09-17,DE,45438,private,true,
4088,C-004088,2023-07-12,DE,18038,private,false,
4089,C-004089,2025-04-23,DE,50441,private,false,
4090,C-004090,2023-01-30,DE,45186,private,false,
4091,C-004091,2023-12-11,DE,97739,private,false,
4092,C-004092,2023-03-05,DE,10959,private,false,
4093,C-004093,2024-09-22,DE,97596,private,false,
4094,C-004094,2025-11-20,DE,11057,business,true,
4095,C-004095,2026-03-25,DE,91270,private,true,
4096,C-004096,2023-05-14,AT,,private,true,
4097,C-004097,2023-10-02,DE,17314,private,true,
4098,C-004098,2025-11-07,AT,,private,false,
4099,C-004099,2023-05-25,DE,33755,private,true,
4100,C-004100,2026-03-29,DE,72951,private,false,
4101,C-004101,2025-02-21,DE,88636,private,false,
4102,C-004102,2023-12-21,DE,22225,private,true,
4103,C-004103,2026-03-10,DE,35149,private,false,
4104,C-004104,2023-02-03,AT,,private,false,
4105,C-004105,2024-07-28,DE,98257,private,true,
4106,C-004106,2023-12-30,DE,49309,private,false,
4107,C-004107,2025-11-25,DE,58618,private,true,
4108,C-004108,2023-07-29,CH,,private,true,
4109,C-004109,2024-06-05,DE,47744,private,false,
4110,C-004110,2023-12-26,DE,27504,private,true,
4111,C-004111,2026-02-09,DE,12845,business,true,
4112,C-004112,2026-03-28,AT,,private,false,
4113,C-004113,2025-12-07,DE,72862,private,false,
4114,C-004114,2023-01-17,DE,65305,private,false,
4115,C-004115,2024-08-03,DE,63065,private,true,
4116,C-004116,2024-11-03,DE,10593,private,false,
4117,C-004117,2023-03-19,DE,76670,private,true,
4118,C-004118,2025-07-21,DE,94548,private,true,
4119,C-004119,2025-04-03,DE,80633,private,false,
4120,C-004120,2024-06-12,DE,94210,private,true,
4121,C-004121,2023-02-15,AT,,private,false,
4122,C-004122,2024-06-18,DE,38166,private,true,
4123,C-004123,2025-12-08,DE,23451,private,false,
4124,C-004124,2024-11-20,DE,10006,private,false,
4125,C-004125,2024-11-24,DE,22572,private,false,
4126,C-004126,2025-02-26,DE,33684,private,false,
4127,C-004127,2024-02-23,DE,93841,private,false,
4128,C-004128,2025-06-09,DE,46469,private,false,
4129,C-004129,2024-10-25,DE,85577,business,true,
4130,C-004130,2024-04-14,DE,44641,private,true,
4131,C-004131,2023-12-31,DE,87047,private,false,
4132,C-004132,2023-12-10,AT,,private,true,
4133,C-004133,2023-09-24,DE,52431,private,false,
4134,C-004134,2025-10-01,DE,77392,private,true,
4135,C-004135,2023-05-27,DE,85100,private,true,
4136,C-004136,2024-05-15,DE,60510,private,false,
4137,C-004137,2024-02-06,DE,12848,private,true,
4138,C-004138,2023-06-12,AT,,private,false,
4139,C-004139,2024-11-13,DE,94240,private,false,2025-11-09 00:00:00
4140,C-004140,2025-10-28,AT,,private,false,
4141,C-004141,2025-07-30,DE,60763,private,false,
4142,C-004142,2024-11-01,DE,43256,business,true,
4143,C-004143,2024-09-14,DE,88348,private,false,
4144,C-004144,2025-02-12,DE,98377,private,true,
4145,C-004145,2023-11-05,DE,16267,private,false,
4146,C-004146,2025-07-07,AT,,private,false,
4147,C-004147,2025-01-01,DE,27813,private,true,
4148,C-004148,2025-03-05,DE,76773,private,false,
4149,C-004149,2026-02-09,AT,,private,false,
4150,C-004150,2025-10-12,CH,,private,false,
4151,C-004151,2024-05-05,CH,,private,false,
4152,C-004152,2024-12-26,AT,,private,false,
4153,C-004153,2023-02-26,CH,,private,false,
4154,C-004154,2026-02-15,DE,72916,business,false,
4155,C-004155,2025-05-12,DE,49065,business,false,
4156,C-004156,2023-06-30,DE,37257,private,false,
4157,C-004157,2023-05-02,DE,84838,business,true,
4158,C-004158,2024-07-22,DE,76353,private,true,
4159,C-004159,2023-11-04,DE,53716,private,true,
4160,C-004160,2025-05-15,DE,98713,private,true,
4161,C-004161,2023-09-24,CH,,private,true,
4162,C-004162,2023-01-28,AT,,business,false,
4163,C-004163,2026-03-14,DE,86665,business,false,
4164,C-004164,2025-01-10,AT,,business,false,
4165,C-004165,2025-10-24,DE,21372,private,false,
4166,C-004166,2026-01-26,DE,68696,private,false,
4167,C-004167,2024-07-20,DE,65712,business,false,
4168,C-004168,2023-07-10,DE,10007,private,false,
4169,C-004169,2024-07-28,DE,60252,private,false,
4170,C-004170,2026-01-26,AT,,private,true,
4171,C-004171,2023-09-30,DE,79042,private,false,
4172,C-004172,2023-05-19,DE,33655,private,true,
4173,C-004173,2026-03-22,DE,51359,private,false,
4174,C-004174,2024-07-23,AT,,private,false,
4175,C-004175,2023-11-15,DE,79721,business,true,
4176,C-004176,2025-03-06,DE,37946,private,true,
4177,C-004177,2026-02-04,DE,54509,business,false,
4178,C-004178,2023-12-10,DE,34638,private,true,
4179,C-004179,2024-11-01,DE,98106,private,true,
4180,C-004180,2023-12-07,AT,,private,false,
4181,C-004181,2025-01-01,CH,,private,false,
4182,C-004182,2025-04-12,DE,22518,private,false,
4183,C-004183,2024-02-22,DE,34628,private,true,
4184,C-004184,2023-01-18,DE,64841,private,true,
4185,C-004185,2024-10-13,DE,79104,business,true,
4186,C-004186,2026-01-06,DE,52974,private,true,
4187,C-004187,2024-12-04,AT,,private,true,
4188,C-004188,2024-09-13,DE,82613,private,false,
4189,C-004189,2025-02-07,DE,24496,private,false,
4190,C-004190,2025-02-10,DE,22727,private,true,
4191,C-004191,2024-03-27,DE,15380,private,false,
4192,C-004192,2023-04-24,CH,,private,true,
4193,C-004193,2025-02-27,DE,50862,private,false,
4194,C-004194,2023-11-18,DE,41740,private,true,
4195,C-004195,2023-04-17,AT,,private,true,
4196,C-004196,2024-10-05,DE,48760,private,true,
4197,C-004197,2025-04-02,DE,57506,private,true,
4198,C-004198,2024-02-05,AT,,private,true,
4199,C-004199,2023-05-01,DE,98043,private,false,
4200,C-004200,2023-07-24,AT,,private,false,
4201,C-004201,2026-01-29,DE,66643,private,true,
4202,C-004202,2024-05-01,DE,83185,private,false,
4203,C-004203,2024-01-12,DE,88374,business,false,
4204,C-004204,2024-06-30,DE,91018,business,true,
4205,C-004205,2023-07-30,DE,93979,private,false,
4206,C-004206,2025-02-18,DE,79001,business,true,
4207,C-004207,2023-09-29,DE,80195,private,false,
4208,C-004208,2023-10-17,DE,92944,private,true,
4209,C-004209,2025-10-19,DE,91039,private,true,
4210,C-004210,2026-03-10,DE,45519,private,true,
4211,C-004211,2025-10-13,DE,84541,private,true,2026-03-10 00:00:00
4212,C-004212,2024-04-16,DE,93040,private,false,
4213,C-004213,2024-12-21,DE,36376,private,false,
4214,C-004214,2023-11-20,DE,45039,business,false,
4215,C-004215,2026-02-18,DE,82941,private,true,
4216,C-004216,2025-08-06,CH,,private,true,
4217,C-004217,2024-01-17,AT,,private,true,
4218,C-004218,2023-02-17,DE,12088,private,false,
4219,C-004219,2025-02-17,DE,33845,private,true,
4220,C-004220,2024-06-20,DE,44536,private,false,
4221,C-004221,2025-07-12,CH,,private,false,
4222,C-004222,2023-03-27,DE,86601,business,false,
4223,C-004223,2025-10-31,DE,22290,private,false,
4224,C-004224,2025-03-07,DE,77478,private,false,
4225,C-004225,2026-02-18,DE,59927,private,false,
4226,C-004226,2024-12-12,DE,41149,private,false,
4227,C-004227,2023-06-01,DE,28094,private,true,
4228,C-004228,2023-02-17,AT,,private,false,
4229,C-004229,2026-02-12,DE,97216,private,false,
4230,C-004230,2025-07-04,AT,,business,false,2026-05-20 00:00:00
4231,C-004231,2023-02-04,DE,78295,private,false,
4232,C-004232,2024-10-22,DE,50375,private,false,
4233,C-004233,2023-05-31,DE,16262,private,true,
4234,C-004234,2025-01-10,DE,22186,private,false,
4235,C-004235,2025-04-17,DE,38975,private,false,
4236,C-004236,2023-09-16,DE,76916,private,true,
4237,C-004237,2025-11-24,DE,53480,private,false,
4238,C-004238,2025-02-17,DE,96970,private,false,
4239,C-004239,2025-12-31,DE,80322,private,true,
4240,C-004240,2023-01-04,DE,37481,business,true,
4241,C-004241,2023-03-27,DE,49062,private,true,
4242,C-004242,2025-05-15,DE,46509,private,false,2026-02-03 00:00:00
4243,C-004243,2024-10-25,DE,85305,private,false,
4244,C-004244,2024-10-28,AT,,private,true,
4245,C-004245,2024-02-15,DE,53221,private,false,
4246,C-004246,2023-11-21,AT,,private,false,
4247,C-004247,2025-07-25,CH,,business,false,
4248,C-004248,2024-08-19,CH,,private,false,
4249,C-004249,2025-05-27,DE,90884,private,false,
4250,C-004250,2025-10-06,DE,51719,private,true,
4251,C-004251,2023-05-28,DE,90134,private,false,
4252,C-004252,2025-04-05,DE,16530,private,true,
4253,C-004253,2026-03-04,CH,,private,false,
4254,C-004254,2023-08-14,DE,52897,private,true,
4255,C-004255,2026-03-24,DE,26548,private,true,
4256,C-004256,2025-12-09,DE,96876,private,false,
4257,C-004257,2023-12-09,DE,43297,private,true,
4258,C-004258,2025-06-11,DE,76342,business,true,
4259,C-004259,2023-03-10,DE,10656,private,true,
4260,C-004260,2023-05-28,AT,,private,true,
4261,C-004261,2025-02-06,DE,23674,private,false,
4262,C-004262,2024-12-09,DE,86778,private,false,
4263,C-004263,2023-11-12,AT,,business,false,
4264,C-004264,2024-07-01,CH,,private,false,
4265,C-004265,2025-10-12,DE,49179,private,false,
4266,C-004266,2026-03-20,DE,55747,private,true,
4267,C-004267,2025-04-17,DE,57766,private,false,
4268,C-004268,2023-03-29,DE,52071,business,false,
4269,C-004269,2024-03-21,DE,51946,private,false,
4270,C-004270,2026-01-29,DE,38513,private,true,
4271,C-004271,2025-01-29,DE,10331,private,true,
4272,C-004272,2025-07-02,DE,55009,private,true,
4273,C-004273,2023-06-18,DE,89580,private,false,
4274,C-004274,2025-10-30,DE,98812,private,true,
4275,C-004275,2024-07-21,DE,37001,private,false,
4276,C-004276,2023-07-25,DE,98206,private,false,
4277,C-004277,2024-05-15,DE,67668,private,false,
4278,C-004278,2025-06-30,DE,73099,private,true,
4279,C-004279,2023-02-08,DE,37557,private,false,
4280,C-004280,2024-09-18,DE,23349,private,false,
4281,C-004281,2024-11-19,AT,,private,true,
4282,C-004282,2023-01-06,AT,,private,false,
4283,C-004283,2025-09-24,DE,55321,private,true,
4284,C-004284,2024-03-07,DE,16257,private,true,
4285,C-004285,2023-08-13,DE,39978,private,true,
4286,C-004286,2024-08-12,DE,96410,private,false,
4287,C-004287,2024-06-21,DE,71380,private,true,
4288,C-004288,2025-10-21,DE,93083,private,true,
4289,C-004289,2025-09-26,DE,71288,private,true,
4290,C-004290,2024-03-14,DE,58066,private,true,
4291,C-004291,2025-02-02,DE,55090,business,false,
4292,C-004292,2025-09-22,DE,22808,private,false,
4293,C-004293,2025-04-17,DE,44405,private,false,
4294,C-004294,2023-08-29,DE,95878,private,true,
4295,C-004295,2024-09-10,DE,87712,private,false,
4296,C-004296,2025-06-29,DE,87315,business,false,
4297,C-004297,2025-09-28,DE,26316,private,false,
4298,C-004298,2026-02-12,DE,38410,private,true,
4299,C-004299,2025-10-19,CH,,private,false,
4300,C-004300,2025-08-03,DE,55604,private,true,2026-05-25 00:00:00
4301,C-004301,2023-03-05,DE,60229,business,true,
4302,C-004302,2025-07-31,DE,66685,private,false,
4303,C-004303,2023-12-31,CH,,private,false,
4304,C-004304,2023-11-16,DE,97108,private,false,
4305,C-004305,2026-01-30,DE,42766,private,false,
4306,C-004306,2024-12-23,CH,,private,false,
4307,C-004307,2024-12-30,DE,26788,private,true,
4308,C-004308,2023-09-30,DE,40209,private,false,
4309,C-004309,2024-12-08,AT,,private,false,
4310,C-004310,2024-01-24,DE,93263,private,false,
4311,C-004311,2024-09-26,CH,,private,false,
4312,C-004312,2024-04-05,DE,18199,private,false,
4313,C-004313,2024-07-02,DE,97498,business,false,
4314,C-004314,2023-01-23,DE,57737,private,false,
4315,C-004315,2025-06-13,AT,,private,true,
4316,C-004316,2025-11-17,DE,64405,private,true,
4317,C-004317,2024-04-30,AT,,private,false,
4318,C-004318,2023-05-20,DE,86450,private,false,
4319,C-004319,2023-08-01,DE,31790,private,true,
4320,C-004320,2023-06-04,DE,59494,private,true,
4321,C-004321,2023-06-19,AT,,private,false,
4322,C-004322,2023-10-28,AT,,private,false,
4323,C-004323,2024-10-14,DE,58798,private,false,
4324,C-004324,2024-03-15,DE,20015,private,true,
4325,C-004325,2023-08-13,DE,54906,private,false,
4326,C-004326,2023-06-24,DE,54319,private,true,
4327,C-004327,2023-10-23,DE,87740,private,false,
4328,C-004328,2024-03-19,DE,23070,private,false,
4329,C-004329,2026-01-04,DE,60069,private,false,
4330,C-004330,2023-10-03,DE,35995,private,true,
4331,C-004331,2024-05-12,DE,68053,private,false,
4332,C-004332,2023-12-13,DE,61759,private,true,2025-06-18 00:00:00
4333,C-004333,2024-08-19,DE,96691,private,false,2025-12-23 00:00:00
4334,C-004334,2025-09-16,DE,28924,private,true,
4335,C-004335,2025-02-03,DE,93428,private,false,
4336,C-004336,2025-05-02,DE,78623,business,true,
4337,C-004337,2025-11-23,DE,85275,business,true,
4338,C-004338,2024-03-31,DE,48977,private,false,
4339,C-004339,2024-11-03,DE,87178,private,false,
4340,C-004340,2023-06-20,DE,89852,private,false,
4341,C-004341,2023-02-11,DE,83997,private,false,
4342,C-004342,2025-09-23,DE,25006,private,true,
4343,C-004343,2025-07-11,DE,83223,private,true,
4344,C-004344,2026-03-21,DE,70889,private,false,
4345,C-004345,2023-01-23,DE,18779,private,false,
4346,C-004346,2024-05-24,DE,32527,private,true,
4347,C-004347,2025-04-02,DE,13287,private,true,
4348,C-004348,2026-02-01,DE,28555,private,false,
4349,C-004349,2024-04-19,DE,49065,private,false,
4350,C-004350,2024-01-29,DE,68803,private,true,
4351,C-004351,2024-05-05,AT,,private,true,
4352,C-004352,2024-06-03,DE,13407,private,false,
4353,C-004353,2023-11-30,DE,29731,private,false,
4354,C-004354,2026-01-17,DE,93202,business,true,
4355,C-004355,2025-09-14,DE,89023,business,true,
4356,C-004356,2025-07-18,DE,13516,private,true,
4357,C-004357,2024-01-29,DE,85121,private,false,
4358,C-004358,2024-09-13,DE,53248,private,false,
4359,C-004359,2023-07-10,CH,,private,false,
4360,C-004360,2026-02-11,DE,25113,private,false,
4361,C-004361,2026-02-15,DE,67092,private,false,
4362,C-004362,2023-05-05,DE,95990,private,true,
4363,C-004363,2025-07-20,DE,71920,private,true,
4364,C-004364,2024-04-29,DE,69138,private,true,
4365,C-004365,2024-11-13,AT,,private,false,
4366,C-004366,2024-11-27,DE,15660,business,false,
4367,C-004367,2024-09-13,DE,25344,private,false,
4368,C-004368,2026-01-13,DE,47946,private,true,
4369,C-004369,2023-11-29,DE,57170,private,false,
4370,C-004370,2024-09-04,DE,73454,private,true,
4371,C-004371,2026-03-25,DE,56018,private,false,
4372,C-004372,2025-05-06,DE,31812,private,false,
4373,C-004373,2025-03-04,DE,99168,private,false,
4374,C-004374,2023-02-20,DE,99821,private,false,
4375,C-004375,2025-02-17,DE,59670,private,false,
4376,C-004376,2024-01-08,AT,,private,false,
4377,C-004377,2024-03-23,DE,91893,private,false,
4378,C-004378,2025-06-25,AT,,private,false,
4379,C-004379,2023-03-25,DE,28915,private,false,
4380,C-004380,2025-02-09,DE,68201,private,true,
4381,C-004381,2023-05-23,DE,56870,business,false,
4382,C-004382,2023-09-10,DE,14257,private,true,
4383,C-004383,2025-04-13,DE,31491,private,false,
4384,C-004384,2024-04-19,DE,38268,private,true,
4385,C-004385,2024-04-15,DE,13608,private,false,
4386,C-004386,2025-02-12,DE,10302,private,false,
4387,C-004387,2025-03-27,DE,61352,private,true,
4388,C-004388,2024-10-23,DE,41777,private,true,
4389,C-004389,2025-09-14,DE,44721,business,false,
4390,C-004390,2024-06-03,DE,54648,private,true,
4391,C-004391,2024-05-17,DE,78194,private,false,
4392,C-004392,2023-01-21,DE,79390,private,false,
4393,C-004393,2023-01-14,DE,27303,private,false,
4394,C-004394,2025-01-17,DE,65610,business,false,
4395,C-004395,2026-02-01,DE,33648,private,false,
4396,C-004396,2023-03-28,DE,19851,private,true,
4397,C-004397,2025-09-11,DE,52733,private,false,
4398,C-004398,2026-02-21,DE,85587,private,true,
4399,C-004399,2023-09-27,DE,78078,private,false,
4400,C-004400,2025-10-14,DE,50594,private,true,
4401,C-004401,2026-03-08,DE,97363,private,false,
4402,C-004402,2026-03-28,DE,33953,private,false,
4403,C-004403,2026-01-14,DE,15416,business,true,
4404,C-004404,2024-01-02,DE,12779,private,false,
4405,C-004405,2023-10-29,DE,74107,private,false,2026-01-06 00:00:00
4406,C-004406,2025-01-09,DE,75311,private,true,
4407,C-004407,2023-10-09,DE,63187,private,true,
4408,C-004408,2025-04-30,DE,56597,private,false,2025-08-18 00:00:00
4409,C-004409,2023-12-17,DE,16658,private,false,
4410,C-004410,2024-04-15,AT,,private,false,
4411,C-004411,2024-11-30,DE,11755,private,false,
4412,C-004412,2026-03-19,CH,,private,false,
4413,C-004413,2026-02-11,DE,21524,private,false,
4414,C-004414,2024-06-15,DE,73625,private,true,
4415,C-004415,2023-06-04,DE,91390,private,true,
4416,C-004416,2025-07-31,DE,75057,private,false,
4417,C-004417,2025-09-16,DE,27130,business,true,
4418,C-004418,2023-04-05,DE,26558,private,false,
4419,C-004419,2024-05-02,DE,45212,private,false,
4420,C-004420,2026-03-24,DE,31171,private,false,
4421,C-004421,2023-07-31,DE,52298,private,false,
4422,C-004422,2023-09-13,DE,20915,private,false,
4423,C-004423,2024-08-01,DE,70226,private,false,
4424,C-004424,2024-09-11,DE,34054,business,false,
4425,C-004425,2024-09-04,DE,60525,private,true,
4426,C-004426,2023-09-24,DE,19186,business,false,
4427,C-004427,2023-12-31,DE,71581,private,false,
4428,C-004428,2025-07-09,DE,72916,private,false,
4429,C-004429,2023-12-18,AT,,private,true,
4430,C-004430,2024-12-02,AT,,private,false,
4431,C-004431,2025-02-09,DE,50289,business,false,
4432,C-004432,2024-04-01,AT,,private,false,
4433,C-004433,2026-03-16,DE,12459,private,true,
4434,C-004434,2024-08-30,DE,92114,private,false,
4435,C-004435,2023-03-04,DE,56443,private,true,
4436,C-004436,2025-09-16,DE,60062,private,true,
4437,C-004437,2023-10-11,DE,64079,private,true,
4438,C-004438,2024-04-17,DE,92513,private,false,
4439,C-004439,2023-05-01,AT,,private,true,
4440,C-004440,2023-08-21,DE,18628,private,true,
4441,C-004441,2024-06-13,DE,11670,private,false,
4442,C-004442,2023-01-24,DE,39199,private,true,
4443,C-004443,2024-03-21,CH,,private,false,
4444,C-004444,2024-09-19,DE,94853,private,false,
4445,C-004445,2024-10-23,DE,72477,private,false,
4446,C-004446,2023-06-18,CH,,private,false,
4447,C-004447,2023-12-07,DE,40969,private,false,
4448,C-004448,2025-04-04,DE,12083,business,true,
4449,C-004449,2026-03-22,DE,69412,private,true,
4450,C-004450,2025-04-12,DE,75960,private,true,
4451,C-004451,2025-09-28,DE,16880,private,true,
4452,C-004452,2024-08-04,DE,28823,private,false,
4453,C-004453,2023-05-06,DE,84829,private,true,
4454,C-004454,2024-04-05,DE,87002,private,true,
4455,C-004455,2023-02-09,DE,34015,private,false,
4456,C-004456,2024-12-11,DE,35969,private,false,
4457,C-004457,2024-05-23,AT,,private,true,
4458,C-004458,2023-02-10,CH,,private,true,
4459,C-004459,2024-03-02,DE,33424,private,false,
4460,C-004460,2023-11-09,DE,80612,private,true,
4461,C-004461,2025-02-05,DE,55461,private,true,
4462,C-004462,2023-04-02,DE,27310,business,true,
4463,C-004463,2024-10-30,DE,56726,business,false,
4464,C-004464,2024-10-26,DE,44966,private,false,
4465,C-004465,2023-04-18,DE,49210,private,false,
4466,C-004466,2024-11-29,DE,58793,business,false,
4467,C-004467,2023-06-29,DE,73742,private,false,
4468,C-004468,2025-11-24,DE,55253,business,true,
4469,C-004469,2023-02-13,DE,43282,private,false,
4470,C-004470,2023-05-21,DE,51164,private,true,
4471,C-004471,2025-01-03,DE,40227,private,false,
4472,C-004472,2023-12-22,CH,,private,true,
4473,C-004473,2024-05-18,DE,19756,private,true,
4474,C-004474,2026-01-03,DE,27225,private,false,
4475,C-004475,2023-01-19,AT,,business,false,
4476,C-004476,2023-03-27,DE,75663,business,false,
4477,C-004477,2025-01-04,DE,50117,private,false,
4478,C-004478,2024-01-24,DE,76215,private,false,
4479,C-004479,2023-03-28,DE,47293,private,true,
4480,C-004480,2025-05-05,DE,73647,private,false,
4481,C-004481,2025-11-17,DE,46837,private,false,
4482,C-004482,2025-03-11,DE,63429,private,true,
4483,C-004483,2025-11-06,DE,99791,private,true,
4484,C-004484,2024-12-24,CH,,private,true,
4485,C-004485,2023-03-14,DE,80294,private,false,
4486,C-004486,2023-11-25,DE,30458,private,true,
4487,C-004487,2025-09-26,DE,98241,business,false,
4488,C-004488,2024-08-17,DE,47056,private,false,
4489,C-004489,2023-02-06,DE,79922,private,false,
4490,C-004490,2024-03-30,DE,88435,private,false,
4491,C-004491,2026-03-12,DE,81909,private,true,
4492,C-004492,2024-02-23,DE,83963,private,true,
4493,C-004493,2023-03-14,CH,,private,false,
4494,C-004494,2025-02-02,DE,21010,private,false,
4495,C-004495,2025-05-20,DE,57899,private,true,
4496,C-004496,2025-04-03,DE,16398,private,false,
4497,C-004497,2025-06-17,DE,55808,private,true,
4498,C-004498,2025-12-19,AT,,private,true,
4499,C-004499,2024-05-06,DE,98736,private,false,
4500,C-004500,2024-02-14,DE,31087,private,false,
4501,C-004501,2025-05-01,DE,23565,private,false,
4502,C-004502,2023-10-22,DE,48020,business,false,
4503,C-004503,2024-11-21,DE,14109,private,false,
4504,C-004504,2025-11-04,CH,,private,false,
4505,C-004505,2026-02-01,AT,,private,false,
4506,C-004506,2024-04-30,DE,38122,private,true,
4507,C-004507,2023-01-28,DE,97982,private,true,
4508,C-004508,2023-05-02,DE,90620,private,true,
4509,C-004509,2024-09-21,DE,46435,private,true,
4510,C-004510,2023-08-06,DE,45582,private,false,
4511,C-004511,2025-04-26,DE,57084,private,false,
4512,C-004512,2023-07-24,DE,69289,private,true,
4513,C-004513,2024-11-01,DE,26992,business,true,
4514,C-004514,2024-04-04,AT,,private,true,
4515,C-004515,2025-07-13,AT,,private,true,
4516,C-004516,2025-01-25,DE,77709,private,false,
4517,C-004517,2023-12-06,DE,64108,private,false,
4518,C-004518,2025-04-04,DE,38509,private,false,
4519,C-004519,2023-09-18,DE,90505,private,false,
4520,C-004520,2023-03-10,DE,28420,private,true,
4521,C-004521,2025-08-28,DE,46942,private,false,
4522,C-004522,2024-09-12,DE,82787,business,true,
4523,C-004523,2023-11-02,DE,42023,private,true,
4524,C-004524,2025-08-03,DE,19656,business,true,
4525,C-004525,2023-08-14,AT,,business,true,
4526,C-004526,2023-09-07,AT,,private,false,
4527,C-004527,2026-03-21,DE,22126,private,true,
4528,C-004528,2025-10-23,DE,90692,private,false,
4529,C-004529,2023-09-14,DE,88544,private,true,
4530,C-004530,2023-10-20,AT,,private,false,
4531,C-004531,2024-03-08,DE,22220,private,true,
4532,C-004532,2024-02-10,DE,83710,private,true,
4533,C-004533,2023-08-01,DE,40337,private,true,
4534,C-004534,2023-11-17,DE,50595,business,false,
4535,C-004535,2024-09-30,DE,46030,private,false,
4536,C-004536,2023-04-08,DE,75972,private,false,
4537,C-004537,2025-07-28,DE,56358,business,true,
4538,C-004538,2025-03-09,DE,53007,private,false,
4539,C-004539,2025-08-25,DE,39161,private,false,
4540,C-004540,2024-03-15,AT,,private,true,
4541,C-004541,2025-12-11,DE,39983,private,true,
4542,C-004542,2025-03-16,DE,92585,private,true,
4543,C-004543,2025-04-08,CH,,business,false,2025-08-31 00:00:00
4544,C-004544,2025-05-23,DE,94659,private,true,
4545,C-004545,2026-02-13,DE,99842,private,false,
4546,C-004546,2023-03-16,DE,48708,private,false,
4547,C-004547,2025-04-13,DE,47830,private,true,
4548,C-004548,2023-02-13,DE,88570,private,false,
4549,C-004549,2024-09-07,AT,,private,false,
4550,C-004550,2025-11-28,DE,95148,private,false,
4551,C-004551,2024-05-19,DE,69768,business,false,
4552,C-004552,2025-08-17,DE,39087,business,false,
4553,C-004553,2025-09-11,DE,14846,private,false,
4554,C-004554,2025-06-28,DE,85200,business,false,
4555,C-004555,2025-05-16,AT,,private,true,
4556,C-004556,2023-07-10,DE,53802,private,false,
4557,C-004557,2025-05-16,DE,49719,private,true,
4558,C-004558,2026-03-02,DE,31202,private,false,
4559,C-004559,2024-04-13,DE,37671,business,false,
4560,C-004560,2024-04-24,DE,50778,private,false,
4561,C-004561,2024-01-04,DE,24636,private,true,
4562,C-004562,2025-09-05,DE,84439,private,true,
4563,C-004563,2024-09-13,DE,29953,private,true,
4564,C-004564,2024-02-06,DE,59298,private,false,
4565,C-004565,2024-11-05,CH,,private,false,
4566,C-004566,2025-03-05,DE,41644,private,true,
4567,C-004567,2024-07-14,DE,89817,private,false,
4568,C-004568,2025-03-10,DE,94028,business,true,
4569,C-004569,2023-07-27,DE,25524,private,true,
4570,C-004570,2023-09-06,DE,83045,private,true,
4571,C-004571,2024-01-20,CH,,private,true,
4572,C-004572,2024-03-03,DE,96851,private,false,2025-03-01 00:00:00
4573,C-004573,2024-11-02,DE,41108,business,false,
4574,C-004574,2024-05-28,DE,80910,private,false,
4575,C-004575,2025-03-20,DE,26533,private,false,
4576,C-004576,2023-04-23,DE,10929,private,true,
4577,C-004577,2023-04-09,DE,17259,private,false,
4578,C-004578,2023-06-20,DE,70250,private,false,
4579,C-004579,2024-01-30,DE,92155,private,false,
4580,C-004580,2025-11-19,DE,77108,private,false,2026-06-09 00:00:00
4581,C-004581,2023-10-14,DE,59213,private,false,
4582,C-004582,2026-03-19,DE,83489,private,false,
4583,C-004583,2025-04-09,DE,44563,private,false,
4584,C-004584,2024-06-21,DE,92325,private,false,
4585,C-004585,2024-05-16,DE,51551,private,false,
4586,C-004586,2025-05-08,DE,79508,private,false,
4587,C-004587,2026-01-25,DE,78979,private,false,
4588,C-004588,2025-03-25,AT,,private,true,
4589,C-004589,2024-04-02,AT,,private,false,
4590,C-004590,2025-06-12,DE,89886,private,true,
4591,C-004591,2023-05-16,DE,29312,private,true,
4592,C-004592,2024-04-06,DE,96322,private,false,
4593,C-004593,2024-01-03,CH,,private,false,
4594,C-004594,2025-04-03,DE,41509,private,true,
4595,C-004595,2025-08-02,DE,31681,private,false,
4596,C-004596,2024-01-17,DE,49489,private,false,
4597,C-004597,2025-12-01,DE,66256,private,false,
4598,C-004598,2026-01-15,DE,50515,business,false,
4599,C-004599,2024-03-31,DE,13214,private,true,
4600,C-004600,2024-10-18,DE,55576,private,false,
4601,C-004601,2023-04-25,DE,73108,private,false,
4602,C-004602,2025-12-22,DE,22840,private,true,
4603,C-004603,2023-11-08,DE,71336,private,false,
4604,C-004604,2023-12-11,DE,12947,private,false,
4605,C-004605,2024-03-19,DE,10879,private,true,
4606,C-004606,2023-12-25,DE,74186,private,false,
4607,C-004607,2025-08-17,DE,35633,private,false,
4608,C-004608,2025-01-05,CH,,private,true,
4609,C-004609,2026-03-01,CH,,private,true,
4610,C-004610,2023-06-24,DE,69775,private,true,
4611,C-004611,2023-01-25,DE,95581,private,true,
4612,C-004612,2025-08-06,AT,,business,true,
4613,C-004613,2024-08-20,DE,81177,private,true,
4614,C-004614,2023-03-29,DE,29156,private,true,
4615,C-004615,2026-03-29,CH,,private,false,
4616,C-004616,2025-11-13,DE,24500,private,false,
4617,C-004617,2023-03-22,AT,,private,false,
4618,C-004618,2023-12-18,DE,48090,private,false,
4619,C-004619,2026-01-20,DE,68876,private,false,2026-06-07 00:00:00
4620,C-004620,2023-02-16,DE,19090,private,false,
4621,C-004621,2025-06-13,DE,37438,private,false,
4622,C-004622,2025-03-21,DE,53518,private,false,
4623,C-004623,2023-07-07,DE,14241,business,false,
4624,C-004624,2025-11-17,DE,26894,private,false,
4625,C-004625,2023-09-21,DE,11407,private,false,2025-01-21 00:00:00
4626,C-004626,2025-07-14,DE,79330,private,true,
4627,C-004627,2024-04-17,DE,93852,private,false,
4628,C-004628,2024-07-16,DE,66982,private,false,
4629,C-004629,2026-03-19,DE,64466,private,true,
4630,C-004630,2025-03-22,DE,60529,private,false,
4631,C-004631,2026-02-17,DE,10188,private,true,
4632,C-004632,2024-06-04,DE,67133,private,true,2024-11-12 00:00:00
4633,C-004633,2025-03-11,DE,48030,private,true,
4634,C-004634,2024-11-09,DE,63374,business,false,
4635,C-004635,2024-09-05,DE,10470,private,false,
4636,C-004636,2023-09-23,DE,95746,business,true,
4637,C-004637,2025-04-15,DE,35577,private,false,
4638,C-004638,2023-09-08,DE,42052,private,true,
4639,C-004639,2023-11-30,DE,75957,private,false,
4640,C-004640,2026-01-27,DE,55854,private,false,
4641,C-004641,2024-07-09,DE,63030,private,false,
4642,C-004642,2023-12-24,CH,,private,false,
4643,C-004643,2023-04-06,DE,52549,business,false,
4644,C-004644,2024-10-16,DE,81211,private,true,
4645,C-004645,2026-02-04,DE,46223,private,true,
4646,C-004646,2025-12-24,DE,57021,private,true,
4647,C-004647,2025-12-28,AT,,private,false,
4648,C-004648,2023-08-30,AT,,private,false,
4649,C-004649,2024-09-25,AT,,private,false,
4650,C-004650,2025-01-23,CH,,private,false,
4651,C-004651,2025-01-16,DE,83863,private,true,
4652,C-004652,2025-04-13,DE,21568,private,false,
4653,C-004653,2023-08-08,DE,39294,private,false,
4654,C-004654,2023-02-07,DE,67953,private,false,
4655,C-004655,2024-05-27,DE,10073,private,true,
4656,C-004656,2026-01-30,DE,70916,private,true,
4657,C-004657,2023-03-21,DE,32005,business,true,
4658,C-004658,2024-01-07,DE,59277,private,true,
4659,C-004659,2023-05-05,DE,19220,private,true,
4660,C-004660,2023-09-24,DE,39790,private,false,
4661,C-004661,2023-01-15,DE,25313,private,true,
4662,C-004662,2024-05-19,DE,87908,private,false,
4663,C-004663,2023-09-17,DE,16375,private,false,
4664,C-004664,2024-03-27,DE,98686,private,false,
4665,C-004665,2024-12-23,AT,,private,true,
4666,C-004666,2026-02-22,AT,,private,false,
4667,C-004667,2024-06-12,DE,16704,private,false,
4668,C-004668,2026-03-10,DE,90671,business,true,
4669,C-004669,2024-08-31,DE,43115,private,false,
4670,C-004670,2024-09-26,DE,32328,private,true,
4671,C-004671,2025-05-22,DE,40442,private,false,
4672,C-004672,2024-09-01,DE,61249,private,false,
4673,C-004673,2023-03-05,CH,,private,true,
4674,C-004674,2025-11-21,DE,84408,private,true,
4675,C-004675,2023-04-21,DE,57693,private,false,
4676,C-004676,2025-11-02,AT,,private,false,
4677,C-004677,2025-10-14,DE,72514,private,false,
4678,C-004678,2025-12-13,DE,74068,private,false,
4679,C-004679,2024-03-07,DE,71075,private,false,
4680,C-004680,2025-08-11,CH,,business,false,
4681,C-004681,2024-01-31,DE,80071,business,false,
4682,C-004682,2024-03-22,DE,75673,private,true,
4683,C-004683,2024-10-20,DE,89169,private,true,
4684,C-004684,2024-11-27,DE,34548,private,false,
4685,C-004685,2024-04-04,DE,61457,private,true,
4686,C-004686,2024-10-07,DE,53386,private,true,
4687,C-004687,2023-09-01,DE,34690,private,true,
4688,C-004688,2023-10-14,CH,,private,false,
4689,C-004689,2025-05-18,DE,56784,private,true,
4690,C-004690,2024-10-04,DE,29503,private,false,
4691,C-004691,2023-03-17,DE,50523,business,true,
4692,C-004692,2024-06-27,CH,,private,false,
4693,C-004693,2025-03-13,DE,96857,private,false,
4694,C-004694,2023-07-10,CH,,private,false,
4695,C-004695,2023-01-30,AT,,private,false,
4696,C-004696,2023-11-12,DE,96011,private,false,
4697,C-004697,2023-02-24,DE,42549,private,false,
4698,C-004698,2023-01-09,CH,,private,true,
4699,C-004699,2024-11-12,DE,10867,private,true,
4700,C-004700,2025-10-20,DE,38362,private,false,
4701,C-004701,2024-04-20,DE,88722,private,false,
4702,C-004702,2023-05-07,DE,42007,private,true,
4703,C-004703,2025-03-30,DE,65586,private,false,
4704,C-004704,2026-02-26,DE,68212,private,true,
4705,C-004705,2025-02-06,CH,,private,false,
4706,C-004706,2023-03-18,DE,18799,private,false,
4707,C-004707,2024-11-28,DE,37365,private,true,
4708,C-004708,2024-06-01,DE,31442,business,false,
4709,C-004709,2023-08-23,DE,41151,private,false,
4710,C-004710,2024-04-18,DE,30650,private,false,
4711,C-004711,2026-03-29,AT,,private,false,
4712,C-004712,2024-11-21,DE,15521,private,true,
4713,C-004713,2023-04-24,AT,,private,true,
4714,C-004714,2025-08-06,DE,47496,private,false,
4715,C-004715,2026-02-20,DE,31825,private,false,
4716,C-004716,2026-01-26,CH,,business,true,
4717,C-004717,2025-11-27,AT,,private,true,
4718,C-004718,2023-12-09,DE,64520,private,true,
4719,C-004719,2025-05-08,DE,74365,private,true,
4720,C-004720,2025-04-16,DE,94768,private,false,
4721,C-004721,2025-05-23,AT,,private,false,
4722,C-004722,2024-06-10,AT,,private,true,
4723,C-004723,2025-07-16,DE,80299,private,false,
4724,C-004724,2024-06-18,DE,64601,business,false,
4725,C-004725,2024-10-13,DE,21326,private,false,
4726,C-004726,2023-10-19,AT,,private,false,
4727,C-004727,2023-11-10,DE,27869,private,false,
4728,C-004728,2025-11-15,DE,94397,private,false,
4729,C-004729,2025-02-12,DE,74578,private,true,
4730,C-004730,2023-06-02,DE,62142,private,true,
4731,C-004731,2026-01-16,DE,94051,private,true,
4732,C-004732,2025-04-02,DE,58192,private,false,
4733,C-004733,2023-05-12,DE,32832,private,true,
4734,C-004734,2024-06-21,DE,99872,private,true,
4735,C-004735,2024-07-07,DE,21219,private,true,
4736,C-004736,2026-02-13,DE,71771,private,false,2026-04-29 00:00:00
4737,C-004737,2023-01-03,DE,23470,private,false,
4738,C-004738,2025-01-21,DE,17184,private,false,
4739,C-004739,2025-08-23,AT,,business,true,
4740,C-004740,2026-01-27,DE,29879,private,false,
4741,C-004741,2024-08-24,DE,14585,private,true,
4742,C-004742,2026-03-14,AT,,business,false,
4743,C-004743,2025-10-13,DE,29476,private,false,2025-12-24 00:00:00
4744,C-004744,2024-12-13,DE,92145,private,true,
4745,C-004745,2024-04-15,DE,32563,private,true,2026-05-05 00:00:00
4746,C-004746,2025-08-21,DE,70386,private,false,
4747,C-004747,2024-11-14,DE,69153,private,false,
4748,C-004748,2024-09-25,DE,98893,private,true,
4749,C-004749,2024-06-12,DE,24811,private,true,
4750,C-004750,2024-12-16,DE,99120,private,true,
4751,C-004751,2025-01-20,DE,90295,private,true,
4752,C-004752,2024-04-15,AT,,private,false,
4753,C-004753,2026-03-20,DE,98612,private,false,
4754,C-004754,2025-02-10,DE,21587,business,false,
4755,C-004755,2025-07-26,DE,90658,private,false,
4756,C-004756,2025-03-11,DE,77568,business,true,
4757,C-004757,2023-04-30,DE,47125,private,true,
4758,C-004758,2023-04-03,DE,90897,private,true,
4759,C-004759,2026-03-28,DE,51594,private,true,
4760,C-004760,2023-10-25,CH,,private,true,
4761,C-004761,2023-07-05,DE,19282,business,false,
4762,C-004762,2025-12-30,DE,97596,private,false,
4763,C-004763,2024-10-20,DE,85612,private,true,
4764,C-004764,2025-04-23,DE,36025,private,true,
4765,C-004765,2024-07-17,DE,30473,private,true,
4766,C-004766,2023-10-30,DE,74925,private,true,
4767,C-004767,2023-10-02,DE,85293,private,true,
4768,C-004768,2025-11-24,AT,,private,false,
4769,C-004769,2023-07-28,DE,46951,private,true,
4770,C-004770,2025-08-21,CH,,private,false,
4771,C-004771,2024-09-16,DE,23591,private,false,
4772,C-004772,2025-09-13,DE,33624,private,false,
4773,C-004773,2023-06-15,DE,16215,business,true,
4774,C-004774,2024-07-09,DE,68459,private,false,
4775,C-004775,2025-05-26,DE,81009,private,false,
4776,C-004776,2025-12-10,DE,43814,private,true,
4777,C-004777,2025-07-14,DE,86184,private,true,2025-11-20 00:00:00
4778,C-004778,2024-03-12,DE,88914,private,true,
4779,C-004779,2025-06-09,DE,86208,private,false,
4780,C-004780,2024-03-03,DE,30079,private,false,
4781,C-004781,2024-07-24,AT,,private,false,
4782,C-004782,2024-05-11,DE,19162,private,true,
4783,C-004783,2025-01-07,DE,41456,private,true,
4784,C-004784,2023-05-08,CH,,private,true,
4785,C-004785,2024-05-31,DE,14603,private,false,
4786,C-004786,2023-09-26,DE,16928,private,false,
4787,C-004787,2024-03-12,AT,,private,true,
4788,C-004788,2025-10-04,DE,69843,private,false,
4789,C-004789,2024-12-22,DE,91991,private,false,
4790,C-004790,2023-06-06,DE,83085,private,false,
4791,C-004791,2025-09-26,DE,51805,private,false,
4792,C-004792,2024-09-03,DE,40362,private,true,
4793,C-004793,2024-12-25,DE,13764,private,true,
4794,C-004794,2023-12-05,DE,19964,private,false,
4795,C-004795,2023-12-17,AT,,private,false,
4796,C-004796,2023-03-26,AT,,private,false,
4797,C-004797,2025-12-13,DE,79810,private,false,
4798,C-004798,2024-08-09,DE,97798,business,true,
4799,C-004799,2024-03-27,AT,,private,false,
4800,C-004800,2025-07-31,DE,30885,private,false,
4801,C-004801,2023-02-04,DE,48401,private,true,
4802,C-004802,2023-09-17,DE,27849,private,false,
4803,C-004803,2025-05-25,CH,,private,false,
4804,C-004804,2023-10-22,DE,29600,private,false,
4805,C-004805,2023-01-13,DE,45210,private,false,
4806,C-004806,2025-06-15,CH,,private,true,
4807,C-004807,2026-01-04,DE,93441,private,false,
4808,C-004808,2025-01-24,DE,95245,private,false,
4809,C-004809,2023-09-22,AT,,private,false,
4810,C-004810,2023-03-16,DE,86547,private,true,
4811,C-004811,2025-08-20,DE,93365,private,false,
4812,C-004812,2023-09-17,DE,12968,private,false,
4813,C-004813,2024-10-01,DE,29974,private,true,
4814,C-004814,2024-11-09,DE,99644,private,false,
4815,C-004815,2024-04-01,CH,,private,false,
4816,C-004816,2023-03-21,DE,19063,business,false,
4817,C-004817,2025-01-06,DE,94531,private,false,
4818,C-004818,2025-07-31,DE,59822,private,false,
4819,C-004819,2023-01-21,DE,44675,private,false,
4820,C-004820,2025-06-02,DE,19247,private,true,
4821,C-004821,2023-11-30,DE,67370,private,true,
4822,C-004822,2023-03-01,DE,90604,private,false,
4823,C-004823,2024-06-20,CH,,private,false,
4824,C-004824,2023-11-23,DE,87940,business,false,
4825,C-004825,2024-10-23,DE,42104,business,false,
4826,C-004826,2026-03-25,DE,75378,private,true,
4827,C-004827,2023-07-06,AT,,private,false,
4828,C-004828,2025-05-18,DE,19921,business,false,
4829,C-004829,2023-03-20,DE,37093,business,true,
4830,C-004830,2025-07-25,DE,26947,private,true,
4831,C-004831,2025-07-10,DE,59934,private,false,
4832,C-004832,2025-01-19,DE,86200,private,true,
4833,C-004833,2024-08-28,DE,58608,private,false,
4834,C-004834,2025-01-23,DE,92469,private,false,
4835,C-004835,2025-03-03,DE,77363,private,true,
4836,C-004836,2025-01-16,AT,,private,true,
4837,C-004837,2024-04-04,DE,96875,private,false,
4838,C-004838,2025-01-21,DE,79414,private,false,
4839,C-004839,2025-10-22,DE,18795,private,true,
4840,C-004840,2024-01-14,DE,48777,private,true,
4841,C-004841,2024-10-16,DE,27761,private,true,
4842,C-004842,2025-08-27,DE,13371,private,false,
4843,C-004843,2025-11-16,DE,57497,private,true,
4844,C-004844,2024-05-10,DE,47291,private,false,
4845,C-004845,2024-08-08,DE,67213,private,false,
4846,C-004846,2024-04-23,DE,21829,private,false,
4847,C-004847,2023-12-27,DE,96512,business,false,
4848,C-004848,2023-12-04,DE,13527,private,false,
4849,C-004849,2024-08-01,AT,,private,false,
4850,C-004850,2024-04-29,AT,,private,false,
4851,C-004851,2023-06-28,CH,,private,true,
4852,C-004852,2024-04-22,DE,38093,private,true,
4853,C-004853,2025-06-04,DE,34332,private,false,
4854,C-004854,2025-10-07,DE,13397,private,true,
4855,C-004855,2023-12-05,DE,39332,private,false,
4856,C-004856,2023-03-22,DE,91011,private,true,
4857,C-004857,2025-12-12,CH,,business,false,
4858,C-004858,2023-05-24,DE,34675,private,true,
4859,C-004859,2023-08-28,AT,,business,false,
4860,C-004860,2025-11-16,DE,83608,private,true,
4861,C-004861,2024-02-28,DE,92055,private,true,
4862,C-004862,2025-03-27,DE,19070,private,false,
4863,C-004863,2025-09-18,DE,83817,private,true,
4864,C-004864,2023-07-08,DE,14687,private,false,
4865,C-004865,2024-10-19,DE,30825,business,true,
4866,C-004866,2023-02-16,DE,87651,private,true,
4867,C-004867,2025-01-23,DE,72226,private,true,
4868,C-004868,2025-03-11,DE,30119,private,false,
4869,C-004869,2025-01-03,DE,59456,private,true,
4870,C-004870,2024-03-03,DE,94212,business,true,
4871,C-004871,2025-10-28,DE,17191,business,false,
4872,C-004872,2024-10-08,DE,14060,private,false,
4873,C-004873,2024-01-20,DE,17920,private,true,
4874,C-004874,2025-05-19,DE,46822,private,true,
4875,C-004875,2025-04-04,AT,,private,false,
4876,C-004876,2024-05-17,AT,,private,false,
4877,C-004877,2025-08-02,DE,11166,private,false,
4878,C-004878,2023-02-24,DE,83326,private,true,
4879,C-004879,2025-05-11,DE,63244,private,true,
4880,C-004880,2024-11-22,AT,,private,true,
4881,C-004881,2026-01-14,DE,41903,private,false,
4882,C-004882,2025-08-16,DE,28630,private,false,
4883,C-004883,2025-12-10,AT,,private,false,
4884,C-004884,2025-02-04,DE,24754,private,true,
4885,C-004885,2024-03-09,DE,13136,business,false,
4886,C-004886,2024-03-15,AT,,private,true,
4887,C-004887,2025-05-27,DE,35618,private,true,
4888,C-004888,2025-03-22,AT,,private,true,
4889,C-004889,2025-12-25,DE,57722,private,true,
4890,C-004890,2025-11-28,DE,72863,private,false,
4891,C-004891,2024-06-28,DE,62471,private,false,
4892,C-004892,2024-04-11,DE,73017,private,false,
4893,C-004893,2025-03-29,DE,24536,private,false,2025-07-19 00:00:00
4894,C-004894,2024-07-05,DE,50842,business,false,
4895,C-004895,2024-03-14,DE,25500,private,true,
4896,C-004896,2023-07-28,DE,19978,private,false,
4897,C-004897,2023-07-02,DE,53626,private,false,
4898,C-004898,2024-11-30,DE,43843,private,true,
4899,C-004899,2023-12-26,DE,43487,private,true,
4900,C-004900,2024-04-19,DE,48019,business,true,
4901,C-004901,2024-07-12,DE,56422,private,false,
4902,C-004902,2025-04-20,DE,22152,business,true,2025-08-02 00:00:00
4903,C-004903,2025-04-27,DE,38907,private,false,
4904,C-004904,2025-12-06,DE,22974,private,false,
4905,C-004905,2025-06-30,DE,80133,private,true,
4906,C-004906,2025-01-22,DE,99021,private,false,
4907,C-004907,2025-07-12,DE,89240,private,true,
4908,C-004908,2026-03-20,DE,24876,private,false,
4909,C-004909,2023-05-23,DE,12524,private,false,
4910,C-004910,2024-05-07,DE,72109,private,true,
4911,C-004911,2025-08-07,DE,84765,private,true,
4912,C-004912,2024-11-08,DE,33755,private,false,
4913,C-004913,2024-12-28,DE,48493,private,true,
4914,C-004914,2023-10-11,AT,,private,false,
4915,C-004915,2024-12-25,AT,,private,true,
4916,C-004916,2023-01-25,DE,18760,private,false,
4917,C-004917,2025-07-04,DE,51802,private,false,
4918,C-004918,2024-01-13,DE,82194,private,false,
4919,C-004919,2024-04-11,AT,,private,false,
4920,C-004920,2025-09-23,DE,21861,private,false,
4921,C-004921,2025-06-30,DE,91652,private,false,
4922,C-004922,2024-08-04,DE,41379,private,false,
4923,C-004923,2023-03-25,AT,,private,false,
4924,C-004924,2024-09-09,DE,91987,business,false,
4925,C-004925,2024-05-17,DE,81017,private,true,
4926,C-004926,2024-02-18,DE,57081,private,false,
4927,C-004927,2025-04-10,DE,16327,private,false,
4928,C-004928,2023-10-11,DE,71912,private,true,
4929,C-004929,2023-07-16,AT,,private,false,
4930,C-004930,2023-05-13,AT,,private,false,
4931,C-004931,2025-12-04,DE,73916,private,false,
4932,C-004932,2026-03-27,DE,62602,private,true,
4933,C-004933,2024-06-11,DE,86352,private,true,
4934,C-004934,2025-10-30,DE,32604,private,false,
4935,C-004935,2024-09-10,AT,,private,false,
4936,C-004936,2025-11-23,AT,,private,false,
4937,C-004937,2024-01-14,DE,83343,private,false,
4938,C-004938,2025-10-11,DE,92906,business,false,
4939,C-004939,2023-10-29,DE,95170,private,false,
4940,C-004940,2026-02-10,AT,,private,true,
4941,C-004941,2025-09-16,DE,63993,private,false,
4942,C-004942,2023-02-09,DE,81999,private,false,
4943,C-004943,2024-03-16,AT,,private,true,
4944,C-004944,2024-09-21,DE,10152,private,false,
4945,C-004945,2023-01-29,DE,87821,private,false,
4946,C-004946,2023-02-13,DE,79170,private,false,
4947,C-004947,2025-11-14,DE,86027,private,false,
4948,C-004948,2024-04-05,DE,14603,private,false,
4949,C-004949,2026-03-14,CH,,private,true,
4950,C-004950,2023-11-13,DE,67705,private,false,
4951,C-004951,2025-04-18,CH,,private,false,
4952,C-004952,2025-08-30,DE,51505,private,true,
4953,C-004953,2025-06-23,DE,88391,private,true,
4954,C-004954,2025-11-10,DE,72472,business,false,
4955,C-004955,2026-03-28,DE,53757,private,false,
4956,C-004956,2023-09-29,DE,90144,business,false,
4957,C-004957,2024-04-07,DE,43513,private,false,
4958,C-004958,2024-12-08,DE,11325,private,false,
4959,C-004959,2023-03-09,CH,,private,false,
4960,C-004960,2023-03-22,DE,29220,private,true,
4961,C-004961,2023-11-01,DE,54905,private,false,
4962,C-004962,2026-02-16,DE,18106,private,false,
4963,C-004963,2025-01-03,AT,,private,true,
4964,C-004964,2025-04-15,DE,38455,private,true,
4965,C-004965,2024-06-12,DE,78109,private,true,
4966,C-004966,2024-04-17,DE,75181,private,false,
4967,C-004967,2023-12-28,DE,40071,private,true,
4968,C-004968,2025-08-23,AT,,private,false,
4969,C-004969,2026-01-17,DE,14460,private,false,
4970,C-004970,2024-02-23,DE,35775,business,true,
4971,C-004971,2023-09-11,DE,46822,private,false,
4972,C-004972,2025-01-21,DE,73814,private,true,
4973,C-004973,2026-01-26,DE,87652,business,false,
4974,C-004974,2025-12-08,DE,98805,private,true,
4975,C-004975,2023-08-21,DE,95530,private,false,
4976,C-004976,2025-03-01,DE,28884,private,true,
4977,C-004977,2023-07-16,DE,91359,private,false,
4978,C-004978,2023-11-19,DE,69022,business,true,
4979,C-004979,2024-02-10,DE,57534,private,false,
4980,C-004980,2024-02-23,DE,93317,private,false,
4981,C-004981,2026-03-17,DE,98727,private,false,
4982,C-004982,2025-11-26,AT,,private,true,
4983,C-004983,2024-05-02,DE,98367,private,true,
4984,C-004984,2025-05-11,CH,,private,false,
4985,C-004985,2023-03-03,DE,95111,business,false,
4986,C-004986,2025-12-09,DE,39249,private,true,
4987,C-004987,2024-09-01,DE,85629,private,false,
4988,C-004988,2025-12-25,DE,21668,private,false,
4989,C-004989,2023-01-02,DE,59955,private,true,
4990,C-004990,2023-12-12,DE,98736,private,false,
4991,C-004991,2025-06-23,DE,89130,private,false,
4992,C-004992,2024-06-10,DE,83778,private,true,
4993,C-004993,2024-12-13,DE,96838,private,false,
4994,C-004994,2025-01-23,DE,17022,private,false,
4995,C-004995,2023-11-03,DE,71307,business,false,
4996,C-004996,2024-02-22,DE,55996,private,false,
4997,C-004997,2025-03-10,DE,32283,private,false,
4998,C-004998,2024-02-23,DE,18560,private,true,
4999,C-004999,2025-05-22,DE,89063,business,true,
5000,C-005000,2023-01-22,DE,13002,private,true,
