return_id,order_item_id,return_date,quantity_returned,reason_code,refund_amount
1,52,2026-04-20,3,not_as_described,847.95
2,75,2026-03-28,2,defect,612.22
3,80,2026-04-19,1,defect,57.37
4,85,2024-04-17,1,not_as_described,138.67
5,89,2026-01-23,1,wrong_size,246.46
6,102,2026-06-07,1,wrong_size,304.6
7,116,2025-08-16,1,defect,193.5
8,133,2024-12-15,2,wrong_size,467.68
9,150,2026-04-15,1,wrong_size,107.93
10,151,2026-04-22,1,defect,353.85
11,160,2026-03-14,1,wrong_size,78.07
12,184,2025-10-25,1,not_as_described,267.05
13,204,2026-01-03,2,wrong_size,394.06
14,209,2025-12-03,1,defect,16.53
15,213,2024-04-06,1,wrong_size,179.01
16,218,2024-04-30,2,no_reason,401.76
17,223,2026-03-24,1,wrong_size,384.09
18,229,2026-06-15,1,wrong_size,89.47
19,241,2025-08-07,1,no_reason,321.94
20,255,2026-02-10,1,wrong_size,275.98
21,289,2025-11-26,1,no_reason,134.1
22,314,2025-03-09,3,wrong_size,580.17
23,358,2026-02-12,3,not_as_described,67.86
24,366,2024-09-19,1,not_as_described,257.09
25,370,2025-03-03,1,wrong_size,416.78
26,375,2026-02-24,1,defect,183.91
27,386,2025-11-22,1,wrong_size,298.84
28,393,2024-05-29,1,no_reason,422.34
29,413,2026-01-27,1,defect,372.65
30,414,2025-12-26,1,not_as_described,367.09
31,422,2025-04-21,3,no_reason,794.52
32,425,2025-07-30,1,no_reason,257.87
33,439,2026-01-14,1,no_reason,346.53
34,449,2026-02-04,1,defect,186.18
35,460,2025-09-21,1,no_reason,108.19
36,469,2025-01-03,2,not_as_described,798.09
37,473,2025-09-06,1,wrong_size,207.81
38,476,2025-04-13,1,defect,99.06
39,496,2025-12-03,1,wrong_size,93.16
40,508,2024-12-27,1,defect,132.17
41,530,2026-04-13,1,no_reason,276.28
42,548,2026-03-15,1,defect,138.72
43,551,2026-05-06,2,not_as_described,420.94
44,561,2026-05-26,1,wrong_size,61.94
45,564,2025-04-15,2,wrong_size,443.8
46,576,2025-11-28,1,not_as_described,57.07
47,592,2025-07-09,3,wrong_size,875.22
48,617,2025-10-15,1,defect,331.8
49,642,2025-07-04,2,not_as_described,547.43
50,648,2026-01-01,1,not_as_described,389.02
51,659,2026-05-02,2,wrong_size,658.8
52,662,2025-04-12,1,not_as_described,274.07
53,677,2025-11-02,2,wrong_size,545.07
54,711,2025-11-09,1,wrong_size,115.1
55,721,2024-12-24,1,wrong_size,10.59
56,747,2026-05-01,1,not_as_described,28.66
57,778,2026-03-09,1,no_reason,342.51
58,780,2025-10-15,1,wrong_size,105.23
59,794,2025-07-29,1,wrong_size,218.65
60,812,2025-02-19,1,defect,184.76
61,820,2024-04-25,2,no_reason,345.88
62,826,2025-02-13,1,no_reason,136.31
63,836,2024-11-11,2,defect,696.35
64,837,2024-11-23,2,defect,542.83
65,863,2026-03-17,1,not_as_described,366.32
66,867,2026-04-05,3,wrong_size,1114.42
67,873,2026-03-15,1,defect,128.25
68,890,2026-01-22,1,defect,373.67
69,895,2025-12-22,1,not_as_described,146.79
70,909,2026-03-09,1,wrong_size,225.75
71,944,2026-04-02,3,no_reason,967.65
72,953,2026-06-26,1,wrong_size,213.26
73,958,2024-08-24,2,not_as_described,681.46
74,970,2026-03-11,1,wrong_size,203.72
75,1013,2026-02-06,1,wrong_size,69.03
76,1029,2025-07-07,1,defect,460.14
77,1039,2025-12-20,1,wrong_size,245.7
78,1045,2026-02-14,1,defect,243.52
79,1053,2025-08-30,1,no_reason,361.49
80,1056,2026-04-03,1,defect,113.39
81,1074,2026-01-05,2,wrong_size,661.5
82,1098,2026-01-04,2,wrong_size,542.44
83,1114,2024-12-23,1,wrong_size,138.83
84,1117,2025-03-04,1,defect,400.08
85,1129,2025-12-20,1,no_reason,28.76
86,1139,2024-03-08,3,wrong_size,730.23
87,1191,2026-06-06,1,no_reason,133.55
88,1198,2026-05-01,1,defect,135.99
89,1223,2026-01-18,1,defect,188.27
90,1262,2025-07-15,2,wrong_size,395.79
91,1273,2026-02-08,1,defect,361.26
92,1284,2026-02-14,2,not_as_described,278.16
93,1307,2025-10-27,2,defect,250.38
94,1325,2024-02-28,1,no_reason,60.78
95,1339,2024-03-04,1,wrong_size,119.82
96,1388,2026-02-27,1,defect,167.48
97,1410,2025-05-09,1,wrong_size,17.56
98,1437,2025-10-20,1,defect,35.05
99,1441,2025-08-24,1,not_as_described,241.08
100,1444,2024-12-11,3,wrong_size,542.22
101,1447,2025-08-26,3,wrong_size,1061.1
102,1451,2025-08-22,1,wrong_size,248.22
103,1454,2025-10-22,1,wrong_size,169.79
104,1463,2025-06-07,1,defect,347.28
105,1467,2025-12-28,1,no_reason,302.62
106,1473,2026-03-27,1,not_as_described,146.97
107,1475,2024-10-23,1,no_reason,207.51
108,1491,2025-03-11,2,defect,881.58
109,1505,2025-01-14,1,defect,355.66
110,1507,2026-03-24,1,defect,243.7
111,1524,2025-07-08,1,defect,373.61
112,1532,2025-09-16,1,defect,107.77
113,1533,2025-09-24,2,defect,366.13
114,1534,2025-08-08,2,not_as_described,776.98
115,1542,2025-02-28,1,defect,37.88
116,1555,2025-08-20,2,wrong_size,128.46
117,1565,2024-09-25,1,defect,239.5
118,1602,2026-04-03,1,no_reason,131.22
119,1610,2025-01-02,1,no_reason,100.12
120,1625,2024-11-16,1,no_reason,262.39
121,1628,2025-12-16,2,no_reason,193.24
122,1629,2025-12-12,1,no_reason,55.98
123,1645,2026-03-19,1,wrong_size,189.46
124,1648,2025-12-17,1,defect,283.32
125,1654,2026-03-23,2,wrong_size,793.04
126,1671,2026-02-16,2,wrong_size,196.28
127,1696,2024-07-09,1,wrong_size,213.07
128,1731,2025-12-30,1,no_reason,321.64
129,1753,2026-06-27,1,defect,189.05
130,1758,2026-03-07,1,wrong_size,262.42
131,1760,2026-01-13,1,wrong_size,97.36
132,1825,2026-06-29,1,no_reason,443.09
133,1831,2025-12-05,1,not_as_described,255.03
134,1854,2025-08-07,2,no_reason,559.16
135,1857,2024-12-10,1,wrong_size,349.26
136,1876,2025-05-30,1,wrong_size,391.81
137,1898,2026-05-20,1,wrong_size,311.93
138,1927,2024-03-18,2,no_reason,22.34
139,1934,2025-04-19,1,not_as_described,141.19
140,1952,2025-12-17,1,defect,339.47
141,1956,2025-08-03,1,wrong_size,187.31
142,1979,2025-01-26,1,not_as_described,237.74
143,1982,2026-06-26,2,defect,267.13
144,2000,2025-12-06,1,defect,244.05
145,2001,2025-11-24,1,wrong_size,194.17
146,2002,2025-12-02,1,wrong_size,116.35
147,2007,2025-07-16,1,defect,33.72
148,2037,2026-05-21,2,defect,400.32
149,2063,2026-05-06,3,wrong_size,497.82
150,2078,2024-04-21,2,wrong_size,423.58
151,2090,2026-04-27,1,no_reason,246.15
152,2107,2026-03-02,3,defect,979.89
153,2123,2025-01-10,2,wrong_size,652.68
154,2126,2025-12-28,2,defect,637.03
155,2143,2025-11-29,1,defect,397.57
156,2158,2025-11-16,2,wrong_size,583.86
157,2180,2025-09-22,1,defect,294.52
158,2182,2025-09-30,1,defect,370.94
159,2194,2026-06-28,1,wrong_size,348.56
160,2196,2026-06-25,1,wrong_size,279.71
161,2197,2024-05-27,2,wrong_size,354.52
162,2216,2025-12-22,1,wrong_size,288.21
163,2256,2026-05-01,1,defect,341.07
164,2259,2025-04-05,1,no_reason,157.96
165,2355,2026-04-18,1,no_reason,176.47
166,2374,2025-04-13,2,defect,21.26
167,2388,2025-11-22,1,no_reason,149.11
168,2403,2025-12-11,1,defect,192.86
169,2412,2025-12-06,1,defect,295.5
170,2415,2025-04-27,1,wrong_size,142.14
171,2417,2025-04-27,1,defect,280.33
172,2439,2024-07-19,1,defect,323.03
173,2440,2024-07-18,1,defect,367.85
174,2457,2026-03-02,1,wrong_size,390.14
175,2477,2026-01-04,2,wrong_size,681.0
176,2480,2026-01-14,1,not_as_described,304.47
177,2483,2025-07-01,2,no_reason,215.12
178,2488,2026-01-27,1,wrong_size,171.98
179,2514,2026-06-03,1,defect,172.64
180,2520,2026-06-01,1,no_reason,319.2
181,2536,2024-05-07,1,not_as_described,305.88
182,2567,2025-12-06,1,no_reason,320.45
183,2579,2026-03-31,1,defect,90.25
184,2614,2024-10-16,1,wrong_size,351.4
185,2630,2026-05-12,1,wrong_size,140.31
186,2645,2026-02-10,1,not_as_described,168.8
187,2646,2026-02-14,1,wrong_size,283.01
188,2650,2026-02-09,1,defect,35.56
189,2654,2026-05-10,1,not_as_described,140.08
190,2657,2024-05-03,1,no_reason,205.03
191,2685,2025-03-21,2,defect,53.32
192,2696,2025-09-29,1,not_as_described,225.86
193,2705,2025-07-27,1,not_as_described,127.23
194,2715,2026-04-12,1,defect,186.38
195,2728,2024-05-07,1,defect,338.35
196,2738,2026-01-05,1,no_reason,72.01
197,2742,2024-05-11,1,wrong_size,208.84
198,2768,2026-03-27,1,wrong_size,66.68
199,2774,2026-04-17,1,not_as_described,36.16
200,2819,2024-02-22,1,defect,418.17
201,2827,2025-12-07,1,wrong_size,340.23
202,2842,2024-10-11,1,no_reason,186.4
203,2847,2024-10-04,1,wrong_size,176.21
204,2879,2026-05-08,1,wrong_size,136.96
205,2881,2025-09-24,1,no_reason,217.16
206,2884,2024-11-08,1,defect,159.67
207,2888,2025-12-18,1,no_reason,97.49
208,2890,2026-02-11,1,not_as_described,224.03
209,2906,2024-06-05,3,wrong_size,102.06
210,2933,2025-12-07,1,no_reason,307.69
211,2957,2025-11-20,1,not_as_described,338.91
212,2993,2025-08-05,1,wrong_size,238.92
213,2997,2025-10-19,3,defect,314.87
214,3001,2026-02-24,1,defect,105.31
215,3004,2026-02-09,1,not_as_described,251.22
216,3074,2026-01-22,1,defect,16.04
217,3078,2026-01-24,1,no_reason,272.39
218,3113,2025-10-25,3,wrong_size,971.62
219,3142,2026-04-20,1,not_as_described,245.9
220,3176,2026-06-20,1,wrong_size,129.81
221,3177,2026-06-09,1,not_as_described,273.96
222,3181,2026-05-06,2,defect,491.08
223,3186,2026-05-04,1,no_reason,284.7
224,3188,2026-03-04,1,not_as_described,253.44
225,3198,2026-03-07,1,defect,23.64
226,3247,2026-03-20,1,not_as_described,120.59
227,3257,2026-05-05,1,wrong_size,183.74
228,3263,2026-06-08,1,no_reason,172.66
229,3284,2025-02-06,1,no_reason,120.85
230,3302,2026-02-19,1,defect,210.98
231,3351,2026-04-14,1,defect,230.67
232,3374,2025-11-07,1,wrong_size,336.74
233,3396,2025-12-31,1,wrong_size,267.67
234,3398,2025-12-11,1,wrong_size,358.2
235,3407,2025-12-04,1,defect,281.2
236,3415,2025-11-22,1,no_reason,206.75
237,3439,2025-03-14,3,not_as_described,252.31
238,3447,2025-12-26,1,no_reason,349.84
239,3457,2025-07-28,1,not_as_described,399.6
240,3463,2026-02-18,1,not_as_described,113.07
241,3478,2026-01-17,1,wrong_size,425.39
242,3508,2026-04-13,2,no_reason,369.7
243,3546,2025-08-27,1,defect,384.24
244,3552,2025-12-06,1,wrong_size,202.21
245,3556,2025-11-22,1,wrong_size,260.71
246,3562,2026-01-01,2,wrong_size,551.78
247,3572,2026-02-07,1,wrong_size,309.78
248,3577,2026-02-19,1,wrong_size,335.0
249,3588,2024-10-20,1,defect,69.57
250,3594,2025-03-11,1,no_reason,381.97
251,3611,2025-11-05,2,defect,31.78
252,3627,2025-06-25,1,wrong_size,387.61
253,3638,2025-10-19,2,wrong_size,739.99
254,3646,2024-08-13,2,wrong_size,33.21
255,3678,2025-11-03,2,wrong_size,448.34
256,3681,2025-10-22,1,wrong_size,366.83
257,3689,2026-02-14,1,defect,260.18
258,3696,2025-12-09,1,defect,263.16
259,3723,2026-01-20,1,defect,265.98
260,3771,2025-12-25,3,defect,1103.64
261,3772,2025-12-30,2,wrong_size,725.0
262,3785,2026-04-14,1,wrong_size,225.96
263,3798,2026-06-26,1,not_as_described,366.82
264,3808,2025-09-06,1,defect,265.31
265,3826,2026-05-15,1,no_reason,275.89
266,3846,2024-07-19,1,no_reason,33.75
267,3856,2026-05-24,1,wrong_size,218.71
268,3877,2025-03-04,1,not_as_described,33.32
269,3886,2025-11-01,1,wrong_size,215.38
270,3899,2025-11-26,2,not_as_described,444.31
271,3927,2025-08-31,1,not_as_described,378.57
272,3934,2026-01-07,1,wrong_size,308.26
273,3944,2026-06-25,1,wrong_size,92.99
274,3947,2025-12-09,2,not_as_described,57.97
275,3965,2026-06-22,1,defect,12.79
276,3968,2026-04-21,3,not_as_described,1301.97
277,4005,2025-11-17,2,no_reason,129.5
278,4017,2024-08-21,1,wrong_size,75.88
279,4018,2024-09-02,1,defect,186.82
280,4021,2025-12-25,1,no_reason,272.72
281,4032,2026-06-09,1,wrong_size,374.9
282,4038,2026-06-09,1,no_reason,164.03
283,4066,2025-10-22,2,defect,607.65
284,4107,2026-06-25,1,no_reason,134.02
285,4114,2026-04-21,1,not_as_described,253.48
286,4115,2026-05-29,2,defect,611.64
287,4134,2026-01-12,1,no_reason,324.33
288,4140,2025-04-08,1,not_as_described,371.77
289,4149,2024-10-20,1,not_as_described,110.54
290,4150,2024-10-19,2,no_reason,399.5
291,4153,2024-05-24,3,defect,214.69
292,4161,2026-02-11,2,defect,753.06
293,4165,2024-12-28,1,defect,197.63
294,4199,2026-05-29,1,wrong_size,362.08
295,4205,2025-12-24,1,not_as_described,17.73
296,4213,2024-03-28,2,defect,60.18
297,4232,2024-07-19,1,not_as_described,268.27
298,4238,2024-05-13,1,defect,173.24
299,4248,2024-06-16,1,no_reason,293.4
300,4279,2026-04-18,1,wrong_size,252.35
301,4302,2025-10-12,2,wrong_size,537.97
302,4315,2024-11-30,2,wrong_size,155.66
303,4320,2026-02-09,1,wrong_size,193.48
304,4333,2025-12-05,2,not_as_described,235.08
305,4336,2025-11-16,1,defect,192.84
306,4428,2025-08-30,1,wrong_size,250.87
307,4436,2025-12-20,1,wrong_size,14.13
308,4438,2025-12-18,1,not_as_described,319.86
309,4445,2026-03-08,1,wrong_size,220.21
310,4457,2026-01-17,2,defect,250.96
311,4461,2024-02-21,1,not_as_described,197.78
312,4469,2026-02-16,2,not_as_described,626.24
313,4498,2026-06-02,1,defect,230.03
314,4516,2024-06-23,1,no_reason,320.94
315,4526,2026-01-10,1,not_as_described,297.1
316,4529,2026-02-07,1,no_reason,146.37
317,4570,2025-12-07,1,not_as_described,287.17
318,4578,2025-11-03,1,wrong_size,33.22
319,4601,2024-11-14,1,wrong_size,236.74
320,4603,2024-11-15,2,wrong_size,299.14
321,4604,2025-11-18,1,not_as_described,78.32
322,4609,2025-05-02,1,no_reason,160.45
323,4615,2025-04-28,1,no_reason,171.77
324,4617,2025-12-08,1,defect,229.86
325,4642,2025-09-18,2,not_as_described,797.36
326,4680,2024-12-02,1,not_as_described,277.53
327,4688,2026-06-07,1,not_as_described,205.89
328,4718,2024-09-12,1,defect,371.04
329,4743,2025-12-12,1,no_reason,318.31
330,4749,2026-01-01,1,wrong_size,72.21
331,4754,2026-01-07,1,no_reason,367.47
332,4765,2025-02-02,1,no_reason,277.6
333,4778,2026-04-10,3,not_as_described,854.25
334,4781,2026-03-29,2,no_reason,67.0
335,4798,2025-10-26,2,defect,938.02
336,4800,2025-10-15,1,wrong_size,296.88
337,4809,2025-12-02,1,no_reason,397.41
338,4814,2025-11-27,1,no_reason,362.74
339,4823,2025-04-12,1,no_reason,353.53
340,4826,2026-03-01,1,not_as_described,250.09
341,4831,2025-11-22,1,defect,166.33
342,4877,2025-01-06,1,not_as_described,154.62
343,4885,2026-05-01,2,defect,486.7
344,4891,2026-04-23,2,not_as_described,259.44
345,4899,2024-12-26,1,wrong_size,349.21
346,4901,2026-04-28,1,wrong_size,235.32
347,4914,2024-02-17,3,wrong_size,211.96
348,4936,2024-05-21,1,defect,270.04
349,4939,2024-08-16,2,defect,189.52
350,4948,2025-01-20,1,wrong_size,143.77
351,4986,2025-01-01,1,not_as_described,303.23
352,5012,2024-05-06,1,not_as_described,336.93
353,5069,2025-02-23,1,not_as_described,140.96
354,5071,2025-02-25,2,defect,29.98
355,5079,2026-01-06,1,no_reason,138.23
356,5080,2025-12-13,1,defect,337.29
357,5082,2025-12-23,1,wrong_size,36.73
358,5106,2025-11-22,1,wrong_size,230.44
359,5160,2025-10-12,3,not_as_described,388.96
360,5161,2025-10-16,1,defect,163.08
361,5173,2024-06-22,1,defect,320.05
362,5179,2025-11-26,1,wrong_size,385.1
363,5182,2025-07-12,1,wrong_size,400.56
364,5185,2025-07-22,1,no_reason,180.05
365,5230,2025-10-03,1,wrong_size,286.65
366,5240,2026-06-13,1,wrong_size,247.36
367,5241,2026-06-04,1,defect,329.19
368,5245,2026-06-01,1,no_reason,33.17
369,5247,2026-06-11,1,not_as_described,400.36
370,5251,2025-04-18,2,wrong_size,274.44
371,5258,2025-07-19,1,no_reason,176.68
372,5262,2025-07-29,1,wrong_size,217.49
373,5301,2024-05-29,3,wrong_size,686.64
374,5302,2024-05-30,1,no_reason,350.88
375,5310,2025-05-26,1,wrong_size,279.26
376,5318,2025-12-05,1,no_reason,245.95
377,5319,2025-11-30,1,wrong_size,150.82
378,5325,2026-01-21,1,no_reason,229.7
379,5337,2025-11-07,2,not_as_described,120.03
380,5347,2025-06-24,1,defect,358.0
381,5351,2025-04-17,2,defect,107.47
382,5374,2024-01-31,2,defect,722.57
383,5381,2026-03-24,1,defect,220.34
384,5383,2026-05-30,2,wrong_size,658.4
385,5384,2026-06-07,1,not_as_described,383.07
386,5394,2025-11-06,2,no_reason,474.68
387,5398,2024-11-23,1,defect,299.21
388,5399,2024-12-05,1,defect,63.21
389,5417,2025-11-18,2,defect,666.24
390,5461,2024-07-28,2,defect,563.31
391,5464,2026-06-22,1,defect,216.09
392,5478,2025-12-13,3,not_as_described,647.49
393,5504,2025-12-08,1,defect,166.85
394,5507,2025-11-29,1,wrong_size,384.45
395,5516,2026-02-24,1,defect,15.29
396,5559,2025-11-16,1,defect,151.44
397,5562,2025-11-04,2,wrong_size,848.46
398,5573,2026-04-11,1,no_reason,128.68
399,5582,2025-06-13,2,defect,297.0
400,5608,2024-11-16,2,no_reason,289.65
401,5615,2025-07-26,1,wrong_size,287.25
402,5619,2025-11-14,2,wrong_size,228.36
403,5667,2026-04-25,1,defect,75.04
404,5691,2025-10-25,1,wrong_size,235.73
405,5726,2024-01-30,1,not_as_described,121.56
406,5739,2025-02-05,1,wrong_size,168.6
407,5752,2025-09-09,1,not_as_described,28.93
408,5809,2024-12-23,1,defect,390.88
409,5841,2024-03-07,1,not_as_described,381.55
410,5881,2026-02-08,1,wrong_size,42.44
411,5889,2025-09-29,3,no_reason,134.97
412,5909,2026-01-16,2,no_reason,190.6
413,5912,2025-07-22,1,wrong_size,115.47
414,5920,2024-06-23,1,not_as_described,324.07
415,5937,2025-02-20,2,no_reason,550.98
416,5943,2026-05-30,1,wrong_size,216.65
417,5944,2026-05-17,1,wrong_size,310.74
418,5947,2026-05-19,1,defect,261.63
419,5948,2025-01-26,1,wrong_size,36.76
420,5970,2025-09-30,1,no_reason,47.74
421,6037,2024-08-14,1,wrong_size,330.88
422,6059,2025-04-04,2,defect,318.57
423,6067,2024-09-26,3,wrong_size,467.99
424,6075,2025-02-28,1,no_reason,384.04
425,6086,2025-11-18,1,wrong_size,326.34
426,6098,2025-12-19,1,defect,11.21
427,6106,2026-03-19,2,not_as_described,439.02
428,6108,2025-07-23,1,no_reason,257.66
429,6139,2025-11-30,2,not_as_described,719.18
430,6144,2026-05-05,2,wrong_size,533.17
431,6155,2026-06-20,2,wrong_size,847.66
432,6174,2025-12-17,1,defect,281.3
433,6175,2025-12-13,1,wrong_size,187.14
434,6187,2025-10-26,2,wrong_size,593.42
435,6244,2026-01-14,1,not_as_described,123.67
436,6252,2025-12-27,2,defect,599.94
437,6258,2024-10-12,1,defect,233.56
438,6272,2025-07-29,1,defect,282.85
439,6290,2025-09-23,1,wrong_size,77.69
440,6294,2026-03-06,1,defect,333.89
441,6304,2025-12-04,1,wrong_size,270.61
442,6309,2025-01-20,1,not_as_described,465.32
443,6317,2026-04-16,1,defect,284.28
444,6320,2025-11-07,2,not_as_described,432.38
445,6321,2025-10-30,2,wrong_size,665.64
446,6329,2026-01-04,2,defect,278.74
447,6343,2026-01-02,1,no_reason,208.38
448,6364,2024-08-13,1,not_as_described,65.68
449,6375,2026-04-13,1,no_reason,62.58
450,6376,2026-04-29,1,wrong_size,123.03
451,6390,2024-12-06,3,defect,803.31
452,6402,2025-12-29,1,defect,58.62
453,6412,2026-03-12,1,not_as_described,129.17
454,6424,2025-02-09,1,wrong_size,351.45
455,6426,2025-02-08,1,no_reason,124.34
456,6443,2025-01-04,1,wrong_size,375.26
457,6457,2026-06-27,2,no_reason,361.04
458,6460,2026-04-27,2,not_as_described,769.99
459,6464,2026-03-04,1,defect,304.21
460,6474,2026-04-27,1,defect,350.1
461,6521,2025-03-13,1,not_as_described,384.7
462,6528,2024-09-07,1,wrong_size,240.93
463,6547,2025-12-26,1,wrong_size,174.35
464,6548,2025-08-26,2,not_as_described,29.07
465,6561,2026-03-10,2,defect,461.87
466,6565,2025-11-07,1,defect,138.42
467,6568,2026-02-02,1,wrong_size,453.42
468,6575,2025-12-14,2,wrong_size,271.56
469,6577,2025-11-18,1,defect,353.19
470,6588,2025-01-23,1,no_reason,353.31
471,6595,2025-12-27,1,defect,263.05
472,6608,2026-06-02,1,not_as_described,248.62
473,6618,2024-10-20,2,defect,106.04
474,6629,2025-08-22,1,wrong_size,135.13
475,6636,2026-06-06,2,no_reason,690.98
476,6655,2026-06-11,1,not_as_described,10.99
477,6657,2026-06-21,1,no_reason,280.0
478,6676,2026-02-04,3,defect,719.37
479,6678,2026-03-28,1,defect,426.22
480,6688,2026-05-06,1,defect,15.81
481,6703,2026-01-22,1,wrong_size,309.73
482,6715,2025-09-08,1,wrong_size,67.34
483,6730,2025-05-31,2,not_as_described,421.92
484,6746,2025-12-31,1,no_reason,159.25
485,6809,2025-06-30,2,no_reason,555.94
486,6827,2025-06-28,1,wrong_size,165.05
487,6850,2024-06-01,1,not_as_described,173.49
488,6885,2025-11-22,1,defect,121.64
489,6890,2026-03-25,2,wrong_size,343.48
490,6893,2025-11-25,1,defect,259.64
491,6896,2026-01-01,1,wrong_size,244.82
492,6925,2025-01-07,1,not_as_described,271.01
493,6942,2026-06-15,1,no_reason,323.43
494,6943,2026-06-18,1,no_reason,180.39
495,6961,2025-11-09,1,no_reason,180.79
496,6967,2025-06-24,2,defect,546.78
497,6981,2026-05-09,1,no_reason,371.65
498,6982,2025-12-04,2,defect,542.49
499,6988,2026-04-25,1,no_reason,314.21
500,7014,2026-05-17,1,not_as_described,166.53
501,7028,2025-11-07,1,no_reason,313.68
502,7032,2026-06-02,1,wrong_size,319.03
503,7039,2026-03-08,1,no_reason,180.54
504,7050,2025-11-03,1,defect,26.9
505,7065,2025-07-03,2,not_as_described,582.78
506,7081,2026-06-30,1,no_reason,295.74
507,7093,2026-01-31,1,no_reason,258.88
508,7104,2026-02-16,1,defect,363.78
509,7120,2024-12-23,1,not_as_described,171.59
510,7129,2025-01-27,1,not_as_described,202.41
511,7154,2025-11-19,2,no_reason,729.96
512,7178,2026-04-28,1,defect,307.7
513,7208,2026-04-22,1,defect,114.62
514,7216,2026-04-27,1,wrong_size,129.3
515,7259,2025-10-30,1,defect,286.3
516,7268,2026-03-25,1,no_reason,304.16
517,7290,2026-01-24,2,not_as_described,478.92
518,7320,2025-12-27,1,no_reason,203.62
519,7331,2024-10-06,1,wrong_size,145.31
520,7340,2024-04-17,1,no_reason,123.78
521,7343,2024-06-08,2,defect,415.42
522,7370,2025-08-07,1,wrong_size,384.34
523,7375,2026-05-27,1,defect,186.86
524,7376,2026-05-11,1,no_reason,292.64
525,7446,2025-10-24,1,no_reason,395.15
526,7453,2025-10-22,1,wrong_size,57.25
527,7463,2026-01-30,2,not_as_described,311.88
528,7472,2026-06-04,1,no_reason,34.87
529,7478,2025-11-02,1,defect,21.65
530,7508,2026-01-21,1,no_reason,48.5
531,7515,2024-02-28,2,not_as_described,267.78
532,7521,2025-05-08,2,defect,281.56
533,7546,2024-11-26,2,defect,445.16
534,7549,2025-03-20,1,wrong_size,118.07
535,7566,2025-11-30,1,defect,177.56
536,7573,2026-02-08,1,not_as_described,347.99
537,7580,2025-10-27,1,defect,34.11
538,7581,2026-05-11,1,wrong_size,286.91
539,7591,2025-01-03,1,not_as_described,285.74
540,7600,2025-03-03,2,wrong_size,196.14
541,7630,2025-12-06,1,wrong_size,134.39
542,7632,2025-12-08,1,wrong_size,161.75
543,7653,2026-02-04,1,no_reason,168.77
544,7654,2025-11-11,2,wrong_size,544.09
545,7668,2025-12-20,1,defect,275.35
546,7686,2025-06-23,2,defect,392.94
547,7720,2025-01-02,1,defect,218.12
548,7733,2026-02-16,2,no_reason,119.54
549,7771,2026-02-09,2,wrong_size,520.18
550,7778,2026-01-27,1,not_as_described,184.33
551,7779,2026-01-27,2,defect,578.64
552,7795,2026-04-30,1,wrong_size,37.77
553,7797,2026-04-19,1,no_reason,207.42
554,7806,2026-05-16,1,defect,347.58
555,7812,2026-01-20,1,defect,266.88
556,7865,2026-06-15,1,wrong_size,320.88
557,7885,2024-06-02,1,defect,168.3
558,7890,2026-06-12,2,no_reason,751.56
559,7899,2026-05-24,1,defect,216.65
560,7905,2026-04-30,2,defect,800.12
561,7940,2026-06-20,1,defect,323.45
562,7959,2025-08-17,1,not_as_described,235.49
563,7960,2024-09-30,1,no_reason,268.69
564,7964,2026-01-06,3,defect,479.2
565,8010,2026-01-07,1,no_reason,15.22
566,8016,2026-02-02,1,defect,188.89
567,8022,2026-04-18,1,wrong_size,414.22
568,8048,2026-05-18,1,defect,141.27
569,8101,2025-10-17,1,not_as_described,427.61
570,8103,2024-11-02,3,defect,365.7
571,8109,2026-06-15,2,defect,440.91
572,8111,2026-03-29,1,not_as_described,273.3
573,8117,2026-04-17,1,wrong_size,114.23
574,8122,2025-07-28,2,not_as_described,466.67
575,8124,2025-11-07,2,wrong_size,668.28
576,8146,2026-04-15,2,no_reason,462.56
577,8173,2024-09-09,1,no_reason,32.0
578,8176,2025-05-06,1,wrong_size,137.76
579,8241,2024-08-06,1,defect,18.35
580,8256,2026-06-20,1,not_as_described,39.26
581,8257,2025-05-11,1,no_reason,132.76
582,8268,2025-10-12,1,no_reason,329.66
583,8279,2026-03-09,1,defect,167.26
584,8299,2025-12-11,2,defect,740.2
585,8300,2026-06-14,2,wrong_size,28.72
586,8303,2024-04-18,2,not_as_described,235.92
587,8307,2026-01-29,1,wrong_size,269.65
588,8308,2025-09-23,3,not_as_described,817.71
589,8320,2025-11-11,1,not_as_described,215.71
590,8339,2024-03-16,1,defect,263.7
591,8344,2025-01-07,1,no_reason,222.79
592,8347,2025-12-18,1,not_as_described,393.55
593,8368,2026-03-24,1,wrong_size,179.72
594,8379,2025-09-18,1,defect,294.78
595,8392,2024-04-15,2,no_reason,567.04
596,8397,2025-09-04,1,no_reason,158.21
597,8410,2024-11-30,1,no_reason,355.03
598,8424,2026-05-26,1,not_as_described,33.02
599,8455,2024-09-13,1,defect,193.5
600,8464,2024-06-10,2,defect,206.33
601,8478,2024-04-23,1,wrong_size,381.03
602,8493,2025-02-15,1,defect,202.83
603,8502,2025-07-23,1,defect,132.62
604,8523,2025-12-25,1,wrong_size,297.19
605,8529,2026-05-11,1,not_as_described,298.95
606,8538,2024-05-01,2,defect,444.86
607,8546,2025-01-13,2,wrong_size,627.13
608,8553,2025-12-19,1,defect,263.04
609,8555,2024-08-26,1,wrong_size,38.18
610,8568,2025-12-23,1,defect,45.33
611,8571,2025-08-18,3,defect,781.33
612,8607,2025-05-18,1,wrong_size,252.66
613,8616,2025-11-27,2,not_as_described,593.48
614,8628,2025-09-25,1,defect,82.37
615,8645,2024-11-29,1,wrong_size,195.42
616,8674,2025-03-08,1,not_as_described,461.3
617,8723,2025-10-11,2,wrong_size,251.82
618,8795,2025-12-17,1,no_reason,34.29
619,8800,2025-04-06,1,not_as_described,202.02
620,8801,2025-09-21,1,no_reason,350.13
621,8808,2026-05-16,1,no_reason,300.45
622,8817,2024-12-26,1,no_reason,225.67
623,8839,2026-04-22,2,no_reason,608.19
624,8846,2026-05-04,1,not_as_described,112.64
625,8852,2025-03-09,1,no_reason,12.58
626,8874,2026-02-15,1,no_reason,325.95
627,8877,2025-11-24,1,defect,365.7
628,8883,2026-02-28,1,defect,142.42
629,8901,2024-10-12,1,not_as_described,379.3
630,8907,2025-11-10,1,defect,200.02
631,8910,2025-12-13,3,no_reason,127.56
632,8926,2026-02-05,1,wrong_size,329.07
633,8927,2026-04-29,1,no_reason,200.93
634,8947,2025-02-17,1,no_reason,126.47
635,8979,2024-06-17,1,no_reason,113.65
636,8985,2024-12-19,1,defect,217.85
637,8986,2024-12-19,3,no_reason,1071.8
638,8996,2026-01-23,1,defect,399.5
639,9034,2026-05-06,1,wrong_size,228.2
640,9080,2024-10-18,2,defect,358.99
641,9090,2026-02-22,3,wrong_size,1030.85
642,9122,2024-03-06,2,not_as_described,343.54
643,9124,2024-02-24,1,defect,249.82
644,9143,2025-12-22,3,no_reason,762.49
645,9150,2026-04-22,1,not_as_described,208.74
646,9164,2025-11-15,3,defect,72.13
647,9182,2025-04-07,1,not_as_described,395.87
648,9204,2025-06-20,1,defect,325.78
649,9210,2024-05-07,1,defect,27.22
650,9230,2024-12-29,3,defect,1159.56
651,9232,2026-03-14,1,wrong_size,191.6
652,9239,2025-09-21,2,defect,652.48
653,9273,2025-12-20,1,wrong_size,208.52
654,9278,2026-03-12,2,no_reason,553.85
655,9289,2025-03-06,1,not_as_described,121.22
656,9329,2025-11-07,1,wrong_size,157.46
657,9349,2025-03-01,2,not_as_described,257.59
658,9351,2024-04-25,1,defect,356.8
659,9357,2026-04-08,1,no_reason,50.16
660,9379,2025-12-05,2,wrong_size,211.31
661,9380,2026-01-06,2,defect,310.56
662,9398,2025-11-07,1,wrong_size,193.13
663,9432,2024-02-13,1,defect,50.43
664,9450,2025-03-30,1,not_as_described,173.7
665,9479,2024-05-15,1,no_reason,53.18
666,9482,2024-04-24,1,defect,263.98
667,9503,2026-02-21,1,not_as_described,334.2
668,9513,2024-12-17,1,wrong_size,378.73
669,9526,2025-03-02,1,not_as_described,365.21
670,9535,2025-08-13,1,wrong_size,296.71
671,9547,2026-05-27,1,wrong_size,261.21
672,9570,2024-04-21,2,wrong_size,527.19
673,9591,2024-08-11,1,not_as_described,344.38
674,9594,2026-06-23,1,wrong_size,404.8
675,9620,2025-08-23,1,not_as_described,408.18
676,9634,2026-04-16,1,wrong_size,350.32
677,9666,2025-01-02,1,defect,310.47
678,9685,2026-01-19,1,wrong_size,440.86
679,9704,2026-02-16,2,not_as_described,719.24
680,9718,2024-11-12,1,wrong_size,28.91
681,9731,2026-01-24,1,defect,263.85
682,9775,2026-06-11,1,no_reason,258.82
683,9781,2025-06-08,1,defect,341.34
684,9790,2026-03-03,1,not_as_described,19.07
685,9819,2024-11-25,1,no_reason,288.79
686,9827,2025-10-17,2,wrong_size,222.32
687,9894,2024-06-29,1,wrong_size,204.5
688,9896,2024-07-12,1,wrong_size,131.82
689,9911,2025-03-20,1,defect,129.52
690,9912,2025-12-01,1,defect,9.82
691,9916,2026-02-19,1,defect,14.04
692,9917,2025-12-04,1,defect,376.52
693,9921,2025-03-30,1,no_reason,35.03
694,9925,2026-06-23,1,defect,38.61
695,9932,2026-05-03,1,defect,128.29
696,9937,2025-10-02,2,defect,807.14
697,9991,2026-03-12,1,defect,181.3
698,9992,2026-03-16,3,no_reason,832.17
699,9994,2025-06-09,2,not_as_described,420.26
700,10011,2026-06-29,2,wrong_size,602.79
701,10014,2026-04-13,1,defect,341.83
702,10020,2026-04-18,2,wrong_size,527.2
703,10034,2025-04-13,1,no_reason,176.63
704,10045,2026-05-06,1,defect,131.34
705,10059,2025-12-04,1,wrong_size,15.0
706,10091,2024-07-30,2,not_as_described,748.86
707,10094,2026-05-21,1,wrong_size,23.67
708,10095,2025-06-08,1,no_reason,110.73
709,10103,2025-12-09,1,defect,295.1
710,10111,2026-01-17,2,not_as_described,307.14
711,10123,2026-03-07,1,wrong_size,248.88
712,10128,2026-06-07,1,wrong_size,34.37
713,10143,2026-05-18,1,not_as_described,15.64
714,10151,2025-11-02,2,wrong_size,493.78
715,10155,2026-04-06,1,wrong_size,78.22
716,10176,2024-08-13,1,wrong_size,234.2
717,10177,2024-08-14,1,wrong_size,391.57
718,10212,2026-03-01,1,not_as_described,345.86
719,10220,2026-02-03,2,no_reason,390.52
720,10234,2025-11-15,1,no_reason,122.07
721,10237,2026-04-09,1,not_as_described,60.21
722,10249,2026-06-29,1,wrong_size,64.41
723,10281,2026-06-13,1,defect,184.86
724,10339,2026-06-21,1,not_as_described,275.4
725,10379,2025-05-24,1,no_reason,430.17
726,10384,2025-10-31,1,defect,18.64
727,10391,2024-10-01,1,defect,298.46
728,10406,2024-10-25,1,not_as_described,20.75
729,10425,2024-10-23,1,wrong_size,123.94
730,10443,2024-12-07,1,defect,245.34
731,10455,2026-01-08,2,wrong_size,277.87
732,10463,2025-01-08,2,not_as_described,716.09
733,10472,2026-03-11,2,defect,46.85
734,10475,2026-01-14,1,wrong_size,211.81
735,10486,2025-03-10,1,wrong_size,163.02
736,10495,2026-02-09,1,wrong_size,191.24
737,10498,2025-05-16,1,defect,203.93
738,10538,2025-04-20,2,defect,547.22
739,10543,2024-12-10,1,defect,183.21
740,10558,2025-09-11,1,no_reason,384.77
741,10562,2025-01-30,1,wrong_size,199.93
742,10564,2024-12-18,2,not_as_described,450.64
743,10595,2026-01-07,1,defect,387.31
744,10605,2025-11-12,1,defect,342.89
745,10619,2024-09-05,1,defect,70.44
746,10632,2024-12-01,1,wrong_size,78.7
747,10634,2025-01-08,1,wrong_size,148.84
748,10660,2025-12-11,1,no_reason,287.44
749,10672,2025-04-03,1,defect,203.09
750,10675,2025-03-02,1,not_as_described,23.94
751,10678,2025-03-03,1,no_reason,357.12
752,10690,2026-04-19,1,no_reason,200.01
753,10691,2026-04-08,1,not_as_described,315.08
754,10699,2025-04-03,2,not_as_described,480.74
755,10707,2026-05-12,1,wrong_size,105.4
756,10711,2026-02-21,1,no_reason,59.45
757,10725,2025-12-30,3,defect,342.33
758,10727,2026-03-14,3,not_as_described,756.54
759,10732,2025-11-12,1,wrong_size,186.79
760,10735,2025-09-05,2,no_reason,489.78
761,10741,2025-06-01,1,wrong_size,148.91
762,10745,2026-02-17,1,wrong_size,337.92
763,10764,2025-07-29,1,no_reason,95.82
764,10769,2024-12-24,1,defect,248.13
765,10773,2025-08-04,1,not_as_described,117.33
766,10800,2024-02-27,1,defect,299.65
767,10861,2025-09-01,1,defect,193.21
768,10885,2025-11-08,2,not_as_described,518.44
769,10896,2025-12-12,1,defect,295.98
770,10906,2025-08-18,2,defect,726.42
771,10927,2024-12-02,1,not_as_described,218.84
772,10963,2025-01-13,2,not_as_described,454.95
773,10965,2024-12-19,2,no_reason,850.68
774,10975,2025-11-05,1,defect,33.72
775,10994,2025-04-17,1,not_as_described,67.03
776,11008,2025-12-03,1,no_reason,127.9
777,11029,2026-05-26,1,not_as_described,332.32
778,11038,2024-12-27,1,no_reason,207.59
779,11040,2025-06-27,1,not_as_described,287.89
780,11069,2024-03-02,2,no_reason,183.71
781,11073,2024-07-29,2,defect,247.56
782,11074,2024-09-05,1,wrong_size,156.12
783,11078,2024-11-29,3,defect,44.31
784,11096,2026-01-09,2,wrong_size,811.44
785,11101,2024-08-19,1,no_reason,240.84
786,11106,2024-11-10,1,wrong_size,59.59
787,11118,2025-01-02,2,defect,387.46
788,11145,2025-08-24,1,defect,299.14
789,11147,2025-12-21,1,no_reason,174.29
790,11158,2024-06-05,1,defect,440.86
791,11161,2024-09-23,1,not_as_described,257.32
792,11207,2025-07-07,1,not_as_described,391.33
793,11211,2025-05-03,1,no_reason,234.65
794,11222,2026-03-22,2,no_reason,738.64
795,11233,2026-06-04,3,defect,1102.9
796,11237,2025-08-01,3,not_as_described,102.9
797,11240,2025-12-19,1,wrong_size,45.52
798,11264,2026-03-13,2,defect,220.69
799,11268,2025-11-21,1,not_as_described,321.63
800,11279,2025-07-20,1,not_as_described,274.96
801,11288,2026-01-19,1,not_as_described,352.45
802,11289,2026-01-28,1,defect,311.79
803,11298,2025-07-24,2,no_reason,674.18
804,11323,2026-06-23,1,wrong_size,302.5
805,11361,2025-09-15,1,not_as_described,343.49
806,11380,2026-04-23,1,defect,313.07
807,11390,2026-03-04,1,wrong_size,400.72
808,11418,2026-05-01,1,not_as_described,241.9
809,11439,2026-05-14,3,not_as_described,789.21
810,11446,2026-05-04,2,defect,122.21
811,11465,2025-10-22,1,no_reason,70.96
812,11500,2024-06-04,2,no_reason,32.65
813,11509,2026-06-04,1,defect,194.14
814,11523,2026-06-16,1,wrong_size,115.81
815,11540,2025-11-20,1,wrong_size,197.37
816,11566,2025-03-15,1,no_reason,309.56
817,11589,2025-05-06,1,defect,226.82
818,11629,2025-08-21,1,no_reason,253.92
819,11639,2025-11-23,1,not_as_described,314.28
820,11645,2024-09-13,1,defect,46.12
821,11647,2024-09-10,1,no_reason,14.89
822,11649,2025-11-29,1,no_reason,286.12
823,11661,2024-08-22,1,defect,150.8
824,11665,2025-01-15,1,not_as_described,281.59
825,11669,2026-03-01,3,wrong_size,736.63
826,11681,2025-03-28,1,defect,123.79
827,11687,2025-01-23,1,wrong_size,59.21
828,11729,2024-11-30,2,wrong_size,788.08
829,11763,2024-06-10,1,no_reason,268.2
830,11765,2024-05-31,1,wrong_size,79.67
831,11776,2025-09-17,2,no_reason,871.82
832,11856,2026-06-25,2,not_as_described,36.48
833,11860,2024-12-07,1,wrong_size,299.92
834,11869,2024-09-02,1,defect,155.95
835,11891,2025-07-27,1,no_reason,13.29
836,11894,2024-07-21,1,not_as_described,313.42
837,11901,2024-05-11,1,defect,223.08
838,11903,2024-05-26,1,defect,43.17
839,11905,2024-06-25,1,defect,409.51
840,11924,2024-11-26,2,defect,493.42
841,11955,2024-12-17,1,wrong_size,418.68
842,11974,2026-04-01,1,not_as_described,133.42
843,11978,2025-09-20,3,defect,981.65
844,11983,2025-10-31,2,wrong_size,571.76
845,11994,2025-09-20,1,defect,63.44
846,11996,2025-01-01,1,wrong_size,9.87
847,12000,2025-09-12,1,not_as_described,101.45
848,12020,2025-11-21,1,defect,14.68
849,12030,2025-07-13,1,wrong_size,258.8
850,12063,2024-09-08,1,not_as_described,357.76
851,12069,2025-12-18,1,no_reason,306.58
852,12125,2024-06-19,1,wrong_size,17.36
853,12150,2024-07-11,1,wrong_size,218.15
854,12158,2025-08-03,1,not_as_described,328.7
855,12172,2025-04-11,1,not_as_described,168.19
856,12211,2024-12-20,1,wrong_size,180.78
857,12213,2024-12-21,1,no_reason,91.26
858,12227,2026-01-14,1,no_reason,273.21
859,12256,2025-11-21,1,no_reason,223.88
860,12263,2024-11-23,2,no_reason,277.65
861,12268,2025-05-31,1,not_as_described,145.11
862,12269,2025-06-07,1,wrong_size,178.06
863,12278,2025-06-06,1,defect,108.5
864,12298,2025-10-16,1,wrong_size,321.95
865,12312,2025-08-14,1,wrong_size,59.52
866,12317,2026-04-24,1,not_as_described,61.32
867,12318,2026-04-15,1,no_reason,57.69
868,12333,2024-07-31,2,not_as_described,797.53
869,12335,2025-01-26,1,defect,308.9
870,12363,2024-05-01,2,not_as_described,126.24
871,12397,2026-05-03,3,not_as_described,554.22
872,12438,2025-11-12,1,not_as_described,437.46
873,12440,2024-08-02,1,defect,252.4
874,12442,2024-07-23,1,wrong_size,10.0
875,12445,2024-12-14,1,not_as_described,268.93
876,12493,2024-11-22,1,wrong_size,387.25
877,12512,2025-11-22,1,wrong_size,58.84
878,12516,2024-10-08,3,not_as_described,730.51
879,12550,2025-06-18,1,defect,18.75
880,12556,2025-04-25,1,defect,268.34
881,12559,2026-05-04,2,wrong_size,17.73
882,12560,2026-05-11,1,not_as_described,412.19
883,12571,2026-03-06,1,wrong_size,140.19
884,12574,2025-12-12,1,no_reason,116.98
885,12633,2025-12-14,3,defect,839.26
886,12634,2025-12-19,1,wrong_size,285.0
887,12635,2026-01-01,2,not_as_described,609.36
888,12665,2025-08-24,1,not_as_described,399.08
889,12673,2025-06-21,1,no_reason,122.04
890,12674,2025-06-21,1,defect,235.26
891,12680,2025-12-08,1,defect,378.44
892,12696,2026-01-02,1,no_reason,29.86
893,12702,2024-12-05,1,not_as_described,289.61
894,12703,2025-10-12,2,defect,426.85
895,12708,2025-12-05,1,defect,185.76
896,12736,2025-10-12,1,wrong_size,327.62
897,12742,2026-04-13,2,no_reason,20.24
898,12820,2025-06-02,1,not_as_described,413.9
899,12829,2025-12-24,1,defect,360.55
900,12831,2026-01-15,3,wrong_size,41.55
901,12853,2025-12-08,1,wrong_size,362.94
902,12854,2025-12-06,1,not_as_described,208.76
903,12860,2025-08-04,1,wrong_size,158.14
904,12884,2025-07-07,1,defect,174.1
905,12891,2026-03-20,2,defect,368.85
906,12897,2025-11-23,1,wrong_size,323.47
907,12915,2026-01-30,1,defect,195.06
908,12919,2025-12-20,2,not_as_described,392.76
909,12959,2026-02-23,1,defect,232.06
910,12968,2026-03-29,1,defect,288.09
911,12984,2024-11-01,2,no_reason,252.13
912,13005,2025-04-14,2,wrong_size,83.52
913,13017,2025-05-05,1,wrong_size,352.27
914,13030,2026-03-25,1,no_reason,158.62
915,13031,2025-08-25,1,wrong_size,277.58
916,13036,2025-08-07,1,wrong_size,259.01
917,13076,2024-05-11,1,wrong_size,280.39
918,13079,2026-05-23,1,wrong_size,41.78
919,13083,2026-05-19,1,wrong_size,98.7
920,13093,2025-08-10,2,wrong_size,324.79
921,13096,2025-08-19,1,defect,206.94
922,13099,2025-08-29,1,wrong_size,60.52
923,13106,2025-12-15,2,wrong_size,558.37
924,13118,2025-08-12,1,wrong_size,430.0
925,13121,2025-08-11,2,not_as_described,636.52
926,13128,2025-05-31,1,no_reason,320.24
927,13134,2025-05-28,1,no_reason,435.56
928,13143,2026-06-22,1,defect,121.01
929,13148,2025-08-03,1,defect,142.84
930,13153,2026-01-30,3,no_reason,618.32
931,13155,2026-04-18,2,defect,580.72
932,13156,2026-04-08,2,defect,148.12
933,13163,2025-06-06,2,defect,716.34
934,13179,2025-11-26,1,not_as_described,388.84
935,13204,2025-11-12,1,not_as_described,37.69
936,13215,2026-01-07,2,defect,19.78
937,13225,2024-12-19,2,wrong_size,621.64
938,13246,2026-06-30,1,defect,223.04
939,13263,2024-04-06,1,defect,114.16
940,13265,2024-07-30,3,defect,259.48
941,13268,2024-10-27,1,defect,236.2
942,13290,2026-05-11,1,wrong_size,341.17
943,13302,2026-06-29,1,wrong_size,118.64
944,13328,2025-02-28,1,defect,352.63
945,13338,2024-10-17,2,defect,565.23
946,13347,2025-04-09,1,wrong_size,411.88
947,13348,2025-04-02,3,defect,30.86
948,13355,2024-05-12,1,wrong_size,49.49
949,13363,2025-10-11,1,wrong_size,274.03
950,13381,2026-02-20,1,no_reason,299.61
951,13409,2025-10-08,1,wrong_size,266.96
952,13412,2026-05-08,1,no_reason,10.47
953,13418,2024-10-19,1,defect,327.29
954,13426,2026-05-14,2,not_as_described,38.38
955,13456,2025-05-17,1,wrong_size,391.16
956,13461,2025-12-18,1,not_as_described,233.37
957,13466,2026-04-16,1,defect,210.58
958,13469,2025-05-20,1,defect,203.43
959,13471,2024-11-29,2,no_reason,297.52
960,13481,2025-07-17,1,wrong_size,385.92
961,13484,2025-06-16,1,defect,243.73
962,13490,2026-04-10,1,defect,352.76
963,13515,2026-06-11,1,not_as_described,129.42
964,13516,2026-05-27,1,wrong_size,137.3
965,13554,2025-12-15,1,no_reason,246.91
966,13555,2026-01-21,3,no_reason,827.46
967,13560,2026-06-08,1,defect,331.55
968,13570,2026-02-27,1,wrong_size,31.52
969,13571,2026-03-15,1,wrong_size,165.18
970,13578,2026-01-24,1,wrong_size,319.76
971,13581,2026-04-16,1,not_as_described,92.24
972,13585,2026-01-01,1,wrong_size,113.39
973,13598,2025-09-21,1,wrong_size,166.78
974,13615,2025-06-02,1,no_reason,267.01
975,13623,2026-04-03,1,defect,104.51
976,13632,2025-10-25,1,wrong_size,31.71
977,13707,2024-12-12,1,defect,280.83
978,13734,2025-12-10,1,wrong_size,93.41
979,13759,2026-04-03,1,wrong_size,194.0
980,13760,2025-07-26,3,not_as_described,1034.83
981,13778,2025-04-09,1,defect,14.95
982,13786,2025-01-20,1,defect,145.41
983,13790,2024-11-28,1,defect,308.48
984,13801,2025-12-26,1,defect,177.95
985,13861,2024-06-01,3,no_reason,116.85
986,13866,2026-02-24,1,wrong_size,232.79
987,13872,2025-08-14,1,wrong_size,248.2
988,13883,2024-11-25,2,defect,712.49
989,13889,2025-06-25,3,no_reason,1182.69
990,13906,2026-01-19,1,defect,112.47
991,13927,2026-04-12,1,wrong_size,354.33
992,13940,2025-11-08,1,defect,15.07
993,13944,2024-12-24,1,defect,236.02
994,13947,2025-04-05,1,no_reason,59.44
995,13951,2025-12-16,3,defect,907.26
996,13997,2026-02-22,1,wrong_size,368.2
997,14003,2026-04-07,1,no_reason,393.51
998,14030,2026-05-13,1,wrong_size,386.58
999,14032,2026-02-13,1,wrong_size,226.35
1000,14052,2024-12-13,1,not_as_described,179.72
1001,14053,2024-12-15,1,defect,34.99
1002,14080,2026-06-19,1,defect,330.02
1003,14087,2025-12-28,1,no_reason,12.08
1004,14088,2026-01-08,1,defect,236.55
1005,14109,2024-09-27,1,defect,246.38
1006,14112,2026-06-06,1,not_as_described,303.33
1007,14128,2025-10-04,1,defect,266.92
1008,14129,2025-10-01,1,wrong_size,256.5
1009,14135,2024-11-21,1,defect,448.58
1010,14173,2026-01-16,1,no_reason,13.41
1011,14176,2024-09-16,1,wrong_size,113.2
1012,14184,2025-12-29,1,defect,14.34
1013,14185,2025-12-27,1,wrong_size,402.6
1014,14187,2025-12-22,2,defect,125.7
1015,14204,2026-03-12,1,wrong_size,300.04
1016,14230,2026-06-24,1,wrong_size,390.4
1017,14235,2026-01-21,1,wrong_size,132.67
1018,14249,2025-11-07,1,not_as_described,74.9
1019,14253,2026-02-11,1,defect,233.13
1020,14256,2025-12-23,1,no_reason,349.58
1021,14292,2026-01-12,1,defect,344.23
1022,14304,2025-09-12,1,wrong_size,39.54
1023,14313,2025-12-03,1,wrong_size,245.34
1024,14314,2025-12-06,1,wrong_size,301.11
1025,14319,2025-11-19,1,wrong_size,210.12
1026,14326,2026-01-06,1,defect,42.61
1027,14333,2025-01-15,1,defect,366.05
1028,14344,2026-06-05,2,no_reason,627.78
1029,14360,2026-01-21,1,not_as_described,369.85
1030,14394,2025-02-15,1,defect,239.04
1031,14437,2024-12-24,2,defect,659.43
1032,14441,2024-12-27,1,no_reason,9.33
1033,14442,2026-01-05,1,defect,27.64
1034,14457,2025-07-07,1,wrong_size,292.71
1035,14519,2026-06-26,2,wrong_size,590.02
1036,14534,2026-03-31,1,defect,281.75
1037,14571,2024-06-12,1,not_as_described,216.84
1038,14596,2026-05-30,1,defect,199.29
1039,14603,2024-11-19,1,no_reason,204.9
1040,14614,2025-10-01,1,defect,252.21
1041,14622,2025-09-23,1,not_as_described,10.21
1042,14658,2026-05-03,2,wrong_size,321.94
1043,14676,2026-01-20,2,no_reason,632.43
1044,14678,2025-04-09,3,defect,969.78
1045,14686,2025-11-30,1,no_reason,370.25
1046,14707,2026-04-16,3,wrong_size,1273.2
1047,14744,2025-11-12,1,wrong_size,240.12
1048,14746,2024-12-08,1,not_as_described,442.89
1049,14772,2024-11-16,1,no_reason,406.83
1050,14786,2024-12-09,1,not_as_described,329.11
1051,14792,2025-02-23,1,not_as_described,150.45
1052,14797,2026-02-14,2,defect,693.21
1053,14811,2025-10-08,1,defect,361.61
1054,14837,2026-06-14,1,wrong_size,125.26
1055,14851,2025-12-12,1,wrong_size,179.03
1056,14860,2026-04-26,1,wrong_size,243.28
1057,14874,2025-04-02,1,defect,169.63
1058,14890,2026-06-23,1,not_as_described,373.83
1059,14896,2026-04-03,2,not_as_described,809.48
1060,14897,2026-04-09,3,not_as_described,136.01
1061,14910,2026-05-17,1,defect,25.48
1062,14942,2026-02-20,2,not_as_described,245.36
1063,14949,2026-06-04,1,no_reason,390.31
1064,14951,2026-05-27,3,defect,55.37
1065,14954,2026-06-13,1,defect,159.08
1066,14984,2025-11-29,1,wrong_size,379.44
1067,15005,2025-12-11,1,no_reason,244.99
1068,15007,2025-03-23,1,wrong_size,363.38
1069,15017,2024-12-18,1,no_reason,212.54
1070,15028,2025-01-15,1,not_as_described,375.02
1071,15042,2025-12-12,1,no_reason,334.99
1072,15067,2024-09-19,1,defect,324.05
1073,15075,2025-04-30,3,not_as_described,854.37
1074,15078,2025-04-26,1,not_as_described,283.87
1075,15088,2026-04-05,2,not_as_described,132.3
1076,15095,2024-08-10,3,defect,99.96
1077,15121,2026-02-24,1,no_reason,351.16
1078,15130,2025-06-30,1,wrong_size,83.27
1079,15139,2025-12-07,1,not_as_described,408.71
1080,15154,2026-04-21,3,defect,360.06
1081,15158,2026-03-06,3,defect,191.82
1082,15167,2025-09-03,1,wrong_size,351.55
1083,15170,2026-03-20,1,defect,298.16
1084,15176,2026-06-15,1,defect,209.6
1085,15183,2025-08-31,1,defect,132.95
1086,15192,2025-12-12,2,not_as_described,298.34
1087,15220,2024-11-14,1,wrong_size,161.83
1088,15236,2025-12-16,1,no_reason,152.91
1089,15237,2025-08-05,1,defect,231.8
1090,15246,2025-10-09,1,defect,288.5
1091,15266,2025-06-15,1,not_as_described,32.67
1092,15271,2025-11-17,1,wrong_size,38.48
1093,15274,2025-09-10,1,defect,277.15
1094,15280,2026-06-30,2,wrong_size,342.86
1095,15296,2025-09-29,1,not_as_described,146.59
1096,15298,2025-10-03,1,not_as_described,191.63
1097,15299,2025-10-01,1,defect,379.3
1098,15317,2025-08-02,1,not_as_described,298.18
1099,15319,2026-03-24,1,defect,267.38
1100,15330,2025-04-20,1,wrong_size,16.93
1101,15348,2026-05-15,1,defect,401.73
1102,15351,2026-05-14,1,defect,370.37
1103,15361,2026-03-31,1,no_reason,186.17
1104,15381,2026-02-04,1,defect,161.78
1105,15387,2025-12-21,1,wrong_size,113.32
1106,15396,2026-01-20,1,defect,279.02
1107,15399,2026-04-30,2,defect,47.13
1108,15406,2026-02-15,1,not_as_described,286.21
1109,15410,2025-12-23,3,not_as_described,977.5
1110,15418,2026-06-10,1,not_as_described,15.44
1111,15440,2026-04-25,1,defect,80.7
1112,15446,2026-02-06,2,defect,887.66
1113,15449,2026-02-20,1,wrong_size,327.88
1114,15469,2025-12-16,1,defect,108.72
1115,15473,2026-05-09,1,defect,28.52
1116,15474,2026-05-19,3,no_reason,1133.25
1117,15481,2026-06-03,1,wrong_size,35.79
1118,15489,2026-05-14,1,defect,351.62
1119,15500,2026-02-20,1,wrong_size,20.22
1120,15510,2025-12-14,1,defect,171.23
1121,15520,2026-03-20,2,no_reason,807.16
1122,15553,2025-06-22,3,no_reason,81.78
1123,15561,2024-04-11,1,wrong_size,175.45
1124,15570,2025-06-24,1,not_as_described,258.02
1125,15594,2025-09-29,2,not_as_described,79.13
1126,15625,2026-01-28,1,wrong_size,267.63
1127,15626,2026-02-12,1,wrong_size,28.67
1128,15632,2025-07-03,1,wrong_size,370.19
1129,15661,2024-10-11,1,no_reason,284.55
1130,15666,2026-05-29,2,no_reason,443.9
1131,15708,2026-04-03,1,defect,41.19
1132,15743,2025-04-07,1,defect,309.82
1133,15761,2026-06-23,1,defect,91.76
1134,15764,2025-12-06,1,defect,76.28
1135,15768,2025-11-19,1,no_reason,248.41
1136,15801,2025-02-22,1,wrong_size,314.94
1137,15819,2025-05-23,1,wrong_size,153.45
1138,15825,2026-04-08,3,no_reason,1099.13
1139,15844,2025-09-01,2,wrong_size,248.35
1140,15847,2026-01-02,1,defect,22.31
1141,15855,2025-04-14,1,wrong_size,143.03
1142,15856,2025-04-02,1,wrong_size,251.03
1143,15858,2025-04-17,1,no_reason,81.1
1144,15874,2025-08-12,2,not_as_described,295.3
1145,15879,2025-06-26,1,defect,137.41
1146,15900,2025-05-31,1,wrong_size,236.73
1147,15902,2025-06-05,1,defect,8.25
1148,15922,2026-05-14,2,not_as_described,614.1
1149,15924,2026-05-08,1,wrong_size,407.97
1150,15928,2026-05-17,1,wrong_size,272.1
1151,15949,2025-05-03,1,wrong_size,326.77
1152,15954,2025-07-28,1,wrong_size,245.45
1153,15980,2026-03-10,1,not_as_described,198.39
1154,15991,2026-01-06,1,no_reason,332.46
1155,16013,2025-09-25,1,wrong_size,165.19
1156,16019,2026-04-22,1,defect,380.94
1157,16026,2025-10-10,1,wrong_size,71.87
1158,16031,2024-09-17,1,defect,91.14
1159,16035,2024-12-26,1,no_reason,346.15
1160,16040,2024-04-08,2,defect,725.1
1161,16060,2025-12-04,1,not_as_described,422.97
1162,16069,2024-12-03,1,no_reason,371.21
1163,16081,2024-09-15,3,no_reason,42.51
1164,16086,2025-12-15,1,wrong_size,250.26
1165,16105,2024-05-15,1,wrong_size,178.53
1166,16121,2026-01-30,2,no_reason,505.81
1167,16127,2025-12-04,2,not_as_described,780.62
1168,16129,2025-10-24,1,no_reason,233.51
1169,16146,2026-05-17,1,not_as_described,170.65
1170,16179,2025-11-09,1,not_as_described,108.9
1171,16186,2026-04-06,1,defect,329.02
1172,16194,2025-01-21,2,not_as_described,730.19
1173,16197,2025-01-22,1,not_as_described,278.01
1174,16206,2026-01-06,1,wrong_size,93.44
1175,16211,2024-10-02,2,wrong_size,458.05
1176,16216,2024-03-24,1,no_reason,350.51
1177,16250,2026-05-09,1,wrong_size,379.1
1178,16252,2024-06-21,3,defect,677.5
1179,16260,2026-05-20,1,no_reason,403.6
1180,16274,2026-03-15,1,defect,339.15
1181,16325,2026-03-27,3,defect,522.89
1182,16377,2025-11-25,2,wrong_size,748.84
1183,16382,2026-02-07,2,defect,804.28
1184,16387,2026-03-24,1,wrong_size,378.4
1185,16395,2025-09-20,1,defect,290.19
1186,16438,2026-06-20,2,wrong_size,32.82
1187,16448,2026-01-05,2,not_as_described,323.76
1188,16499,2025-05-12,1,wrong_size,85.0
1189,16502,2025-06-14,1,defect,20.65
1190,16516,2025-10-06,1,defect,185.41
1191,16523,2025-08-04,1,defect,144.58
1192,16526,2024-04-30,2,wrong_size,551.82
1193,16551,2024-12-08,1,no_reason,15.12
1194,16579,2025-12-14,1,wrong_size,380.39
1195,16583,2025-09-28,1,no_reason,73.93
1196,16588,2026-05-07,1,wrong_size,255.38
1197,16604,2024-05-23,1,wrong_size,229.25
1198,16608,2025-06-16,1,defect,374.42
1199,16615,2025-09-21,1,no_reason,65.97
1200,16625,2024-10-02,1,not_as_described,379.85
1201,16627,2024-05-02,1,wrong_size,397.74
1202,16636,2025-01-02,1,defect,263.14
1203,16678,2025-04-17,1,no_reason,351.16
1204,16703,2024-06-03,2,defect,386.08
1205,16705,2024-05-26,1,wrong_size,156.66
1206,16709,2024-11-03,1,no_reason,222.73
1207,16724,2026-01-26,1,wrong_size,262.06
1208,16736,2025-03-20,1,no_reason,73.41
1209,16774,2026-04-01,1,defect,309.24
1210,16797,2026-05-07,2,no_reason,353.42
1211,16808,2026-01-15,1,not_as_described,139.36
1212,16811,2025-04-12,2,no_reason,29.86
1213,16819,2025-10-27,1,wrong_size,25.74
1214,16835,2026-04-05,2,defect,682.17
1215,16852,2026-01-07,1,defect,11.54
1216,16858,2026-04-20,2,defect,755.58
1217,16903,2025-12-25,1,wrong_size,180.76
1218,16908,2025-11-21,1,no_reason,68.7
1219,16947,2025-09-25,1,no_reason,319.24
1220,16957,2025-10-07,2,wrong_size,292.77
1221,16970,2026-02-23,1,wrong_size,337.23
1222,16981,2026-05-22,1,wrong_size,154.57
1223,16996,2026-03-29,1,wrong_size,176.19
1224,16997,2026-05-06,1,not_as_described,143.8
1225,17045,2026-04-08,2,defect,651.42
1226,17050,2026-05-24,1,defect,275.63
1227,17053,2026-03-28,1,not_as_described,402.18
1228,17056,2025-06-11,1,not_as_described,256.17
1229,17059,2025-05-30,1,no_reason,165.32
1230,17060,2025-06-16,1,wrong_size,272.11
1231,17064,2024-06-30,2,wrong_size,31.32
1232,17086,2026-02-15,2,defect,354.29
1233,17106,2026-02-23,1,no_reason,355.22
1234,17124,2025-12-25,1,wrong_size,274.82
1235,17125,2025-12-25,1,wrong_size,234.42
1236,17168,2026-06-08,2,defect,548.8
1237,17238,2024-07-28,1,wrong_size,255.85
1238,17270,2024-01-19,1,defect,237.85
1239,17273,2024-02-15,2,wrong_size,132.82
1240,17284,2026-06-26,1,not_as_described,314.41
1241,17322,2025-06-15,1,wrong_size,143.12
1242,17339,2026-06-30,2,defect,696.8
1243,17347,2026-04-14,1,not_as_described,93.98
1244,17358,2026-06-06,1,wrong_size,180.36
1245,17371,2025-07-28,1,no_reason,174.43
1246,17380,2026-03-06,1,defect,24.41
1247,17382,2026-03-05,1,wrong_size,274.48
1248,17388,2025-06-30,1,defect,144.31
1249,17401,2025-01-17,1,not_as_described,80.97
1250,17432,2025-10-02,2,not_as_described,789.91
1251,17458,2026-02-18,1,not_as_described,270.72
1252,17469,2026-05-29,3,not_as_described,609.3
1253,17480,2024-10-03,2,wrong_size,28.08
1254,17519,2026-01-11,1,no_reason,256.94
1255,17520,2025-12-26,1,wrong_size,281.29
1256,17529,2026-02-10,1,wrong_size,401.37
1257,17539,2026-04-20,1,no_reason,302.44
1258,17540,2024-04-06,2,no_reason,70.5
1259,17544,2024-06-24,1,no_reason,194.7
1260,17564,2024-11-30,1,wrong_size,56.25
1261,17583,2025-07-25,1,not_as_described,175.24
1262,17591,2025-01-17,1,wrong_size,123.65
1263,17615,2026-06-05,2,defect,420.94
1264,17621,2026-04-09,1,defect,298.97
1265,17627,2024-12-21,1,defect,129.56
1266,17647,2025-06-13,1,no_reason,283.55
1267,17665,2025-10-31,1,wrong_size,271.77
1268,17673,2025-07-24,1,no_reason,301.55
1269,17678,2026-01-03,2,defect,213.23
1270,17712,2026-01-29,2,defect,745.4
1271,17755,2026-04-14,2,defect,737.7
1272,17767,2026-04-29,1,wrong_size,285.37
1273,17783,2026-05-08,1,no_reason,263.2
1274,17801,2025-08-04,1,defect,213.43
1275,17820,2025-08-09,1,wrong_size,275.34
1276,17822,2024-03-19,1,defect,269.44
1277,17843,2026-06-16,2,defect,543.2
1278,17858,2026-06-25,1,defect,46.09
1279,17872,2025-01-19,2,defect,515.4
1280,17877,2025-06-18,1,defect,102.79
1281,17894,2026-01-01,2,defect,35.11
1282,17896,2026-01-15,3,wrong_size,409.74
1283,17898,2025-01-04,2,not_as_described,73.11
1284,17900,2025-09-06,1,not_as_described,165.89
1285,17917,2026-01-23,3,wrong_size,815.34
1286,17931,2026-04-30,1,defect,281.74
1287,17962,2025-11-12,1,defect,17.21
1288,17971,2025-11-27,1,defect,142.08
1289,17982,2025-12-07,2,not_as_described,481.75
1290,18007,2026-02-01,1,wrong_size,130.92
1291,18010,2024-09-13,1,wrong_size,346.49
1292,18022,2025-06-15,2,not_as_described,168.02
1293,18057,2025-09-01,1,wrong_size,339.81
1294,18072,2025-03-01,1,wrong_size,318.49
1295,18078,2026-01-27,1,not_as_described,43.69
1296,18083,2026-06-05,3,not_as_described,996.45
1297,18085,2026-04-26,1,defect,13.86
1298,18093,2026-04-07,1,not_as_described,275.12
1299,18110,2025-12-30,1,no_reason,233.54
1300,18116,2026-03-15,1,wrong_size,169.0
1301,18132,2025-07-04,3,defect,804.88
1302,18141,2026-06-15,1,wrong_size,150.14
1303,18150,2026-01-27,1,defect,153.9
1304,18193,2025-07-12,2,no_reason,881.64
1305,18194,2025-11-18,1,defect,67.31
1306,18201,2025-12-31,1,no_reason,98.6
1307,18202,2025-12-19,1,no_reason,322.96
1308,18228,2026-01-22,1,wrong_size,319.86
1309,18276,2025-10-07,1,wrong_size,170.2
1310,18281,2026-06-11,1,wrong_size,234.77
1311,18296,2025-03-31,1,wrong_size,304.6
1312,18302,2024-09-13,1,not_as_described,294.9
1313,18307,2024-08-14,3,defect,438.4
1314,18321,2025-04-25,1,no_reason,268.49
1315,18339,2025-10-09,1,defect,217.74
1316,18377,2025-10-31,1,not_as_described,81.53
1317,18383,2024-12-08,1,not_as_described,107.64
1318,18417,2024-09-13,2,no_reason,743.61
1319,18463,2024-10-19,1,not_as_described,308.01
1320,18470,2026-06-30,2,defect,459.04
1321,18490,2026-02-24,1,not_as_described,69.73
1322,18496,2025-10-18,1,defect,275.35
1323,18497,2025-10-27,2,wrong_size,557.68
1324,18498,2025-10-20,1,defect,369.15
1325,18538,2024-08-23,2,wrong_size,533.7
1326,18543,2025-12-03,1,wrong_size,129.12
1327,18545,2025-12-09,1,not_as_described,291.12
1328,18581,2024-07-19,1,wrong_size,145.96
1329,18584,2024-07-18,3,not_as_described,998.73
1330,18587,2026-05-24,3,defect,698.16
1331,18610,2026-04-14,1,wrong_size,120.97
1332,18629,2025-12-02,3,defect,157.05
1333,18670,2025-12-18,1,not_as_described,133.11
1334,18696,2025-03-25,2,defect,128.22
1335,18751,2026-02-02,2,defect,672.46
1336,18753,2024-11-25,1,not_as_described,205.47
1337,18755,2024-12-07,1,defect,109.71
1338,18795,2025-04-01,1,defect,385.45
1339,18805,2025-06-22,2,defect,630.14
1340,18831,2025-11-05,1,not_as_described,307.96
1341,18836,2026-02-10,1,wrong_size,95.73
1342,18840,2026-01-29,1,defect,352.33
1343,18842,2024-03-29,1,wrong_size,297.67
1344,18881,2025-11-05,2,not_as_described,595.8
1345,18887,2024-12-26,1,wrong_size,348.67
1346,18892,2025-06-24,2,defect,694.6
1347,18911,2024-11-25,3,wrong_size,1143.96
1348,18912,2024-01-10,1,not_as_described,232.56
1349,18914,2024-01-12,1,no_reason,18.72
1350,18915,2026-02-10,1,wrong_size,216.7
1351,18916,2026-02-01,1,wrong_size,124.45
1352,18917,2026-01-29,1,defect,116.25
1353,18925,2025-12-03,1,not_as_described,282.07
1354,18939,2024-10-31,1,defect,107.63
1355,18968,2026-04-02,2,wrong_size,741.55
1356,19014,2025-07-02,3,wrong_size,554.22
1357,19017,2025-03-09,1,not_as_described,158.9
1358,19103,2025-12-23,1,no_reason,84.72
1359,19110,2026-01-04,1,no_reason,329.25
1360,19112,2024-11-13,2,defect,495.42
1361,19116,2025-08-11,2,wrong_size,512.58
1362,19131,2025-10-09,1,wrong_size,109.19
1363,19132,2025-10-08,1,no_reason,385.9
1364,19151,2026-05-07,1,defect,204.61
1365,19162,2026-01-12,1,no_reason,206.95
1366,19167,2026-05-21,2,not_as_described,603.04
1367,19175,2026-02-18,1,no_reason,232.98
1368,19218,2024-10-20,2,wrong_size,190.12
1369,19226,2025-12-17,1,no_reason,46.33
1370,19232,2025-06-21,1,not_as_described,135.95
1371,19260,2026-02-14,1,defect,382.2
1372,19282,2026-04-15,2,defect,668.92
1373,19289,2026-03-22,2,wrong_size,226.22
1374,19300,2026-05-02,1,defect,398.25
1375,19317,2026-06-24,2,wrong_size,659.38
1376,19319,2026-03-08,1,defect,206.1
1377,19350,2026-06-21,2,no_reason,425.81
1378,19352,2026-05-28,1,not_as_described,80.97
1379,19362,2026-06-08,1,defect,302.62
1380,19432,2026-04-15,1,defect,197.69
1381,19510,2026-03-31,1,wrong_size,38.84
1382,19525,2026-03-19,1,wrong_size,255.5
1383,19553,2026-01-29,3,defect,518.19
1384,19554,2026-01-23,2,defect,647.06
1385,19560,2026-05-08,1,defect,348.56
1386,19562,2026-04-03,1,defect,284.77
1387,19604,2026-02-17,1,wrong_size,248.54
1388,19610,2025-01-16,1,not_as_described,149.89
1389,19620,2026-06-13,1,no_reason,299.39
1390,19659,2025-09-25,2,defect,537.28
1391,19662,2025-04-18,3,not_as_described,382.71
1392,19726,2026-02-19,1,no_reason,224.93
1393,19770,2026-02-21,3,wrong_size,878.93
1394,19790,2026-01-20,1,wrong_size,249.5
1395,19797,2025-11-05,1,no_reason,429.5
1396,19817,2025-08-08,2,no_reason,67.62
1397,19831,2026-04-20,1,wrong_size,224.06
1398,19832,2026-04-10,1,wrong_size,245.55
1399,19868,2025-01-13,1,defect,135.13
1400,19872,2026-03-11,1,wrong_size,114.92
1401,19874,2026-03-27,2,wrong_size,545.32
1402,19910,2026-05-21,2,not_as_described,174.36
1403,19921,2025-12-10,2,wrong_size,713.6
1404,19935,2025-09-02,1,defect,197.73
1405,19964,2026-04-29,1,wrong_size,8.99
1406,19968,2026-02-27,1,defect,403.68
1407,19977,2026-05-24,2,wrong_size,656.88
1408,19998,2026-06-03,2,wrong_size,59.3
1409,20001,2026-02-28,1,not_as_described,34.71
1410,20006,2026-06-20,2,not_as_described,121.53
1411,20017,2026-04-04,1,defect,356.06
1412,20023,2026-05-02,1,defect,258.68
1413,20062,2026-03-03,1,not_as_described,269.68
1414,20095,2025-06-08,1,defect,114.62
1415,20101,2026-06-23,2,wrong_size,165.68
1416,20128,2026-06-16,1,defect,189.08
1417,20135,2024-05-25,1,no_reason,109.7
1418,20141,2024-06-01,2,defect,492.34
1419,20164,2026-02-05,1,defect,378.29
1420,20180,2025-01-21,1,wrong_size,157.4
1421,20198,2026-03-11,1,not_as_described,376.37
1422,20199,2024-11-24,1,wrong_size,297.23
1423,20200,2024-05-31,1,wrong_size,334.36
1424,20202,2025-11-24,1,no_reason,39.48
1425,20212,2024-10-12,1,no_reason,17.8
1426,20216,2024-03-02,1,wrong_size,365.18
1427,20271,2025-10-31,1,not_as_described,32.6
1428,20275,2024-10-23,1,defect,380.78
1429,20277,2025-10-30,1,wrong_size,143.82
1430,20290,2026-01-13,1,not_as_described,241.2
1431,20305,2026-05-03,1,no_reason,294.23
1432,20307,2025-12-21,1,no_reason,280.61
1433,20308,2025-12-19,1,no_reason,415.99
1434,20318,2025-08-14,1,no_reason,341.85
1435,20332,2026-05-04,1,no_reason,137.01
1436,20349,2025-12-04,1,defect,348.24
1437,20379,2024-11-29,1,no_reason,351.18
1438,20394,2026-03-28,2,not_as_described,68.17
1439,20403,2025-08-19,1,wrong_size,53.76
1440,20414,2025-02-08,1,wrong_size,424.16
1441,20429,2025-02-24,2,defect,712.1
1442,20435,2025-05-19,1,defect,438.46
1443,20458,2025-07-06,1,no_reason,170.49
1444,20461,2025-07-16,1,defect,306.77
1445,20472,2026-04-30,1,not_as_described,100.14
1446,20473,2026-04-29,1,defect,336.46
1447,20485,2024-11-29,1,defect,394.6
1448,20514,2024-12-29,1,wrong_size,334.03
1449,20521,2025-12-17,1,defect,274.62
1450,20537,2026-05-31,1,defect,149.48
1451,20553,2026-04-14,1,wrong_size,308.2
1452,20596,2026-05-27,1,not_as_described,54.6
1453,20622,2026-02-08,1,no_reason,306.6
1454,20643,2026-02-03,1,defect,380.33
1455,20654,2026-01-16,1,wrong_size,68.85
1456,20675,2025-11-05,1,not_as_described,296.26
1457,20687,2024-02-05,2,not_as_described,340.2
1458,20688,2024-01-28,1,defect,123.57
1459,20696,2025-11-10,1,defect,141.75
1460,20717,2026-01-01,1,defect,127.11
1461,20741,2026-04-27,1,wrong_size,108.13
1462,20752,2025-02-16,1,wrong_size,315.19
1463,20760,2025-11-10,1,defect,279.98
1464,20768,2025-12-22,1,not_as_described,26.18
1465,20774,2026-03-03,1,defect,370.19
1466,20788,2024-11-24,1,not_as_described,283.88
1467,20868,2025-04-07,1,not_as_described,266.25
1468,20869,2025-03-30,2,defect,704.66
1469,20872,2024-09-07,1,defect,292.87
1470,20880,2024-09-25,1,not_as_described,393.66
1471,20885,2024-10-04,1,not_as_described,14.62
1472,20888,2025-11-23,1,not_as_described,319.63
1473,20893,2025-03-16,1,wrong_size,325.24
1474,20899,2025-11-02,1,wrong_size,146.78
1475,20908,2025-04-29,1,defect,263.12
1476,20915,2025-02-14,1,wrong_size,243.07
1477,20925,2026-03-18,1,wrong_size,274.99
1478,20931,2026-04-27,1,defect,299.18
1479,20941,2026-02-12,2,no_reason,587.18
1480,20949,2026-02-07,1,wrong_size,16.0
1481,20950,2025-12-29,3,no_reason,346.35
1482,20959,2024-11-10,1,defect,316.19
1483,21048,2025-03-29,1,wrong_size,261.79
1484,21050,2024-10-20,1,not_as_described,338.46
1485,21064,2025-07-11,1,defect,194.69
1486,21073,2026-01-19,2,not_as_described,387.08
1487,21076,2026-03-09,2,not_as_described,246.33
1488,21087,2026-05-13,2,defect,216.98
1489,21093,2025-02-03,1,not_as_described,139.69
1490,21110,2024-08-20,1,no_reason,114.37
1491,21116,2025-12-19,1,wrong_size,236.77
1492,21145,2026-04-07,1,wrong_size,14.5
1493,21150,2026-04-04,3,defect,1204.87
1494,21154,2026-06-21,1,not_as_described,124.9
1495,21162,2024-11-15,2,not_as_described,633.59
1496,21175,2026-04-04,1,not_as_described,238.85
1497,21184,2026-05-07,1,wrong_size,39.86
1498,21200,2025-07-25,1,not_as_described,263.14
1499,21295,2026-05-23,1,not_as_described,156.66
1500,21307,2025-10-18,1,no_reason,333.2
1501,21321,2025-06-21,1,wrong_size,160.03
1502,21323,2026-06-17,1,defect,339.14
1503,21353,2024-08-19,1,not_as_described,9.11
1504,21357,2026-04-12,2,not_as_described,723.04
1505,21370,2026-06-24,1,defect,16.76
1506,21376,2025-12-27,1,wrong_size,115.3
1507,21398,2025-07-04,1,no_reason,368.76
1508,21401,2024-11-22,1,not_as_described,148.96
1509,21406,2025-11-04,3,wrong_size,1095.48
1510,21407,2025-11-04,1,defect,416.99
1511,21437,2025-10-20,1,wrong_size,330.56
1512,21470,2026-05-10,1,no_reason,116.12
1513,21483,2025-06-12,1,wrong_size,426.16
1514,21487,2026-03-12,1,no_reason,186.95
1515,21492,2026-06-23,1,not_as_described,356.59
1516,21493,2026-01-11,1,wrong_size,267.95
1517,21503,2026-03-06,1,wrong_size,308.03
1518,21505,2026-02-06,1,no_reason,306.01
1519,21512,2026-06-26,2,no_reason,72.44
1520,21516,2025-10-27,1,wrong_size,154.58
1521,21530,2025-07-06,1,defect,266.2
1522,21568,2026-06-02,1,no_reason,192.33
1523,21611,2025-12-12,1,not_as_described,313.48
1524,21612,2025-11-30,1,wrong_size,240.45
1525,21630,2024-12-16,1,defect,345.84
1526,21635,2025-10-28,1,not_as_described,202.64
1527,21648,2026-05-20,2,wrong_size,628.14
1528,21662,2026-04-04,2,wrong_size,565.01
1529,21673,2025-09-15,1,defect,165.58
1530,21693,2026-01-05,1,wrong_size,126.57
1531,21695,2026-01-05,2,no_reason,52.34
1532,21696,2026-01-05,2,wrong_size,314.78
1533,21712,2026-01-07,1,wrong_size,259.41
1534,21722,2026-05-08,1,wrong_size,224.65
1535,21727,2025-11-21,2,not_as_described,278.04
1536,21742,2025-12-10,2,wrong_size,325.62
1537,21765,2025-09-26,1,defect,247.22
1538,21769,2025-10-04,1,wrong_size,238.14
1539,21796,2025-08-20,1,wrong_size,131.8
1540,21810,2026-03-14,1,no_reason,121.95
1541,21813,2024-08-30,1,defect,196.84
1542,21814,2024-07-26,1,wrong_size,262.0
1543,21821,2025-07-23,1,no_reason,191.79
1544,21842,2026-02-08,2,not_as_described,233.52
1545,21843,2025-07-10,2,wrong_size,401.88
1546,21885,2025-10-10,1,wrong_size,86.51
1547,21907,2024-12-24,1,not_as_described,298.9
1548,21920,2025-10-14,2,defect,501.93
1549,21959,2025-09-07,1,defect,145.05
1550,22012,2026-05-07,1,defect,245.86
1551,22013,2026-05-16,2,no_reason,496.34
1552,22018,2026-03-24,1,wrong_size,236.44
1553,22051,2025-03-20,1,wrong_size,346.81
1554,22060,2026-04-01,1,no_reason,75.49
1555,22069,2026-03-29,1,not_as_described,259.17
1556,22088,2026-01-10,1,wrong_size,9.39
1557,22093,2024-04-19,1,defect,325.04
1558,22110,2024-05-06,1,defect,61.48
1559,22123,2024-12-23,2,wrong_size,25.99
1560,22136,2024-05-03,1,not_as_described,9.27
1561,22141,2026-01-04,1,not_as_described,24.64
1562,22151,2025-07-08,1,defect,292.11
1563,22186,2024-11-15,1,wrong_size,86.29
1564,22190,2026-03-16,1,defect,320.33
1565,22191,2025-02-26,1,defect,58.86
1566,22216,2025-12-24,1,not_as_described,416.51
1567,22223,2025-12-22,1,no_reason,321.65
1568,22229,2024-08-08,1,not_as_described,197.63
1569,22237,2025-11-21,1,wrong_size,168.3
1570,22239,2024-06-10,3,not_as_described,438.99
1571,22241,2024-06-15,1,wrong_size,351.42
1572,22271,2026-06-07,1,defect,9.53
1573,22294,2025-10-03,1,defect,229.18
1574,22302,2026-03-18,1,defect,279.35
1575,22308,2025-01-30,2,defect,20.82
1576,22394,2025-09-14,1,no_reason,17.56
1577,22422,2024-03-18,2,wrong_size,563.07
1578,22430,2025-02-13,1,not_as_described,36.09
1579,22470,2025-03-30,3,wrong_size,263.29
1580,22477,2025-07-11,1,not_as_described,206.33
1581,22495,2025-05-13,1,defect,254.29
1582,22504,2026-06-07,1,defect,118.99
1583,22514,2025-12-03,1,defect,98.2
1584,22515,2025-11-30,1,not_as_described,339.78
1585,22541,2024-09-03,2,defect,702.47
1586,22551,2025-11-03,1,defect,268.4
1587,22553,2025-12-02,1,wrong_size,210.75
1588,22556,2025-05-06,1,not_as_described,196.76
1589,22560,2025-02-13,1,defect,362.27
1590,22566,2024-11-23,1,defect,299.79
1591,22569,2026-04-21,1,no_reason,386.23
1592,22586,2024-06-13,1,not_as_described,328.59
1593,22589,2025-02-03,1,wrong_size,109.3
1594,22599,2024-07-12,2,wrong_size,788.92
1595,22602,2024-02-01,1,defect,264.61
1596,22641,2025-12-06,1,no_reason,31.92
1597,22651,2025-12-18,2,wrong_size,125.58
1598,22657,2026-04-01,1,wrong_size,314.36
1599,22663,2026-04-12,1,defect,215.82
1600,22667,2026-06-28,1,wrong_size,62.75
1601,22682,2026-05-08,1,no_reason,212.61
1602,22706,2026-03-31,1,wrong_size,289.95
1603,22715,2025-09-02,1,wrong_size,17.7
1604,22731,2026-05-23,1,defect,192.07
1605,22766,2024-06-19,3,not_as_described,970.86
1606,22770,2024-01-22,2,not_as_described,22.12
1607,22780,2026-02-12,1,defect,355.27
1608,22784,2026-02-24,1,wrong_size,141.38
1609,22786,2026-06-15,1,no_reason,202.67
1610,22801,2024-03-26,1,no_reason,75.9
1611,22841,2025-11-07,1,wrong_size,438.34
1612,22848,2026-05-25,1,no_reason,90.19
1613,22854,2026-05-09,1,no_reason,116.06
1614,22872,2025-09-10,1,not_as_described,136.76
1615,22873,2025-09-05,1,wrong_size,105.19
1616,22877,2025-11-03,1,not_as_described,118.97
1617,22878,2025-12-10,1,wrong_size,96.2
1618,22892,2026-01-09,1,wrong_size,355.69
1619,22912,2025-11-16,1,not_as_described,348.64
1620,22914,2025-12-22,1,wrong_size,176.05
1621,22926,2025-09-24,2,not_as_described,127.47
1622,22941,2026-04-07,2,not_as_described,560.74
1623,22951,2025-12-22,1,wrong_size,17.06
1624,22956,2026-01-07,1,wrong_size,112.83
1625,22975,2025-12-22,1,defect,203.83
1626,22988,2024-02-27,1,defect,270.03
1627,23021,2026-05-10,2,defect,521.32
1628,23066,2025-04-09,1,defect,134.57
1629,23071,2025-07-17,1,not_as_described,334.85
1630,23076,2025-12-15,1,no_reason,204.0
1631,23102,2026-03-08,1,wrong_size,413.37
1632,23128,2026-05-06,1,wrong_size,88.8
1633,23129,2026-06-29,1,not_as_described,185.59
1634,23184,2024-11-20,1,wrong_size,359.07
1635,23202,2025-07-16,1,wrong_size,266.47
1636,23215,2024-03-05,1,not_as_described,45.06
1637,23229,2024-04-18,1,not_as_described,242.78
1638,23236,2026-05-11,1,not_as_described,203.59
1639,23258,2024-01-27,2,wrong_size,359.2
1640,23277,2024-08-08,1,wrong_size,345.53
1641,23285,2025-11-23,2,wrong_size,398.97
1642,23293,2026-03-04,1,not_as_described,258.29
1643,23331,2025-10-01,1,not_as_described,201.05
1644,23336,2024-05-18,1,wrong_size,291.39
1645,23347,2025-11-15,1,wrong_size,139.83
1646,23353,2025-03-08,1,defect,86.66
1647,23400,2026-05-17,2,wrong_size,221.89
1648,23404,2024-09-17,1,wrong_size,347.01
1649,23411,2025-10-08,1,wrong_size,53.8
1650,23415,2025-09-28,1,defect,336.77
1651,23418,2026-05-10,1,defect,190.64
1652,23434,2024-04-03,1,wrong_size,292.83
1653,23438,2024-03-11,1,not_as_described,54.49
1654,23445,2025-09-15,2,no_reason,304.62
1655,23447,2024-12-14,1,wrong_size,56.54
1656,23478,2026-06-26,2,defect,220.37
1657,23482,2025-12-31,1,not_as_described,9.95
1658,23487,2024-03-02,1,defect,301.54
1659,23488,2024-02-22,1,not_as_described,97.76
1660,23493,2026-01-14,1,defect,121.81
1661,23497,2026-02-20,1,wrong_size,65.75
1662,23550,2026-01-21,1,no_reason,30.31
1663,23555,2026-01-29,1,defect,317.69
1664,23615,2026-06-30,2,defect,486.62
1665,23637,2025-12-08,1,wrong_size,403.63
1666,23638,2025-11-24,1,defect,190.58
1667,23700,2024-09-21,2,not_as_described,152.12
1668,23716,2025-08-23,1,wrong_size,92.18
1669,23719,2025-02-15,2,no_reason,528.94
1670,23740,2026-02-03,1,wrong_size,283.36
1671,23750,2025-07-14,2,defect,693.22
1672,23759,2026-05-23,1,not_as_described,185.67
1673,23760,2026-05-25,2,defect,562.2
1674,23783,2025-03-26,1,wrong_size,284.12
1675,23799,2024-01-25,1,wrong_size,254.1
1676,23808,2025-12-16,1,wrong_size,339.15
1677,23826,2026-01-26,1,defect,223.57
1678,23835,2024-11-23,1,wrong_size,36.59
1679,23851,2025-03-31,1,no_reason,325.54
1680,23860,2025-11-21,1,wrong_size,113.22
1681,23870,2026-06-18,1,wrong_size,278.3
1682,23877,2026-04-02,1,wrong_size,180.7
1683,23890,2025-04-23,1,not_as_described,18.07
1684,23904,2026-01-28,1,no_reason,139.11
1685,23928,2026-03-03,1,defect,258.3
1686,23929,2026-03-11,1,not_as_described,146.94
1687,23946,2026-01-24,1,not_as_described,134.01
1688,23977,2026-01-01,3,not_as_described,112.84
1689,24012,2026-06-11,1,wrong_size,251.18
1690,24015,2026-06-11,1,not_as_described,382.91
1691,24039,2026-04-15,1,wrong_size,284.27
1692,24042,2025-12-26,1,wrong_size,390.19
1693,24043,2026-01-02,2,defect,121.76
1694,24046,2025-10-12,3,defect,411.03
1695,24072,2026-05-05,1,no_reason,193.51
1696,24131,2026-04-22,1,defect,313.01
1697,24135,2026-01-05,1,wrong_size,27.04
1698,24145,2024-09-24,1,not_as_described,298.72
1699,24157,2026-01-17,2,no_reason,62.78
1700,24161,2026-03-15,1,no_reason,151.78
1701,24171,2025-08-27,1,defect,397.24
1702,24175,2026-05-12,2,not_as_described,296.22
1703,24181,2026-03-26,1,defect,287.31
1704,24183,2026-04-10,3,no_reason,732.17
1705,24198,2026-06-15,1,wrong_size,313.75
1706,24202,2025-11-20,1,wrong_size,384.83
1707,24232,2026-04-14,1,wrong_size,205.18
1708,24239,2025-06-13,1,wrong_size,266.83
1709,24241,2026-05-21,1,defect,232.02
1710,24257,2025-02-20,1,defect,11.64
1711,24262,2026-01-13,1,wrong_size,63.12
1712,24263,2025-04-02,1,defect,9.84
1713,24278,2026-05-23,3,not_as_described,629.68
1714,24308,2025-12-18,1,defect,41.37
1715,24349,2026-03-12,1,defect,104.75
1716,24358,2026-01-03,1,no_reason,308.89
1717,24366,2026-05-27,1,no_reason,277.19
1718,24380,2026-01-01,1,no_reason,128.94
1719,24442,2025-11-10,2,defect,395.45
1720,24463,2025-07-28,2,not_as_described,300.24
1721,24484,2026-01-12,1,defect,381.33
1722,24492,2026-03-26,1,defect,191.28
1723,24499,2025-04-09,3,no_reason,903.06
1724,24503,2026-06-27,3,no_reason,925.41
1725,24505,2025-11-10,1,no_reason,30.1
1726,24516,2025-05-04,1,no_reason,226.88
1727,24533,2025-12-14,1,defect,56.01
1728,24535,2026-03-21,1,defect,183.07
1729,24561,2024-12-16,1,wrong_size,342.44
1730,24579,2025-06-22,1,no_reason,331.95
1731,24589,2026-04-27,1,not_as_described,23.18
1732,24596,2026-03-21,1,wrong_size,303.31
1733,24606,2024-07-31,2,wrong_size,385.26
1734,24612,2024-11-05,2,no_reason,26.64
1735,24660,2025-01-16,1,wrong_size,49.0
1736,24685,2024-10-28,1,wrong_size,265.0
1737,24689,2024-12-11,1,no_reason,119.36
1738,24692,2024-07-25,1,defect,266.69
1739,24693,2024-07-18,1,not_as_described,289.67
1740,24711,2024-07-16,2,wrong_size,604.1
1741,24747,2025-11-27,1,no_reason,142.65
1742,24756,2024-07-20,1,no_reason,274.18
1743,24765,2024-12-05,1,no_reason,238.62
1744,24780,2024-10-15,1,not_as_described,304.83
1745,24785,2026-01-01,1,defect,262.22
1746,24802,2025-11-14,1,no_reason,77.22
1747,24817,2025-10-24,3,not_as_described,248.92
1748,24845,2025-11-24,1,defect,394.07
1749,24846,2025-11-09,1,defect,110.13
1750,24909,2025-11-16,1,not_as_described,110.16
1751,24919,2026-03-16,1,wrong_size,116.07
1752,24921,2026-03-23,2,wrong_size,788.35
1753,24922,2026-03-19,1,wrong_size,328.58
1754,24936,2026-04-25,1,not_as_described,389.87
1755,24945,2026-04-13,1,defect,130.05
1756,24956,2026-02-01,1,defect,58.58
1757,24993,2025-02-14,2,no_reason,282.2
1758,25006,2025-07-09,1,wrong_size,42.07
1759,25015,2025-07-24,2,defect,665.72
1760,25057,2025-12-14,2,wrong_size,580.28
1761,25067,2025-12-24,1,defect,217.28
1762,25077,2025-05-05,1,no_reason,359.8
1763,25090,2026-05-28,1,wrong_size,373.79
1764,25094,2026-03-10,1,wrong_size,323.38
1765,25147,2025-08-01,1,no_reason,123.08
1766,25156,2026-04-07,1,defect,141.71
1767,25158,2025-08-17,1,wrong_size,138.22
1768,25190,2026-06-30,3,not_as_described,186.44
1769,25200,2025-09-01,1,wrong_size,97.81
1770,25208,2025-08-06,1,not_as_described,75.17
1771,25212,2025-03-25,1,not_as_described,260.43
1772,25214,2025-03-25,3,no_reason,648.44
1773,25259,2025-07-16,1,not_as_described,288.09
1774,25266,2025-01-16,1,defect,61.07
1775,25272,2025-05-01,2,defect,570.58
1776,25294,2025-12-17,1,wrong_size,382.71
1777,25321,2025-09-26,1,not_as_described,407.22
1778,25325,2026-06-02,2,defect,307.18
1779,25337,2025-10-23,1,wrong_size,411.19
1780,25368,2026-02-14,1,wrong_size,332.14
1781,25378,2025-10-08,1,no_reason,81.17
1782,25389,2026-01-01,1,wrong_size,303.96
1783,25401,2025-11-15,1,wrong_size,316.34
1784,25408,2026-05-18,1,not_as_described,356.42
1785,25409,2026-05-16,1,wrong_size,321.18
1786,25411,2025-10-18,1,defect,309.7
1787,25414,2025-11-25,1,wrong_size,353.35
1788,25418,2026-03-05,2,wrong_size,59.48
1789,25439,2026-01-16,1,no_reason,250.75
1790,25474,2026-05-17,1,no_reason,151.72
1791,25482,2026-02-01,1,defect,124.48
1792,25493,2025-05-29,2,defect,217.24
1793,25496,2026-03-07,1,wrong_size,227.57
1794,25518,2026-04-22,1,wrong_size,322.3
1795,25519,2026-05-01,1,defect,119.96
1796,25526,2025-01-27,2,not_as_described,103.08
1797,25527,2025-01-24,2,defect,236.91
1798,25528,2025-01-28,1,wrong_size,13.81
1799,25539,2025-04-02,3,defect,996.9
1800,25559,2024-11-23,1,wrong_size,83.66
1801,25577,2025-07-26,2,no_reason,302.8
1802,25601,2025-09-30,1,defect,348.44
1803,25611,2024-06-03,1,not_as_described,183.6
1804,25620,2026-04-23,2,defect,495.5
1805,25626,2026-03-02,1,no_reason,154.75
1806,25675,2025-11-07,1,wrong_size,384.96
1807,25680,2026-03-20,1,not_as_described,214.17
1808,25683,2026-01-27,1,wrong_size,247.72
1809,25694,2025-12-22,1,wrong_size,369.72
1810,25702,2025-12-20,1,wrong_size,213.7
1811,25708,2026-06-20,2,not_as_described,443.84
1812,25743,2025-11-14,1,wrong_size,299.43
1813,25750,2026-01-14,1,no_reason,415.57
1814,25759,2025-11-11,1,not_as_described,216.16
1815,25771,2026-04-11,1,defect,33.63
1816,25778,2026-05-11,1,wrong_size,209.85
1817,25805,2025-05-23,1,no_reason,86.47
1818,25818,2026-06-17,1,defect,331.19
1819,25844,2026-03-28,1,no_reason,86.73
1820,25853,2026-04-12,1,defect,125.59
1821,25894,2026-05-04,2,no_reason,624.12
1822,25902,2026-05-10,1,wrong_size,71.63
1823,25906,2026-03-19,1,wrong_size,40.18
1824,25914,2026-04-30,1,wrong_size,266.09
1825,25925,2026-03-02,1,defect,373.23
1826,25939,2026-01-18,2,defect,258.55
1827,26007,2025-12-06,1,defect,231.21
1828,26010,2025-12-11,1,no_reason,199.26
1829,26017,2026-01-04,1,wrong_size,198.19
1830,26019,2026-03-26,3,no_reason,880.56
1831,26021,2026-03-21,1,defect,159.01
1832,26024,2025-12-02,2,defect,431.62
1833,26040,2024-11-30,1,defect,183.3
1834,26041,2024-11-24,2,wrong_size,235.92
1835,26043,2026-05-24,2,no_reason,249.22
1836,26060,2026-03-07,1,defect,131.61
1837,26129,2025-04-25,2,defect,217.02
1838,26177,2026-06-10,1,not_as_described,349.75
1839,26179,2026-06-19,2,no_reason,809.74
1840,26206,2026-02-12,1,no_reason,227.39
1841,26219,2026-05-11,1,wrong_size,120.36
1842,26223,2026-02-12,2,no_reason,478.86
1843,26233,2026-06-09,3,defect,1163.92
1844,26264,2026-03-15,1,wrong_size,211.6
1845,26265,2026-03-31,1,defect,235.2
1846,26276,2026-05-03,2,not_as_described,652.62
1847,26305,2026-04-02,2,defect,68.02
1848,26306,2026-03-17,2,defect,413.69
1849,26319,2025-01-23,1,wrong_size,376.2
1850,26320,2025-01-25,2,not_as_described,474.81
1851,26322,2025-04-01,1,wrong_size,166.0
1852,26340,2026-05-07,1,wrong_size,262.4
1853,26341,2026-04-21,2,defect,352.13
1854,26349,2025-10-15,1,defect,156.5
1855,26354,2025-03-02,1,wrong_size,66.29
1856,26364,2024-12-12,1,no_reason,72.26
1857,26370,2024-04-18,1,not_as_described,24.79
1858,26458,2025-08-21,3,wrong_size,112.81
1859,26486,2025-10-31,2,not_as_described,506.92
1860,26499,2026-01-10,2,no_reason,457.36
1861,26505,2025-11-23,1,defect,162.21
1862,26512,2024-05-04,2,defect,242.1
1863,26515,2025-09-01,2,wrong_size,126.12
1864,26523,2024-05-31,2,defect,171.46
1865,26545,2025-11-28,1,wrong_size,208.11
1866,26577,2025-08-21,2,defect,174.09
1867,26592,2024-04-21,1,defect,149.59
1868,26605,2026-06-15,1,wrong_size,173.86
1869,26610,2026-06-11,1,defect,380.48
1870,26641,2024-03-23,2,not_as_described,221.9
1871,26642,2024-03-22,1,not_as_described,418.17
1872,26655,2024-12-12,1,wrong_size,38.31
1873,26664,2024-03-02,2,defect,382.75
1874,26689,2024-10-17,1,no_reason,280.77
1875,26693,2024-12-12,2,defect,388.56
1876,26695,2024-11-26,1,defect,413.8
1877,26779,2025-07-01,2,not_as_described,667.47
1878,26807,2026-05-03,1,wrong_size,353.26
1879,26831,2024-06-09,2,defect,74.94
1880,26851,2025-09-11,1,no_reason,205.79
1881,26852,2025-09-05,1,wrong_size,279.21
1882,26874,2024-07-21,1,defect,346.35
1883,26879,2024-07-05,1,wrong_size,342.46
1884,26880,2024-07-13,2,not_as_described,406.39
1885,26884,2025-11-04,2,not_as_described,35.74
1886,26893,2025-05-04,1,wrong_size,69.29
1887,26903,2026-01-03,1,wrong_size,240.61
1888,26924,2026-06-30,2,defect,720.34
1889,26946,2025-03-21,1,defect,385.09
1890,26951,2025-06-23,1,wrong_size,254.29
1891,26980,2024-12-14,2,not_as_described,118.08
1892,27001,2025-02-25,3,defect,875.77
1893,27022,2026-03-15,1,no_reason,265.73
1894,27032,2025-08-13,1,defect,396.65
1895,27033,2025-08-17,1,defect,197.83
1896,27087,2025-09-02,2,no_reason,396.59
1897,27110,2024-11-04,1,wrong_size,69.86
1898,27120,2024-12-11,1,no_reason,107.86
1899,27135,2025-04-23,1,defect,250.15
1900,27140,2025-07-06,1,defect,350.24
1901,27144,2025-12-25,2,defect,666.92
1902,27156,2024-12-04,2,wrong_size,358.2
1903,27180,2024-09-12,1,defect,268.94
1904,27187,2024-04-16,1,no_reason,57.65
1905,27189,2024-07-28,1,defect,341.77
1906,27194,2024-12-15,1,defect,132.38
1907,27195,2026-01-23,3,defect,1096.62
1908,27208,2024-04-02,1,no_reason,205.5
1909,27213,2025-10-13,1,wrong_size,273.31
1910,27221,2025-08-30,1,wrong_size,212.19
1911,27231,2025-09-20,1,defect,10.75
1912,27255,2026-02-09,2,no_reason,153.71
1913,27258,2026-02-17,1,defect,286.75
1914,27278,2024-10-30,1,not_as_described,344.49
1915,27296,2025-10-09,1,no_reason,293.57
1916,27306,2026-05-30,1,not_as_described,316.41
1917,27313,2025-09-18,1,no_reason,91.82
1918,27324,2026-03-13,1,defect,194.26
1919,27336,2024-08-01,2,no_reason,765.6
1920,27372,2026-05-19,1,no_reason,33.39
1921,27378,2025-03-14,1,wrong_size,259.86
1922,27398,2025-12-18,1,defect,163.12
1923,27400,2024-11-06,1,no_reason,426.51
1924,27401,2024-10-23,3,defect,31.49
1925,27407,2025-03-04,1,wrong_size,428.24
1926,27445,2026-06-24,1,wrong_size,70.67
1927,27448,2025-10-26,1,defect,245.87
1928,27459,2026-01-08,2,wrong_size,288.95
1929,27460,2026-01-03,1,no_reason,36.26
1930,27470,2026-05-06,1,defect,149.75
1931,27505,2024-05-08,1,not_as_described,433.65
1932,27506,2024-04-30,3,defect,1277.94
1933,27513,2025-05-07,1,no_reason,110.35
1934,27536,2025-11-02,1,not_as_described,296.39
1935,27548,2024-12-30,2,defect,20.04
1936,27564,2024-09-02,1,not_as_described,31.84
1937,27567,2024-12-29,1,defect,189.81
1938,27576,2025-11-07,1,not_as_described,145.01
1939,27601,2025-05-13,1,wrong_size,432.63
1940,27633,2024-10-15,1,not_as_described,167.64
1941,27656,2026-05-03,1,defect,231.57
1942,27668,2025-01-09,1,not_as_described,189.35
1943,27679,2025-11-27,3,wrong_size,326.52
1944,27699,2024-10-09,1,wrong_size,68.36
1945,27733,2024-12-27,1,not_as_described,119.84
1946,27735,2025-06-25,2,not_as_described,593.78
1947,27744,2026-06-03,1,no_reason,45.33
1948,27783,2025-02-22,2,no_reason,57.42
1949,27786,2025-01-09,1,wrong_size,347.28
1950,27787,2025-01-11,1,wrong_size,172.99
1951,27789,2025-03-17,2,wrong_size,374.78
1952,27798,2025-09-30,1,wrong_size,37.55
1953,27807,2025-03-05,1,defect,297.0
1954,27822,2025-08-17,1,defect,313.22
1955,27846,2025-04-25,1,no_reason,175.8
1956,27859,2025-12-17,2,no_reason,503.57
1957,27894,2026-05-27,1,defect,265.91
1958,27899,2025-07-05,1,no_reason,372.75
1959,27916,2025-08-05,1,no_reason,117.41
1960,27968,2024-11-05,1,no_reason,199.29
1961,27982,2025-06-18,1,wrong_size,374.59
1962,27988,2024-09-20,1,no_reason,391.39
1963,28001,2024-09-23,1,not_as_described,327.0
1964,28010,2024-10-20,1,defect,345.95
1965,28030,2025-11-11,3,no_reason,494.31
1966,28052,2025-05-06,2,no_reason,471.82
1967,28078,2026-02-21,1,not_as_described,262.57
1968,28079,2026-02-20,1,not_as_described,41.68
1969,28097,2025-03-14,3,no_reason,293.55
1970,28122,2026-04-05,1,wrong_size,156.04
1971,28124,2026-06-08,1,no_reason,204.62
1972,28141,2026-03-14,1,defect,110.99
1973,28142,2026-03-15,1,wrong_size,316.87
1974,28159,2025-02-04,1,wrong_size,292.35
1975,28160,2025-02-01,1,no_reason,338.79
1976,28190,2025-03-12,1,not_as_described,228.38
1977,28205,2026-02-12,2,wrong_size,693.1
1978,28216,2025-01-16,1,wrong_size,173.44
1979,28222,2025-04-12,1,defect,131.38
1980,28227,2025-03-28,3,no_reason,851.64
1981,28239,2025-06-05,3,wrong_size,540.53
1982,28249,2024-08-01,1,no_reason,261.44
1983,28253,2024-09-30,2,wrong_size,554.74
1984,28279,2024-09-05,1,no_reason,33.8
1985,28281,2026-04-24,1,defect,213.85
1986,28291,2026-02-15,1,not_as_described,395.46
1987,28296,2025-07-17,1,wrong_size,242.24
1988,28316,2025-12-12,1,defect,149.89
1989,28362,2025-12-02,1,no_reason,340.19
1990,28420,2026-04-19,1,wrong_size,15.91
1991,28424,2026-06-18,2,no_reason,455.34
1992,28428,2026-06-20,1,defect,348.97
1993,28442,2026-04-25,1,wrong_size,284.53
1994,28454,2026-05-21,1,wrong_size,171.92
1995,28459,2026-06-02,1,defect,299.22
1996,28466,2026-05-09,1,not_as_described,136.23
1997,28468,2026-05-10,1,wrong_size,166.27
1998,28490,2026-05-16,1,wrong_size,93.23
1999,28514,2026-05-06,2,defect,439.2
2000,28518,2026-05-25,3,not_as_described,1152.37
2001,28528,2026-05-12,1,wrong_size,319.85
2002,28550,2026-03-17,1,wrong_size,281.84
2003,28561,2026-01-07,2,defect,685.32
2004,28573,2025-05-05,1,wrong_size,205.13
2005,28580,2026-04-17,1,wrong_size,278.01
2006,28648,2025-01-29,3,wrong_size,804.6
2007,28664,2025-10-16,1,defect,142.26
2008,28673,2025-09-01,2,not_as_described,519.6
2009,28710,2025-03-08,1,wrong_size,191.4
2010,28716,2024-08-11,1,wrong_size,307.23
2011,28749,2024-09-06,1,defect,325.25
2012,28763,2025-04-07,2,wrong_size,381.78
2013,28766,2026-03-20,1,no_reason,35.21
2014,28767,2026-01-09,1,not_as_described,227.61
2015,28772,2025-11-20,1,no_reason,69.64
2016,28804,2026-01-15,1,no_reason,150.05
2017,28811,2026-04-09,2,wrong_size,166.38
2018,28815,2026-01-08,1,defect,289.28
2019,28831,2025-05-30,1,wrong_size,142.23
2020,28853,2026-02-11,1,defect,186.31
2021,28875,2025-03-18,1,defect,342.01
2022,28885,2026-01-15,1,defect,113.94
2023,28920,2025-02-26,1,defect,258.91
2024,28922,2026-05-03,1,defect,317.88
2025,28982,2025-11-17,1,defect,356.9
2026,28983,2025-11-13,1,defect,258.65
2027,28998,2025-08-01,1,not_as_described,328.94
2028,29013,2025-09-18,1,defect,115.13
2029,29014,2025-09-03,2,wrong_size,587.89
2030,29015,2025-10-06,1,wrong_size,405.56
2031,29016,2025-10-03,1,not_as_described,418.16
2032,29065,2026-05-04,1,no_reason,241.35
2033,29078,2025-11-29,2,not_as_described,622.44
2034,29138,2026-04-29,1,defect,9.01
2035,29155,2026-04-13,1,wrong_size,207.5
2036,29170,2026-03-21,1,defect,105.85
2037,29171,2026-03-18,1,defect,159.36
2038,29250,2024-12-17,2,no_reason,682.85
2039,29289,2025-07-06,1,no_reason,347.92
2040,29365,2026-01-22,1,wrong_size,347.12
2041,29374,2026-06-06,2,wrong_size,445.57
2042,29375,2026-06-06,1,defect,168.1
2043,29378,2026-03-02,3,wrong_size,176.52
2044,29382,2026-02-26,2,defect,360.1
2045,29397,2025-12-22,3,defect,805.59
2046,29418,2025-07-07,1,no_reason,196.46
2047,29419,2024-12-05,2,not_as_described,640.36
2048,29422,2025-08-09,1,wrong_size,249.36
2049,29433,2025-03-30,1,not_as_described,161.14
2050,29438,2026-01-12,2,not_as_described,385.41
2051,29442,2026-05-23,2,defect,65.55
2052,29448,2026-03-26,1,defect,265.5
2053,29459,2025-02-23,1,not_as_described,237.01
2054,29466,2024-11-27,1,not_as_described,351.69
2055,29478,2025-09-06,1,wrong_size,29.84
2056,29488,2025-03-12,1,not_as_described,398.97
2057,29495,2025-08-06,1,no_reason,82.52
2058,29496,2025-07-30,1,not_as_described,299.86
2059,29502,2024-09-14,1,wrong_size,138.69
2060,29517,2026-06-25,1,no_reason,54.19
2061,29520,2026-06-29,2,not_as_described,504.59
2062,29521,2025-10-29,1,wrong_size,135.69
2063,29583,2025-01-05,1,defect,380.58
2064,29590,2024-12-23,1,not_as_described,287.77
2065,29591,2024-12-28,1,wrong_size,30.38
2066,29592,2024-12-18,1,defect,83.94
2067,29622,2025-09-06,1,not_as_described,213.39
2068,29657,2026-03-10,1,no_reason,397.51
2069,29679,2025-04-11,1,not_as_described,36.89
2070,29687,2024-03-29,3,wrong_size,527.19
2071,29692,2025-12-31,1,no_reason,83.55
2072,29700,2025-05-28,1,defect,340.51
2073,29707,2024-09-24,1,defect,104.22
2074,29750,2025-12-07,3,defect,724.44
2075,29767,2026-02-11,1,no_reason,275.39
2076,29774,2025-08-15,1,no_reason,343.69
2077,29777,2026-03-21,2,defect,763.64
2078,29794,2025-12-30,1,wrong_size,216.3
2079,29796,2026-02-02,1,defect,124.76
2080,29824,2025-04-16,1,wrong_size,169.21
2081,29826,2025-04-21,1,defect,295.34
2082,29835,2026-03-12,3,defect,350.22
2083,29840,2026-06-07,1,no_reason,246.0
2084,29848,2025-03-13,1,wrong_size,187.0
2085,29854,2026-02-19,2,defect,527.29
2086,29861,2025-04-05,2,defect,777.58
2087,29866,2024-10-22,1,no_reason,339.43
2088,29878,2024-11-10,1,not_as_described,265.36
2089,29901,2024-08-05,3,defect,501.12
2090,29909,2024-04-26,1,wrong_size,127.23
2091,29944,2026-06-20,2,not_as_described,560.42
2092,29958,2026-05-24,1,defect,319.78
2093,29959,2026-05-18,1,defect,341.12
2094,29965,2025-11-19,1,not_as_described,136.66
2095,29971,2026-05-09,1,wrong_size,8.6
2096,29973,2026-04-11,1,not_as_described,174.77
2097,29985,2025-06-29,3,no_reason,629.88
2098,29991,2026-01-25,1,defect,29.6
2099,29997,2024-08-10,1,wrong_size,236.66
2100,30006,2025-11-26,1,wrong_size,346.97
2101,30011,2026-04-20,1,wrong_size,416.76
2102,30032,2025-10-17,2,wrong_size,212.32
2103,30064,2026-01-15,1,defect,266.07
2104,30065,2026-06-03,1,no_reason,26.67
2105,30066,2026-06-16,1,wrong_size,170.23
2106,30069,2026-03-17,1,defect,179.33
2107,30077,2025-12-06,2,not_as_described,643.81
2108,30080,2025-11-27,1,wrong_size,253.41
2109,30086,2025-12-27,1,no_reason,120.11
2110,30099,2026-03-03,1,not_as_described,182.53
2111,30100,2026-02-26,1,wrong_size,287.08
2112,30104,2026-01-09,1,defect,122.1
2113,30118,2026-06-29,1,wrong_size,365.75
2114,30123,2025-01-08,2,not_as_described,399.4
2115,30124,2025-01-14,2,defect,247.06
2116,30129,2026-02-17,3,not_as_described,911.66
2117,30135,2024-08-21,1,wrong_size,32.01
2118,30154,2026-02-12,2,defect,432.38
2119,30168,2024-12-15,1,no_reason,172.56
2120,30177,2025-03-24,1,wrong_size,257.09
2121,30211,2025-09-09,2,wrong_size,687.65
2122,30212,2025-09-21,1,defect,154.06
2123,30229,2026-02-21,2,wrong_size,618.66
2124,30249,2025-02-26,1,defect,300.62
2125,30254,2025-09-06,1,wrong_size,282.52
2126,30267,2025-11-01,2,wrong_size,840.78
2127,30283,2025-12-23,1,no_reason,204.94
2128,30290,2025-06-08,1,defect,311.69
2129,30298,2026-04-20,1,wrong_size,132.97
2130,30321,2025-10-18,1,not_as_described,291.41
2131,30336,2025-07-20,1,defect,233.44
2132,30345,2024-05-15,2,wrong_size,749.44
2133,30386,2025-08-24,1,defect,207.22
2134,30421,2025-09-30,1,defect,250.12
2135,30427,2026-02-02,1,defect,286.27
2136,30431,2025-08-02,1,defect,265.76
2137,30452,2026-06-30,1,no_reason,184.25
2138,30479,2025-11-26,1,defect,139.14
2139,30496,2025-11-18,2,wrong_size,435.4
2140,30503,2025-12-24,1,not_as_described,467.03
2141,30527,2024-08-31,1,wrong_size,16.29
2142,30529,2026-04-15,1,wrong_size,326.13
2143,30534,2025-09-14,1,defect,120.57
2144,30535,2025-08-30,1,not_as_described,174.5
2145,30538,2026-04-18,1,defect,13.0
2146,30546,2025-05-16,1,no_reason,11.55
2147,30554,2025-06-29,1,no_reason,387.47
2148,30572,2026-01-06,1,defect,413.14
2149,30577,2026-02-12,1,not_as_described,235.64
2150,30582,2025-06-06,1,defect,252.35
2151,30585,2026-05-27,3,defect,183.28
2152,30590,2026-05-03,1,wrong_size,169.95
2153,30604,2026-05-07,2,wrong_size,644.83
2154,30620,2026-01-19,3,no_reason,1098.28
2155,30624,2025-07-08,1,wrong_size,293.77
2156,30639,2026-01-17,1,wrong_size,135.56
2157,30669,2025-08-13,2,not_as_described,121.35
2158,30723,2026-06-07,1,no_reason,361.3
2159,30728,2026-06-25,1,wrong_size,243.4
2160,30740,2025-06-18,1,defect,320.56
2161,30759,2026-04-16,1,wrong_size,224.47
2162,30760,2026-04-18,1,wrong_size,377.28
2163,30797,2024-12-16,1,defect,264.47
2164,30803,2024-11-22,1,wrong_size,227.55
2165,30804,2025-12-23,2,not_as_described,753.38
2166,30807,2026-03-04,1,defect,297.47
2167,30826,2024-12-29,1,defect,150.77
2168,30831,2025-08-24,1,wrong_size,245.69
2169,30832,2025-08-19,1,not_as_described,93.51
2170,30836,2025-11-20,1,defect,279.93
2171,30854,2026-04-26,1,wrong_size,410.11
2172,30862,2026-03-01,1,wrong_size,216.69
2173,30876,2026-03-16,1,no_reason,129.63
2174,30905,2025-04-01,1,no_reason,393.58
2175,30907,2025-12-02,1,no_reason,167.31
2176,30915,2025-06-01,1,defect,400.95
2177,30916,2025-08-18,3,no_reason,444.86
2178,30921,2025-04-03,1,no_reason,132.65
2179,30929,2024-08-16,2,wrong_size,294.5
2180,30933,2024-08-17,1,not_as_described,224.59
2181,30961,2026-05-16,1,wrong_size,55.14
2182,30976,2025-03-26,1,wrong_size,292.16
2183,30981,2024-06-23,1,not_as_described,19.09
2184,30986,2026-02-20,2,defect,629.24
2185,31002,2026-05-12,1,wrong_size,106.68
2186,31004,2024-09-08,2,defect,439.05
2187,31008,2025-12-06,1,defect,90.94
2188,31025,2026-05-14,1,no_reason,333.98
2189,31026,2024-12-05,1,no_reason,301.41
2190,31035,2026-04-20,1,not_as_described,402.34
2191,31039,2025-03-04,2,defect,879.41
2192,31040,2025-03-02,1,no_reason,69.25
2193,31053,2026-01-06,1,wrong_size,254.31
2194,31095,2026-05-05,1,not_as_described,244.81
2195,31114,2024-07-02,1,wrong_size,266.36
2196,31132,2024-06-27,3,defect,194.97
2197,31179,2025-10-16,1,wrong_size,378.82
2198,31181,2025-10-10,1,no_reason,108.79
2199,31186,2025-12-12,1,wrong_size,142.87
2200,31212,2025-11-16,1,wrong_size,251.51
2201,31223,2025-03-14,2,wrong_size,72.12
2202,31234,2024-11-22,1,defect,204.06
2203,31297,2026-03-13,2,wrong_size,35.66
2204,31298,2026-03-14,1,wrong_size,365.59
2205,31328,2026-05-16,2,defect,36.38
2206,31354,2025-06-22,2,defect,227.34
2207,31356,2025-11-22,1,not_as_described,147.5
2208,31370,2026-01-27,2,wrong_size,117.78
2209,31381,2025-03-02,1,no_reason,340.99
2210,31394,2026-06-08,1,wrong_size,84.55
2211,31415,2025-11-27,1,defect,215.14
2212,31419,2024-09-13,1,not_as_described,320.76
2213,31434,2025-09-06,1,no_reason,21.99
2214,31457,2025-01-10,1,no_reason,223.66
2215,31479,2026-05-18,2,no_reason,203.92
2216,31487,2025-04-19,1,wrong_size,37.47
2217,31490,2024-05-02,1,wrong_size,15.48
2218,31493,2026-02-12,1,wrong_size,214.91
2219,31501,2026-01-04,1,wrong_size,109.36
2220,31504,2025-12-10,2,defect,540.76
2221,31522,2024-06-30,1,not_as_described,396.56
2222,31550,2025-12-19,1,wrong_size,373.31
2223,31563,2026-02-26,1,wrong_size,246.38
2224,31601,2025-12-29,1,defect,444.35
2225,31620,2026-05-20,1,no_reason,68.4
2226,31629,2026-06-01,1,wrong_size,126.23
2227,31633,2025-07-30,1,not_as_described,41.5
2228,31641,2024-05-31,1,defect,207.63
2229,31652,2024-12-16,1,defect,349.75
2230,31658,2025-01-19,2,not_as_described,115.11
2231,31695,2026-04-19,1,wrong_size,234.58
2232,31697,2025-01-09,1,not_as_described,152.91
2233,31718,2025-07-15,1,not_as_described,318.33
2234,31719,2025-07-28,1,defect,343.39
2235,31722,2026-04-20,1,wrong_size,195.82
2236,31790,2026-05-08,1,wrong_size,348.85
2237,31813,2025-10-24,1,defect,24.45
2238,31834,2025-09-28,1,wrong_size,415.1
2239,31861,2025-07-06,1,no_reason,369.98
2240,31872,2026-05-11,1,wrong_size,147.16
2241,31892,2025-11-10,1,defect,192.46
2242,31925,2026-02-26,1,not_as_described,305.2
2243,31926,2026-03-12,1,not_as_described,243.04
2244,31927,2026-03-02,2,not_as_described,527.02
2245,31946,2025-06-05,1,wrong_size,258.2
2246,31955,2025-07-03,1,no_reason,295.18
2247,31968,2024-11-25,1,wrong_size,181.54
2248,31997,2025-08-29,2,no_reason,70.54
2249,32014,2026-03-06,1,defect,198.46
2250,32017,2026-05-24,1,defect,332.65
2251,32031,2026-02-01,1,defect,210.87
2252,32035,2024-09-04,1,not_as_described,342.79
2253,32050,2026-05-06,1,not_as_described,379.98
2254,32059,2026-04-16,2,no_reason,681.94
2255,32070,2025-07-30,1,not_as_described,8.54
2256,32071,2025-07-25,1,defect,123.83
2257,32074,2025-02-14,3,defect,575.51
2258,32078,2026-02-25,2,no_reason,733.06
2259,32083,2024-10-05,2,not_as_described,822.4
2260,32091,2025-02-16,1,wrong_size,165.89
2261,32096,2026-04-30,1,no_reason,268.67
2262,32114,2024-11-17,1,no_reason,29.22
2263,32117,2026-06-16,3,defect,518.31
2264,32124,2025-12-13,1,wrong_size,233.53
2265,32144,2025-02-06,1,wrong_size,297.57
2266,32147,2026-01-29,1,wrong_size,318.57
2267,32155,2026-04-01,2,wrong_size,395.85
2268,32168,2025-03-23,1,wrong_size,53.93
2269,32170,2025-12-28,1,wrong_size,91.06
2270,32172,2026-01-15,2,no_reason,328.6
2271,32190,2025-11-18,1,no_reason,186.45
2272,32193,2025-04-19,2,defect,368.48
2273,32211,2024-12-21,1,no_reason,164.07
2274,32219,2024-12-22,1,no_reason,273.06
2275,32236,2025-06-07,2,defect,264.22
2276,32238,2025-06-05,1,defect,181.85
2277,32247,2024-10-22,1,not_as_described,9.95
2278,32267,2025-11-23,1,not_as_described,291.92
2279,32268,2026-02-02,1,defect,365.5
2280,32300,2025-11-25,1,wrong_size,440.03
2281,32302,2026-02-01,1,wrong_size,220.99
2282,32330,2026-04-25,1,wrong_size,265.37
2283,32338,2025-12-27,1,defect,116.2
2284,32346,2026-02-14,1,defect,310.96
2285,32358,2025-08-04,1,no_reason,297.3
2286,32376,2025-10-27,1,defect,362.1
2287,32377,2025-09-30,1,no_reason,84.84
2288,32410,2026-01-30,1,wrong_size,338.3
2289,32422,2024-07-21,1,wrong_size,173.47
2290,32441,2025-01-07,1,no_reason,364.5
2291,32451,2026-04-07,1,wrong_size,313.48
2292,32458,2026-01-24,1,defect,345.5
2293,32470,2025-10-20,1,no_reason,61.25
2294,32477,2026-01-08,1,wrong_size,135.29
2295,32480,2026-01-07,1,defect,200.54
2296,32482,2025-12-18,2,wrong_size,720.76
2297,32495,2026-01-12,1,wrong_size,234.31
2298,32497,2026-04-02,1,wrong_size,278.12
2299,32509,2024-07-25,2,no_reason,473.98
2300,32512,2026-03-21,1,not_as_described,318.92
2301,32521,2025-06-08,1,wrong_size,322.95
2302,32526,2025-09-14,1,defect,13.7
2303,32541,2025-11-08,1,wrong_size,115.53
2304,32573,2024-06-26,1,no_reason,393.23
2305,32586,2026-02-01,1,no_reason,224.24
2306,32615,2025-06-15,1,not_as_described,207.68
2307,32637,2025-12-04,1,not_as_described,383.21
2308,32647,2026-04-02,1,wrong_size,244.01
2309,32649,2024-10-22,1,wrong_size,250.72
2310,32653,2025-05-12,1,defect,310.52
2311,32657,2024-05-17,3,wrong_size,900.33
2312,32686,2025-09-19,2,wrong_size,692.93
2313,32729,2026-04-13,2,wrong_size,226.38
2314,32756,2024-05-03,1,defect,409.46
2315,32761,2025-03-10,1,wrong_size,151.34
2316,32769,2025-11-16,2,defect,197.38
2317,32772,2026-06-20,1,no_reason,30.98
2318,32773,2026-06-16,1,defect,368.37
2319,32774,2026-06-16,2,not_as_described,940.14
2320,32790,2026-05-16,1,defect,184.14
2321,32796,2026-04-14,1,wrong_size,128.86
2322,32809,2026-05-20,1,no_reason,353.86
2323,32829,2025-05-17,1,no_reason,14.93
2324,32851,2026-05-26,1,no_reason,135.91
2325,32852,2026-05-21,1,no_reason,361.33
2326,32860,2025-05-12,2,defect,579.46
2327,32871,2026-01-16,2,defect,760.06
2328,32872,2026-01-13,1,not_as_described,9.91
2329,32889,2025-12-16,2,defect,499.44
2330,32891,2025-12-11,3,not_as_described,571.2
2331,32903,2026-05-26,2,defect,753.89
2332,32912,2026-05-28,1,defect,111.45
2333,32913,2025-06-23,3,defect,537.24
2334,32924,2025-12-18,1,defect,260.73
2335,32927,2026-05-08,1,wrong_size,349.52
2336,32929,2026-05-17,1,defect,227.43
2337,32945,2025-10-24,1,no_reason,257.59
2338,32946,2025-10-21,1,no_reason,215.18
2339,32955,2025-05-07,1,no_reason,423.46
2340,32973,2024-09-27,1,defect,193.48
2341,32984,2025-02-07,1,no_reason,133.76
2342,32990,2025-09-25,1,defect,404.89
2343,32992,2026-05-18,3,no_reason,1300.32
2344,32996,2026-06-22,1,wrong_size,442.93
2345,32998,2026-01-12,1,no_reason,430.14
2346,33003,2024-10-30,1,defect,309.55
2347,33008,2025-11-17,1,no_reason,154.79
2348,33025,2026-01-05,1,no_reason,209.48
2349,33030,2025-09-09,1,no_reason,131.94
2350,33036,2026-03-28,1,no_reason,380.74
2351,33050,2026-01-16,1,defect,107.41
2352,33116,2026-05-08,1,wrong_size,186.3
2353,33127,2026-04-17,1,defect,385.11
2354,33139,2026-05-25,1,wrong_size,362.41
2355,33147,2026-04-15,1,wrong_size,443.83
2356,33152,2025-11-07,1,defect,379.89
2357,33166,2025-08-26,1,defect,300.42
2358,33178,2024-10-10,3,defect,916.67
2359,33180,2024-09-28,1,defect,252.27
2360,33182,2026-02-07,2,not_as_described,351.12
2361,33189,2026-04-23,3,defect,748.32
2362,33215,2025-11-22,1,wrong_size,243.39
2363,33221,2025-04-16,1,wrong_size,313.72
2364,33232,2025-06-05,3,wrong_size,1047.99
2365,33236,2024-10-19,1,wrong_size,282.99
2366,33264,2024-08-15,1,wrong_size,311.08
2367,33278,2026-06-23,1,no_reason,271.88
2368,33327,2025-01-25,1,wrong_size,43.96
2369,33357,2025-11-07,1,wrong_size,109.56
2370,33359,2025-11-02,1,no_reason,55.7
2371,33365,2024-07-08,1,defect,260.28
2372,33366,2025-08-13,1,no_reason,26.94
2373,33376,2025-09-27,1,wrong_size,206.46
2374,33382,2026-06-12,2,not_as_described,381.54
2375,33384,2026-05-30,1,wrong_size,402.9
2376,33392,2025-05-01,3,not_as_described,621.21
2377,33394,2025-04-30,1,no_reason,342.6
2378,33398,2025-03-14,2,no_reason,516.52
2379,33403,2025-03-13,1,no_reason,305.94
2380,33407,2024-07-26,1,not_as_described,171.88
2381,33414,2024-11-27,1,not_as_described,182.43
2382,33441,2024-12-23,1,wrong_size,93.04
2383,33466,2025-01-27,1,wrong_size,418.06
2384,33473,2025-12-13,1,wrong_size,15.84
2385,33477,2025-09-16,1,not_as_described,189.08
2386,33509,2024-12-12,2,defect,591.55
2387,33532,2026-05-26,1,no_reason,60.72
2388,33566,2026-05-21,2,wrong_size,80.78
2389,33602,2025-09-03,1,no_reason,310.07
2390,33604,2024-08-01,1,wrong_size,39.92
2391,33611,2025-06-10,1,defect,257.84
2392,33630,2025-11-29,2,defect,91.75
2393,33649,2026-02-26,1,defect,297.71
2394,33687,2025-05-08,2,defect,715.73
2395,33695,2025-08-22,1,wrong_size,404.81
2396,33699,2024-01-19,1,defect,293.9
2397,33700,2024-01-18,1,wrong_size,349.76
2398,33709,2025-11-25,1,wrong_size,107.95
2399,33712,2026-03-10,1,wrong_size,107.04
2400,33735,2025-12-27,1,defect,10.34
2401,33757,2025-03-19,2,defect,889.34
2402,33762,2025-07-27,2,not_as_described,475.12
2403,33783,2024-03-27,1,wrong_size,320.46
2404,33805,2024-08-14,1,not_as_described,363.0
2405,33812,2025-08-29,2,defect,342.4
2406,33814,2025-08-28,1,defect,148.22
2407,33817,2025-05-10,1,not_as_described,262.01
2408,33823,2024-10-09,1,no_reason,120.3
2409,33844,2024-11-07,1,no_reason,277.36
2410,33866,2025-10-31,1,wrong_size,393.94
2411,33868,2025-08-06,1,no_reason,365.26
2412,33870,2025-08-03,2,defect,613.3
2413,33880,2025-12-11,1,defect,53.6
2414,33896,2025-12-26,2,no_reason,611.67
2415,33903,2026-04-08,1,not_as_described,330.84
2416,33919,2024-04-18,1,not_as_described,327.18
2417,33942,2026-03-04,1,defect,219.54
2418,33947,2025-11-03,1,wrong_size,263.25
2419,33955,2026-06-10,2,no_reason,367.63
2420,33970,2025-06-13,1,wrong_size,136.11
2421,33992,2026-06-05,1,no_reason,246.37
2422,33993,2026-06-09,1,defect,330.27
2423,34032,2025-09-02,1,defect,419.0
2424,34066,2025-01-11,2,wrong_size,669.52
2425,34078,2024-12-28,1,wrong_size,97.97
2426,34111,2026-04-19,1,wrong_size,381.29
2427,34129,2025-05-30,1,no_reason,339.33
2428,34138,2026-03-02,1,defect,241.75
2429,34183,2024-11-28,3,defect,1033.62
2430,34261,2025-06-11,3,wrong_size,953.38
2431,34272,2024-06-21,1,not_as_described,194.76
2432,34282,2025-12-23,1,no_reason,205.19
2433,34284,2025-08-31,2,not_as_described,166.54
2434,34316,2025-05-24,1,wrong_size,293.76
2435,34322,2025-05-08,1,no_reason,277.62
2436,34326,2024-08-01,1,defect,439.82
2437,34331,2025-03-20,1,defect,51.3
2438,34352,2025-12-06,3,wrong_size,1160.55
2439,34358,2025-11-07,2,wrong_size,794.98
2440,34379,2024-10-23,1,no_reason,151.66
2441,34387,2024-10-18,1,defect,396.35
2442,34400,2025-04-19,1,defect,149.65
2443,34436,2025-10-26,1,wrong_size,292.12
2444,34440,2026-05-25,1,no_reason,290.54
2445,34481,2026-01-12,1,no_reason,43.46
2446,34485,2025-12-02,1,defect,171.22
2447,34493,2026-01-02,1,wrong_size,303.1
2448,34494,2025-12-21,2,wrong_size,228.4
2449,34495,2026-01-06,1,wrong_size,306.29
2450,34516,2026-02-17,1,defect,172.46
2451,34529,2025-11-26,1,defect,364.52
2452,34549,2025-11-08,1,not_as_described,375.38
2453,34554,2026-06-26,1,not_as_described,187.81
2454,34577,2025-12-04,1,not_as_described,198.79
2455,34585,2025-10-31,1,no_reason,49.56
2456,34587,2025-10-26,1,defect,441.92
2457,34590,2025-10-04,1,wrong_size,371.04
2458,34616,2025-11-20,2,wrong_size,657.8
2459,34630,2025-02-15,1,no_reason,325.24
2460,34648,2026-03-20,1,wrong_size,272.0
2461,34657,2025-10-09,2,wrong_size,145.49
2462,34692,2024-12-18,1,not_as_described,164.79
2463,34701,2024-04-13,1,no_reason,113.88
2464,34705,2025-01-01,2,defect,120.47
2465,34713,2025-03-30,1,wrong_size,17.05
2466,34714,2025-03-18,2,no_reason,319.78
2467,34715,2025-04-04,3,wrong_size,920.37
2468,34718,2025-11-13,1,wrong_size,287.35
2469,34767,2025-05-14,1,not_as_described,136.75
2470,34776,2026-01-27,1,wrong_size,34.11
2471,34811,2024-06-14,2,no_reason,552.28
2472,34821,2025-12-05,2,wrong_size,616.48
2473,34848,2024-12-14,1,defect,380.45
2474,34869,2025-10-09,2,no_reason,835.62
2475,34896,2026-02-14,1,not_as_described,248.92
2476,34899,2025-12-17,2,wrong_size,510.68
2477,34937,2026-06-24,1,defect,160.12
2478,34948,2025-12-05,1,defect,227.92
2479,34956,2025-12-12,2,defect,231.42
2480,34977,2025-07-26,1,defect,338.9
2481,34991,2024-09-13,1,wrong_size,251.21
2482,35017,2026-01-14,1,defect,150.55
2483,35033,2026-01-07,1,wrong_size,324.95
2484,35050,2025-02-12,1,wrong_size,293.99
2485,35067,2025-07-22,1,wrong_size,274.81
2486,35092,2025-12-01,3,not_as_described,449.37
2487,35120,2026-06-09,1,not_as_described,65.42
2488,35126,2026-05-04,1,no_reason,134.2
2489,35148,2025-11-02,1,wrong_size,255.08
2490,35153,2025-11-10,1,wrong_size,322.58
2491,35163,2024-12-29,2,defect,418.68
2492,35186,2025-08-03,1,no_reason,17.29
2493,35190,2025-08-01,1,wrong_size,389.98
2494,35203,2025-01-23,1,no_reason,323.49
2495,35227,2025-01-30,1,defect,294.59
2496,35257,2025-04-09,1,wrong_size,110.75
2497,35263,2026-05-31,1,wrong_size,150.06
2498,35296,2024-06-02,2,wrong_size,737.39
2499,35307,2024-11-09,2,defect,731.75
2500,35390,2025-09-01,1,wrong_size,284.53
2501,35417,2026-01-07,1,defect,198.25
2502,35436,2025-08-03,1,defect,318.91
2503,35453,2026-06-27,1,not_as_described,353.39
2504,35456,2025-03-11,1,not_as_described,396.62
2505,35485,2026-01-08,3,wrong_size,802.61
2506,35489,2025-04-26,1,wrong_size,260.32
2507,35500,2026-06-09,1,not_as_described,366.32
2508,35537,2026-04-01,1,no_reason,268.07
2509,35544,2026-03-11,2,wrong_size,60.55
2510,35561,2026-01-19,1,wrong_size,256.67
2511,35566,2025-02-06,1,wrong_size,17.86
2512,35571,2024-10-29,1,not_as_described,411.37
2513,35573,2024-10-31,1,defect,316.29
2514,35579,2026-04-07,2,wrong_size,495.34
2515,35604,2026-04-26,1,defect,151.89
2516,35630,2026-02-11,3,defect,897.09
2517,35634,2026-06-26,1,wrong_size,257.9
2518,35670,2024-09-15,1,no_reason,354.77
2519,35674,2024-10-06,1,no_reason,297.68
2520,35687,2025-10-22,1,defect,111.5
2521,35714,2024-08-18,1,defect,84.59
2522,35723,2024-02-20,2,wrong_size,370.08
2523,35732,2024-02-12,1,not_as_described,181.61
2524,35739,2025-03-08,1,defect,371.83
2525,35748,2026-03-15,2,wrong_size,223.3
2526,35752,2025-10-08,1,no_reason,49.89
2527,35754,2025-05-12,1,wrong_size,58.15
2528,35757,2025-12-19,2,wrong_size,312.1
2529,35763,2025-04-13,1,defect,194.65
2530,35782,2025-11-20,1,no_reason,219.75
2531,35857,2025-04-30,1,not_as_described,282.31
2532,35862,2025-12-17,1,wrong_size,175.26
2533,35877,2026-06-13,2,wrong_size,278.05
2534,35924,2024-03-05,2,not_as_described,232.84
2535,35955,2025-05-22,1,not_as_described,214.85
2536,35982,2026-04-14,1,wrong_size,272.27
2537,35996,2026-01-07,1,defect,329.83
2538,36017,2025-11-22,1,wrong_size,124.77
2539,36019,2026-05-01,3,wrong_size,756.81
2540,36020,2026-04-29,2,not_as_described,66.21
2541,36033,2025-11-04,1,not_as_described,300.13
2542,36037,2026-03-26,3,defect,254.11
2543,36038,2026-03-17,1,defect,106.84
2544,36044,2025-12-01,1,not_as_described,250.1
2545,36065,2025-06-08,1,defect,182.25
2546,36081,2026-04-27,1,not_as_described,136.0
2547,36100,2024-10-25,1,defect,181.78
2548,36110,2025-12-03,1,defect,258.26
2549,36173,2024-04-15,1,no_reason,290.86
2550,36193,2026-03-19,2,no_reason,165.16
2551,36210,2026-06-26,1,wrong_size,192.66
2552,36217,2026-01-19,1,wrong_size,328.0
2553,36221,2026-04-14,1,wrong_size,154.21
2554,36226,2026-02-07,1,wrong_size,17.49
2555,36257,2025-10-25,1,defect,272.22
2556,36267,2026-02-17,1,wrong_size,302.41
2557,36270,2026-02-07,1,wrong_size,241.11
2558,36293,2026-05-01,2,wrong_size,484.15
2559,36299,2026-01-03,1,no_reason,11.38
2560,36309,2026-02-05,1,no_reason,117.36
2561,36336,2025-12-30,2,defect,391.62
2562,36361,2024-12-13,1,not_as_described,224.87
2563,36404,2026-05-14,1,defect,251.52
2564,36416,2025-12-29,2,not_as_described,308.2
2565,36423,2026-04-18,1,no_reason,266.01
2566,36427,2026-06-16,1,defect,173.0
2567,36428,2026-06-02,1,no_reason,365.68
2568,36449,2026-03-01,1,wrong_size,27.18
2569,36482,2026-03-11,1,defect,443.14
2570,36486,2025-12-26,1,not_as_described,57.7
2571,36502,2025-06-29,3,not_as_described,1013.74
2572,36507,2025-05-21,1,defect,309.27
2573,36572,2024-12-17,1,wrong_size,95.96
2574,36573,2025-06-26,2,wrong_size,705.28
2575,36575,2026-02-19,1,no_reason,157.22
2576,36590,2026-06-28,1,defect,404.28
2577,36595,2025-04-24,1,not_as_described,253.7
2578,36599,2025-10-17,2,wrong_size,49.55
2579,36625,2024-03-09,1,no_reason,275.37
2580,36629,2024-06-14,1,not_as_described,299.58
2581,36650,2025-07-04,1,no_reason,14.08
2582,36665,2026-05-04,1,defect,39.57
2583,36704,2024-12-01,1,wrong_size,336.03
2584,36723,2025-07-25,2,no_reason,28.81
2585,36729,2025-10-27,1,no_reason,10.98
2586,36747,2025-10-25,2,not_as_described,442.79
2587,36764,2025-06-03,2,defect,205.24
2588,36780,2026-03-21,3,not_as_described,599.79
2589,36810,2025-12-24,1,not_as_described,38.91
2590,36817,2025-12-29,1,no_reason,328.61
2591,36820,2025-11-24,1,wrong_size,61.0
2592,36824,2026-04-28,1,wrong_size,285.2
2593,36841,2026-06-04,1,not_as_described,174.96
2594,36860,2025-09-21,1,defect,468.72
2595,36877,2026-05-04,1,no_reason,381.0
2596,36890,2026-03-22,1,wrong_size,343.45
2597,36908,2026-05-28,1,wrong_size,160.28
2598,36918,2026-04-29,1,defect,279.71
2599,36962,2026-01-04,2,not_as_described,155.12
2600,36973,2026-06-02,1,wrong_size,318.3
2601,36975,2025-10-27,1,wrong_size,180.66
2602,36983,2026-01-11,1,wrong_size,46.63
2603,37002,2026-04-17,1,wrong_size,213.44
2604,37051,2024-04-01,1,wrong_size,78.96
2605,37089,2026-06-03,3,not_as_described,899.84
2606,37107,2026-06-01,3,no_reason,636.66
2607,37111,2026-06-28,1,not_as_described,83.95
2608,37114,2026-05-15,3,defect,406.77
2609,37147,2024-08-17,1,defect,11.59
2610,37174,2025-11-01,2,defect,707.51
2611,37189,2026-04-08,1,wrong_size,196.0
2612,37219,2025-12-30,1,not_as_described,278.19
2613,37244,2026-06-13,2,defect,77.44
2614,37272,2026-04-15,1,defect,26.96
2615,37298,2024-03-31,1,not_as_described,159.29
2616,37322,2025-06-05,1,not_as_described,275.57
2617,37328,2025-12-08,3,not_as_described,484.76
2618,37336,2025-05-26,1,wrong_size,27.97
2619,37340,2026-06-06,1,no_reason,180.89
2620,37346,2024-08-31,2,no_reason,686.59
2621,37349,2025-11-04,1,wrong_size,47.63
2622,37383,2024-11-15,3,wrong_size,556.92
2623,37391,2025-04-04,2,no_reason,528.78
2624,37396,2026-04-08,1,defect,8.15
2625,37413,2026-04-04,2,not_as_described,673.64
2626,37420,2025-02-06,1,wrong_size,317.65
2627,37429,2025-10-19,1,not_as_described,129.9
2628,37441,2024-05-13,1,not_as_described,192.15
2629,37468,2024-07-24,1,no_reason,313.94
2630,37496,2026-05-08,1,not_as_described,28.83
2631,37509,2026-03-05,2,defect,807.52
2632,37511,2026-04-30,1,defect,86.47
2633,37515,2026-04-28,1,defect,337.66
2634,37551,2024-12-21,1,defect,307.76
2635,37573,2025-12-17,1,not_as_described,158.26
2636,37578,2026-02-15,2,wrong_size,404.12
2637,37581,2025-01-23,1,defect,33.49
2638,37596,2026-01-05,3,no_reason,898.25
2639,37597,2026-01-09,2,not_as_described,28.16
2640,37603,2025-12-05,1,no_reason,267.63
2641,37633,2026-02-14,2,wrong_size,736.69
2642,37642,2024-09-05,1,wrong_size,34.58
2643,37647,2024-05-28,1,wrong_size,358.47
2644,37659,2025-12-09,1,not_as_described,386.92
2645,37670,2026-01-14,3,wrong_size,502.83
2646,37676,2025-11-28,1,no_reason,263.33
2647,37678,2025-07-23,1,not_as_described,385.84
2648,37680,2025-04-09,1,no_reason,310.29
2649,37686,2025-04-18,1,not_as_described,124.64
2650,37691,2025-07-29,1,wrong_size,239.2
2651,37694,2025-07-18,1,wrong_size,278.78
2652,37706,2025-02-17,3,wrong_size,898.16
2653,37713,2025-08-01,2,defect,435.4
2654,37721,2025-01-19,1,wrong_size,147.97
2655,37723,2026-04-30,1,no_reason,325.89
2656,37725,2024-04-07,2,wrong_size,145.01
2657,37745,2026-05-16,1,defect,340.63
2658,37784,2024-11-13,1,defect,45.72
2659,37787,2024-11-17,1,defect,178.84
2660,37798,2024-09-21,2,no_reason,184.86
2661,37802,2024-04-16,1,wrong_size,33.46
2662,37821,2026-01-02,1,wrong_size,166.29
2663,37826,2024-12-05,1,no_reason,314.07
2664,37832,2024-12-29,1,no_reason,198.84
2665,37836,2025-10-11,3,wrong_size,91.44
2666,37849,2025-11-30,1,no_reason,49.98
2667,37860,2024-08-04,2,wrong_size,425.6
2668,37914,2026-05-29,1,wrong_size,55.64
2669,37925,2025-02-26,1,defect,32.72
2670,37927,2025-03-20,2,wrong_size,405.59
2671,37938,2026-04-09,1,no_reason,257.29
2672,37959,2025-12-07,2,defect,704.56
2673,38005,2026-05-03,1,not_as_described,263.76
2674,38019,2026-05-13,1,wrong_size,164.84
2675,38027,2026-05-30,2,not_as_described,119.2
2676,38044,2026-04-24,2,wrong_size,606.92
2677,38057,2026-05-21,1,no_reason,255.06
2678,38061,2026-03-20,1,not_as_described,308.49
2679,38064,2026-05-04,2,wrong_size,660.0
2680,38065,2026-05-18,1,defect,27.09
2681,38082,2024-03-29,1,no_reason,453.96
2682,38090,2024-03-13,2,defect,633.17
2683,38124,2025-12-09,1,wrong_size,297.71
2684,38135,2026-02-25,1,defect,363.94
2685,38138,2026-06-08,1,no_reason,203.24
2686,38147,2026-04-15,1,not_as_described,374.08
2687,38200,2026-02-25,1,no_reason,290.63
2688,38202,2025-11-21,1,wrong_size,307.73
2689,38218,2026-04-30,1,no_reason,13.99
2690,38227,2025-01-09,1,no_reason,301.49
2691,38237,2026-02-01,1,not_as_described,80.42
2692,38251,2026-04-15,1,no_reason,147.07
2693,38265,2025-08-20,1,no_reason,31.25
2694,38271,2025-07-27,1,no_reason,180.32
2695,38276,2025-05-20,1,defect,383.13
2696,38292,2026-05-03,2,defect,941.2
2697,38318,2026-01-21,2,wrong_size,279.22
2698,38319,2026-01-16,1,wrong_size,105.62
2699,38329,2026-01-03,2,wrong_size,45.96
2700,38346,2025-04-28,1,no_reason,42.71
2701,38353,2026-01-14,1,defect,229.65
2702,38355,2026-01-20,1,defect,44.44
2703,38365,2025-11-16,1,defect,138.6
2704,38376,2026-04-22,1,wrong_size,119.23
2705,38406,2025-10-31,1,wrong_size,149.35
2706,38432,2025-09-14,1,wrong_size,34.8
2707,38438,2026-05-31,1,defect,183.67
2708,38452,2025-12-05,1,not_as_described,231.88
2709,38479,2025-09-26,1,wrong_size,340.01
2710,38495,2024-09-05,3,no_reason,182.85
2711,38496,2024-09-08,1,defect,335.26
2712,38507,2025-03-07,1,defect,162.12
2713,38511,2025-01-09,3,defect,962.22
2714,38525,2026-02-19,1,not_as_described,62.47
2715,38528,2026-02-18,3,wrong_size,374.76
2716,38536,2024-06-11,1,no_reason,98.7
2717,38547,2024-01-21,1,wrong_size,109.54
2718,38555,2024-10-27,1,defect,264.54
2719,38556,2024-11-14,1,defect,163.91
2720,38561,2025-05-09,1,wrong_size,282.57
2721,38562,2025-05-14,1,defect,374.4
2722,38584,2024-11-17,1,defect,130.28
2723,38603,2025-08-28,1,defect,86.76
2724,38605,2025-07-03,1,wrong_size,134.49
2725,38616,2025-06-02,1,wrong_size,342.66
2726,38618,2025-06-03,1,defect,337.11
2727,38630,2025-12-10,1,defect,27.49
2728,38633,2025-12-15,1,defect,236.48
2729,38640,2025-05-10,1,defect,285.52
2730,38642,2025-05-07,1,defect,90.19
2731,38644,2025-08-23,2,defect,545.96
2732,38657,2024-12-14,1,not_as_described,79.61
2733,38659,2025-04-05,2,defect,770.16
2734,38660,2025-04-09,1,wrong_size,179.1
2735,38702,2026-06-06,2,wrong_size,437.49
2736,38703,2025-01-01,1,wrong_size,421.97
2737,38739,2025-10-06,1,defect,211.11
2738,38744,2025-10-17,1,defect,153.83
2739,38750,2026-03-07,2,no_reason,312.78
2740,38757,2026-05-06,1,wrong_size,111.1
2741,38767,2024-09-23,1,wrong_size,211.56
2742,38788,2025-08-09,2,defect,361.86
2743,38794,2026-05-05,1,not_as_described,78.23
2744,38817,2026-05-15,1,defect,219.53
2745,38833,2026-05-09,1,wrong_size,112.16
2746,38847,2025-07-26,2,no_reason,26.62
2747,38877,2026-01-16,2,defect,758.36
2748,38885,2025-07-10,3,no_reason,290.55
2749,38890,2024-12-04,1,not_as_described,163.48
2750,38911,2025-10-30,1,defect,41.27
2751,38926,2024-07-31,2,no_reason,591.55
2752,38942,2025-01-01,1,defect,166.38
2753,38954,2025-08-14,1,wrong_size,401.18
2754,38956,2025-08-06,2,defect,328.22
2755,38978,2024-02-04,1,wrong_size,210.9
2756,38983,2026-06-04,1,not_as_described,288.02
2757,38987,2025-10-11,1,wrong_size,151.94
2758,38992,2024-11-30,1,no_reason,15.48
2759,39024,2025-10-30,1,no_reason,352.94
2760,39051,2024-07-20,1,not_as_described,308.27
2761,39053,2026-01-29,1,no_reason,389.49
2762,39063,2025-08-09,1,defect,198.99
2763,39071,2024-09-11,1,no_reason,298.22
2764,39076,2024-01-28,1,defect,225.88
2765,39084,2025-12-07,2,no_reason,710.86
2766,39089,2024-06-11,1,wrong_size,187.27
2767,39097,2026-01-09,2,defect,130.92
2768,39098,2026-01-13,1,not_as_described,30.24
2769,39123,2025-04-14,1,wrong_size,351.69
2770,39185,2025-11-26,1,not_as_described,133.11
2771,39192,2024-11-24,1,no_reason,235.36
2772,39198,2025-02-02,1,wrong_size,37.89
2773,39210,2025-01-13,1,not_as_described,212.8
2774,39216,2026-04-25,1,not_as_described,142.9
2775,39244,2024-04-13,1,wrong_size,338.84
2776,39246,2025-06-22,2,defect,240.5
2777,39255,2025-01-03,1,not_as_described,214.94
2778,39262,2025-04-11,3,no_reason,1265.7
2779,39271,2025-10-06,3,defect,533.16
2780,39304,2024-04-16,1,not_as_described,413.39
2781,39314,2024-11-01,1,not_as_described,264.32
2782,39361,2024-11-05,1,no_reason,395.38
2783,39370,2025-10-09,3,defect,1168.99
2784,39391,2024-09-28,1,defect,32.89
2785,39403,2024-08-24,1,no_reason,401.18
2786,39442,2025-06-30,1,no_reason,20.24
2787,39447,2025-06-12,3,defect,53.07
2788,39456,2025-03-25,1,defect,377.86
2789,39482,2024-12-12,1,not_as_described,338.29
2790,39496,2025-04-10,1,wrong_size,278.86
2791,39516,2026-01-31,1,wrong_size,261.65
2792,39518,2026-05-13,1,wrong_size,356.25
2793,39525,2025-08-23,1,defect,379.02
2794,39531,2025-12-22,1,defect,226.57
2795,39542,2026-01-02,1,wrong_size,317.63
2796,39558,2025-07-27,2,wrong_size,676.05
2797,39559,2025-07-31,1,no_reason,124.16
2798,39567,2024-12-26,1,defect,293.54
2799,39589,2024-09-06,2,defect,831.98
2800,39609,2025-01-05,2,wrong_size,432.0
2801,39633,2026-06-11,1,not_as_described,259.76
2802,39656,2024-12-29,1,no_reason,392.37
2803,39664,2026-06-24,1,wrong_size,343.13
2804,39670,2026-04-23,2,not_as_described,876.44
2805,39678,2026-01-12,1,defect,340.37
2806,39687,2025-10-21,2,defect,512.78
2807,39703,2026-01-19,1,wrong_size,293.89
2808,39716,2024-07-20,1,wrong_size,172.58
2809,39753,2025-10-03,2,defect,159.18
2810,39774,2026-06-16,1,wrong_size,210.96
2811,39792,2026-01-15,1,wrong_size,276.01
2812,39809,2026-02-26,1,not_as_described,298.32
2813,39810,2026-03-05,1,defect,331.02
2814,39822,2026-01-04,2,not_as_described,36.16
2815,39852,2026-03-19,1,wrong_size,401.75
2816,39881,2024-03-28,2,wrong_size,256.19
2817,39902,2025-01-09,2,wrong_size,443.22
2818,39923,2025-11-10,1,wrong_size,161.24
2819,39933,2024-10-20,1,wrong_size,203.43
2820,39936,2025-05-18,1,no_reason,145.49
2821,39941,2024-05-17,1,defect,97.6
2822,39994,2025-11-23,1,no_reason,187.01
2823,40037,2025-11-29,1,defect,113.02
2824,40125,2024-09-02,1,no_reason,110.42
2825,40158,2024-01-29,1,defect,97.58
2826,40175,2024-11-17,1,defect,113.93
2827,40182,2024-12-19,1,defect,379.42
2828,40193,2025-07-19,1,not_as_described,38.05
2829,40194,2025-07-20,3,wrong_size,930.18
2830,40201,2026-02-14,1,wrong_size,254.56
2831,40206,2025-12-14,1,defect,14.42
2832,40256,2024-11-02,1,wrong_size,29.89
2833,40279,2025-12-29,1,not_as_described,298.3
2834,40292,2025-12-30,3,no_reason,945.74
2835,40303,2024-11-17,3,defect,314.7
2836,40313,2026-02-27,1,defect,161.54
2837,40372,2024-11-14,2,no_reason,709.88
2838,40373,2024-11-28,2,no_reason,294.67
2839,40399,2024-10-16,1,defect,164.6
2840,40419,2024-01-24,1,not_as_described,185.34
2841,40422,2025-12-03,3,defect,89.61
2842,40424,2025-03-12,1,wrong_size,95.77
2843,40451,2026-04-05,3,wrong_size,557.44
2844,40454,2025-07-12,1,defect,130.76
2845,40456,2024-11-22,1,defect,261.98
2846,40461,2025-01-02,2,defect,374.27
2847,40475,2026-03-17,1,defect,17.95
2848,40478,2026-06-16,2,defect,546.41
2849,40479,2025-11-28,1,not_as_described,274.72
2850,40486,2024-09-10,2,wrong_size,677.66
2851,40504,2026-05-10,2,not_as_described,232.64
2852,40509,2025-09-14,1,no_reason,39.83
2853,40521,2026-03-14,2,wrong_size,508.67
2854,40538,2025-12-09,1,defect,345.5
2855,40574,2025-06-06,2,defect,587.94
2856,40575,2025-05-30,2,not_as_described,530.8
2857,40598,2024-02-14,3,defect,542.34
2858,40608,2025-04-21,1,defect,158.41
2859,40616,2025-11-23,1,wrong_size,397.17
2860,40666,2025-12-23,1,wrong_size,265.43
2861,40669,2025-12-22,1,defect,157.24
2862,40682,2026-01-11,1,defect,139.42
2863,40697,2025-10-23,1,wrong_size,297.0
2864,40728,2025-07-14,3,not_as_described,71.1
2865,40731,2026-04-23,2,no_reason,251.4
2866,40735,2025-10-20,1,wrong_size,125.94
2867,40743,2025-03-03,2,wrong_size,758.18
2868,40756,2026-03-04,1,defect,138.46
2869,40763,2025-01-19,3,no_reason,541.08
2870,40770,2026-03-26,1,wrong_size,223.9
2871,40787,2025-11-22,1,wrong_size,317.97
2872,40788,2025-11-20,1,defect,275.63
2873,40824,2026-01-14,1,no_reason,173.33
2874,40839,2026-01-11,1,wrong_size,236.84
2875,40856,2024-12-17,1,defect,109.32
2876,40858,2024-12-19,1,no_reason,345.04
2877,40873,2026-04-06,1,not_as_described,193.68
2878,40876,2025-04-03,2,no_reason,505.26
2879,40881,2024-12-22,1,not_as_described,185.75
2880,40895,2024-11-26,1,defect,387.23
2881,40909,2025-07-01,3,defect,634.35
2882,40918,2025-12-04,2,wrong_size,271.78
2883,40924,2025-12-14,1,defect,243.7
2884,40926,2025-12-10,1,defect,134.77
2885,40927,2026-03-05,1,wrong_size,216.24
2886,40977,2026-01-13,3,wrong_size,1081.88
2887,41003,2025-07-22,1,wrong_size,361.42
2888,41004,2025-07-25,1,wrong_size,331.36
2889,41019,2025-01-13,1,not_as_described,50.9
2890,41022,2024-07-30,1,defect,342.46
2891,41025,2026-01-03,1,wrong_size,18.11
2892,41026,2026-05-10,3,no_reason,831.01
2893,41054,2025-08-30,1,defect,262.6
2894,41061,2025-08-27,1,defect,314.7
2895,41064,2025-12-27,1,defect,341.6
2896,41069,2025-12-01,1,no_reason,120.49
2897,41070,2025-12-08,2,defect,332.58
2898,41072,2025-08-24,1,wrong_size,233.86
2899,41111,2025-05-16,1,wrong_size,379.04
2900,41132,2026-01-03,2,wrong_size,660.13
2901,41135,2026-03-16,2,defect,466.54
2902,41138,2025-01-13,1,no_reason,137.07
2903,41148,2026-03-11,2,wrong_size,586.8
2904,41156,2025-06-03,1,defect,404.37
2905,41164,2026-04-19,1,wrong_size,122.71
2906,41180,2025-11-05,2,defect,496.32
2907,41205,2025-12-16,1,wrong_size,158.05
2908,41226,2024-12-13,1,no_reason,257.44
2909,41238,2024-12-12,1,defect,34.13
2910,41240,2025-07-06,1,defect,139.94
2911,41280,2025-11-05,1,wrong_size,90.79
2912,41286,2024-06-02,3,defect,417.55
2913,41287,2026-04-09,2,defect,351.08
2914,41319,2026-03-07,1,no_reason,107.55
2915,41323,2025-05-11,1,not_as_described,17.55
2916,41331,2026-03-22,1,no_reason,425.73
2917,41344,2025-04-12,2,defect,316.43
2918,41347,2026-04-18,1,not_as_described,169.51
2919,41350,2026-01-06,3,defect,980.49
2920,41363,2024-10-20,1,no_reason,143.43
2921,41384,2024-11-10,1,wrong_size,57.36
2922,41392,2024-08-17,1,defect,124.31
2923,41398,2025-09-30,1,wrong_size,219.5
2924,41408,2024-03-10,1,no_reason,343.8
2925,41416,2024-02-24,1,no_reason,423.48
2926,41421,2026-04-09,2,defect,585.01
2927,41448,2025-12-14,1,defect,282.57
2928,41464,2024-08-20,1,no_reason,355.18
2929,41484,2026-05-17,1,defect,131.24
2930,41489,2025-07-24,3,defect,1143.15
2931,41491,2025-07-31,1,no_reason,245.61
2932,41501,2026-01-26,1,defect,333.0
2933,41517,2024-06-21,1,not_as_described,173.49
2934,41533,2024-03-09,1,not_as_described,336.73
2935,41584,2026-02-16,1,no_reason,144.96
2936,41609,2025-03-10,3,not_as_described,1269.24
2937,41613,2025-06-18,1,no_reason,334.04
2938,41616,2025-09-06,1,no_reason,146.2
2939,41618,2026-02-19,3,not_as_described,1120.35
2940,41625,2025-12-20,1,wrong_size,174.63
2941,41636,2024-11-03,1,wrong_size,396.53
2942,41649,2025-12-29,1,no_reason,401.23
2943,41671,2025-08-09,2,no_reason,32.86
2944,41684,2025-12-29,1,no_reason,243.02
2945,41687,2025-10-23,1,no_reason,383.95
2946,41702,2026-02-26,1,no_reason,357.48
2947,41711,2026-06-23,1,defect,147.38
2948,41722,2025-02-09,2,not_as_described,20.96
2949,41760,2024-12-06,1,no_reason,133.73
2950,41803,2025-02-12,3,defect,1246.41
2951,41818,2026-06-16,1,defect,281.97
2952,41823,2026-05-28,1,defect,169.11
2953,41846,2025-01-12,1,defect,73.34
2954,41850,2026-04-22,1,no_reason,418.03
2955,41852,2025-04-09,1,defect,26.66
2956,41854,2025-04-02,2,wrong_size,100.29
2957,41858,2025-04-02,1,not_as_described,359.73
2958,41875,2025-07-22,1,not_as_described,341.15
2959,41890,2026-06-05,1,wrong_size,144.86
2960,41921,2025-01-02,1,not_as_described,280.66
2961,41934,2026-03-01,2,defect,595.48
2962,41959,2025-04-07,1,wrong_size,262.23
2963,42029,2025-11-19,1,not_as_described,201.43
2964,42039,2026-05-27,1,not_as_described,227.03
2965,42053,2025-12-05,1,defect,91.16
2966,42060,2025-12-02,2,defect,283.37
2967,42100,2025-11-06,1,defect,210.35
2968,42105,2025-10-05,1,no_reason,15.56
2969,42107,2025-10-04,1,no_reason,174.78
2970,42115,2025-06-26,1,no_reason,373.32
2971,42130,2025-09-10,1,defect,269.14
2972,42132,2026-02-22,1,defect,208.99
2973,42137,2026-03-03,1,wrong_size,372.11
2974,42139,2026-03-02,1,not_as_described,10.38
2975,42145,2025-12-21,2,no_reason,481.82
2976,42162,2026-05-21,2,not_as_described,791.66
2977,42206,2024-11-24,2,defect,501.84
2978,42246,2025-07-20,1,no_reason,359.59
2979,42262,2025-11-22,2,wrong_size,405.8
2980,42300,2026-06-16,2,no_reason,637.18
2981,42313,2026-05-13,1,defect,189.47
2982,42322,2026-04-03,1,not_as_described,177.29
2983,42333,2026-02-18,2,wrong_size,731.56
2984,42340,2026-01-12,3,no_reason,742.72
2985,42368,2025-05-30,2,no_reason,671.86
2986,42370,2025-12-21,1,not_as_described,303.6
2987,42402,2025-12-13,1,no_reason,306.31
2988,42413,2024-11-24,3,wrong_size,723.3
2989,42416,2025-12-08,1,not_as_described,412.95
2990,42421,2026-01-19,2,defect,229.3
2991,42455,2025-03-20,1,wrong_size,140.99
2992,42499,2026-04-13,2,not_as_described,615.29
2993,42509,2024-06-02,1,wrong_size,91.17
2994,42533,2026-01-05,1,not_as_described,168.25
2995,42544,2025-05-03,1,not_as_described,336.33
2996,42549,2024-12-22,1,wrong_size,188.89
2997,42562,2025-09-29,1,not_as_described,106.38
2998,42571,2025-09-13,1,defect,147.06
2999,42589,2024-07-23,1,wrong_size,323.19
3000,42595,2025-12-21,2,not_as_described,542.04
3001,42607,2024-08-27,1,defect,333.38
3002,42619,2025-07-27,1,defect,115.58
3003,42640,2024-12-23,2,defect,559.34
3004,42641,2024-12-22,1,no_reason,50.76
3005,42644,2024-12-25,1,wrong_size,326.83
3006,42653,2025-12-16,1,defect,151.02
3007,42659,2025-04-20,1,defect,329.49
3008,42706,2026-05-03,1,defect,214.1
3009,42721,2024-05-28,1,not_as_described,231.92
3010,42729,2026-04-01,1,wrong_size,177.27
3011,42737,2025-05-05,1,defect,142.83
3012,42740,2025-04-21,2,defect,586.08
3013,42782,2026-04-26,1,wrong_size,168.44
3014,42789,2026-04-13,1,defect,162.32
3015,42804,2025-02-14,1,defect,235.25
3016,42814,2026-06-11,1,defect,162.49
3017,42824,2026-02-06,1,no_reason,309.5
3018,42834,2026-04-20,1,defect,81.81
3019,42854,2026-04-04,1,defect,343.45
3020,42884,2026-01-18,1,wrong_size,198.16
3021,42926,2025-03-20,2,wrong_size,827.06
3022,42962,2026-01-01,1,wrong_size,50.5
3023,42971,2025-11-30,1,defect,167.72
3024,42979,2024-05-30,2,not_as_described,497.56
3025,43004,2025-12-22,1,wrong_size,258.15
3026,43018,2024-07-31,1,defect,249.15
3027,43025,2025-06-24,1,not_as_described,371.52
3028,43036,2024-12-05,1,defect,202.41
3029,43058,2024-12-17,1,defect,352.85
3030,43074,2025-08-12,2,defect,541.14
3031,43080,2024-11-30,1,wrong_size,11.28
3032,43083,2026-04-16,1,wrong_size,49.27
3033,43097,2025-12-03,2,wrong_size,316.3
3034,43110,2026-05-26,2,wrong_size,699.92
3035,43120,2025-06-09,1,defect,281.22
3036,43136,2025-10-05,1,no_reason,233.71
3037,43148,2024-12-03,3,no_reason,1125.04
3038,43159,2026-03-30,1,wrong_size,331.72
3039,43170,2025-05-02,1,wrong_size,26.82
3040,43200,2025-09-30,1,defect,29.61
3041,43232,2025-12-29,1,not_as_described,61.02
3042,43242,2025-05-19,1,wrong_size,239.7
3043,43267,2026-01-18,1,wrong_size,67.26
3044,43277,2025-02-15,1,no_reason,123.75
3045,43285,2025-10-13,1,defect,50.88
3046,43286,2026-05-01,1,wrong_size,82.35
3047,43317,2026-04-15,1,defect,207.18
3048,43359,2025-09-29,1,defect,313.52
3049,43396,2025-09-11,1,wrong_size,299.1
3050,43417,2024-09-10,1,not_as_described,293.71
3051,43427,2025-08-17,1,no_reason,265.05
3052,43448,2025-11-21,2,defect,368.43
3053,43450,2025-12-14,1,wrong_size,157.02
3054,43455,2025-05-09,1,not_as_described,253.41
3055,43459,2026-03-28,1,wrong_size,354.5
3056,43489,2026-03-22,1,wrong_size,296.6
3057,43509,2026-02-27,2,not_as_described,64.49
3058,43514,2024-06-23,2,defect,169.29
3059,43530,2024-11-15,2,wrong_size,127.88
3060,43535,2024-05-17,1,wrong_size,46.2
3061,43539,2026-04-18,1,wrong_size,133.31
3062,43542,2025-04-01,1,defect,173.31
3063,43545,2024-12-04,1,defect,289.6
3064,43548,2024-11-09,1,wrong_size,59.8
3065,43551,2024-11-05,1,defect,272.33
3066,43586,2026-04-30,1,not_as_described,204.57
3067,43601,2025-01-16,1,defect,11.44
3068,43602,2025-01-12,2,not_as_described,37.83
3069,43616,2025-06-24,1,no_reason,174.44
3070,43682,2026-03-19,1,wrong_size,358.74
3071,43684,2024-07-14,1,wrong_size,262.11
3072,43687,2024-10-01,2,not_as_described,578.44
3073,43695,2025-02-15,1,no_reason,307.43
3074,43730,2026-04-28,1,wrong_size,334.17
3075,43740,2026-04-29,1,defect,38.13
3076,43749,2026-05-10,1,no_reason,375.7
3077,43782,2026-04-09,1,wrong_size,144.0
3078,43842,2025-06-14,1,wrong_size,352.62
3079,43853,2026-01-25,1,not_as_described,354.83
3080,43854,2026-01-05,1,defect,168.0
3081,43864,2025-12-25,1,no_reason,34.0
3082,43865,2026-06-16,3,defect,175.89
3083,43870,2026-03-03,1,no_reason,317.04
3084,43887,2026-04-07,1,wrong_size,221.77
3085,43898,2025-06-05,1,wrong_size,431.89
3086,43905,2026-05-16,1,wrong_size,222.81
3087,43930,2026-01-10,1,no_reason,431.83
3088,43934,2025-09-07,1,defect,189.13
3089,43951,2026-02-25,1,wrong_size,230.96
3090,43979,2025-12-11,1,wrong_size,336.82
3091,44030,2026-04-13,1,not_as_described,213.46
3092,44046,2025-08-07,1,defect,170.6
3093,44049,2026-01-16,3,wrong_size,989.31
3094,44054,2025-07-24,1,no_reason,69.82
3095,44066,2025-11-10,1,not_as_described,141.68
3096,44098,2024-07-31,1,wrong_size,88.7
3097,44106,2025-11-28,2,defect,286.8
3098,44128,2025-11-14,1,not_as_described,128.38
3099,44133,2026-01-12,1,no_reason,132.33
3100,44151,2026-03-26,2,no_reason,135.89
3101,44165,2025-08-11,2,wrong_size,211.02
3102,44188,2025-08-24,2,no_reason,697.69
3103,44224,2026-01-03,2,not_as_described,582.46
3104,44228,2026-01-10,1,wrong_size,307.15
3105,44251,2025-09-12,2,not_as_described,783.66
3106,44259,2025-06-18,1,wrong_size,374.84
3107,44263,2025-10-27,1,wrong_size,231.22
3108,44270,2026-05-24,1,defect,190.73
3109,44300,2025-11-25,2,wrong_size,763.46
3110,44314,2025-06-13,1,wrong_size,43.08
3111,44320,2025-04-02,1,wrong_size,80.14
3112,44345,2026-03-08,2,not_as_described,67.96
3113,44363,2026-04-18,1,wrong_size,307.72
3114,44398,2026-02-23,1,wrong_size,275.36
3115,44400,2024-07-17,1,wrong_size,171.05
3116,44403,2025-04-03,1,defect,128.54
3117,44422,2025-09-20,1,defect,404.75
3118,44435,2024-03-22,1,not_as_described,402.46
3119,44443,2024-12-14,3,not_as_described,158.51
3120,44451,2026-02-12,2,wrong_size,332.77
3121,44471,2025-12-05,1,not_as_described,445.23
3122,44487,2025-09-08,2,no_reason,664.12
3123,44501,2026-05-11,1,no_reason,382.23
3124,44511,2025-10-18,1,defect,193.57
3125,44520,2025-11-13,2,defect,419.88
3126,44527,2026-05-07,2,defect,81.46
3127,44536,2025-12-04,1,not_as_described,273.02
3128,44542,2024-08-04,1,wrong_size,212.23
3129,44543,2024-07-26,1,wrong_size,162.53
3130,44574,2025-02-22,1,defect,248.75
3131,44621,2024-11-11,1,wrong_size,395.37
3132,44632,2025-02-09,3,no_reason,409.8
3133,44649,2025-10-30,1,defect,258.31
3134,44684,2025-03-15,2,no_reason,437.22
3135,44690,2026-03-21,2,defect,543.04
3136,44719,2024-11-29,2,wrong_size,746.36
3137,44735,2025-12-09,1,not_as_described,372.04
3138,44737,2025-11-30,1,defect,135.52
3139,44764,2026-01-25,1,defect,398.31
3140,44793,2025-12-01,1,no_reason,326.81
3141,44807,2024-09-02,1,wrong_size,453.19
3142,44843,2026-05-08,1,wrong_size,34.82
3143,44886,2026-01-01,1,wrong_size,398.47
3144,44900,2026-02-18,1,defect,50.86
3145,44905,2025-04-18,1,not_as_described,255.15
3146,44910,2025-11-29,3,no_reason,921.82
3147,44924,2024-05-16,1,defect,129.83
3148,44934,2024-12-06,2,no_reason,368.18
3149,44953,2026-01-06,1,no_reason,170.29
3150,44955,2026-04-30,2,no_reason,491.64
3151,44983,2024-11-21,1,no_reason,404.83
3152,44991,2025-08-28,1,not_as_described,182.22
3153,44992,2025-08-30,1,not_as_described,353.33
3154,45019,2025-12-25,1,no_reason,151.19
3155,45020,2024-05-09,3,wrong_size,1086.6
3156,45036,2024-12-21,1,wrong_size,293.79
3157,45037,2024-12-07,2,not_as_described,258.8
3158,45039,2024-12-01,1,no_reason,231.78
3159,45050,2025-07-18,1,wrong_size,198.61
3160,45064,2025-11-14,1,wrong_size,100.79
3161,45066,2024-08-08,1,wrong_size,237.96
3162,45083,2025-09-07,2,defect,317.98
3163,45115,2024-05-08,1,no_reason,251.88
3164,45131,2024-04-02,1,not_as_described,355.37
3165,45179,2024-05-08,1,wrong_size,24.54
3166,45195,2024-06-04,3,wrong_size,992.52
3167,45201,2024-05-22,1,wrong_size,244.42
3168,45214,2024-12-06,1,wrong_size,212.91
3169,45284,2026-05-15,1,defect,72.09
3170,45293,2024-06-19,1,wrong_size,300.22
3171,45294,2024-06-06,1,no_reason,11.34
3172,45298,2024-02-19,1,not_as_described,374.05
3173,45311,2025-02-10,1,wrong_size,121.52
3174,45319,2024-07-07,1,not_as_described,119.32
3175,45328,2025-01-07,1,not_as_described,138.37
3176,45341,2024-06-30,1,wrong_size,145.44
3177,45354,2025-03-26,1,wrong_size,310.18
3178,45360,2026-01-17,1,no_reason,290.49
3179,45369,2025-11-21,2,wrong_size,157.07
3180,45377,2024-10-07,1,wrong_size,291.67
3181,45380,2024-10-09,3,wrong_size,992.64
3182,45382,2024-03-29,2,no_reason,34.36
3183,45387,2024-07-09,1,wrong_size,261.01
3184,45423,2025-12-19,1,no_reason,246.85
3185,45446,2025-09-12,1,wrong_size,128.17
3186,45449,2025-12-23,1,wrong_size,266.5
3187,45454,2026-05-10,1,wrong_size,265.29
3188,45457,2025-07-26,1,no_reason,57.12
3189,45461,2026-05-13,2,wrong_size,120.76
3190,45513,2026-06-16,2,not_as_described,531.38
3191,45525,2025-10-25,3,no_reason,601.34
3192,45552,2024-12-18,1,defect,362.04
3193,45556,2026-03-10,1,wrong_size,98.85
3194,45557,2026-03-05,1,not_as_described,231.59
3195,45563,2025-07-07,1,not_as_described,184.36
3196,45597,2024-12-07,1,defect,146.78
3197,45611,2025-12-24,1,defect,143.19
3198,45617,2025-06-07,1,defect,115.72
3199,45633,2025-07-28,1,not_as_described,275.87
3200,45645,2024-12-11,1,defect,319.74
3201,45650,2025-12-19,2,no_reason,548.11
3202,45666,2025-09-19,1,not_as_described,281.74
3203,45698,2025-09-18,1,defect,273.33
3204,45728,2025-09-09,1,not_as_described,410.95
3205,45778,2025-11-14,1,defect,84.03
3206,45795,2026-06-15,1,not_as_described,218.01
3207,45803,2026-01-31,1,wrong_size,9.41
3208,45816,2025-12-05,2,wrong_size,74.98
3209,45819,2024-07-10,1,defect,269.47
3210,45830,2025-02-13,1,defect,33.92
3211,45854,2025-03-20,2,not_as_described,19.73
3212,45859,2025-09-17,1,no_reason,262.56
3213,45884,2026-04-09,1,defect,350.62
3214,45902,2025-06-08,1,defect,108.05
3215,45903,2024-08-25,1,defect,371.45
3216,45925,2026-05-21,2,no_reason,544.04
3217,45949,2026-01-22,1,no_reason,23.98
3218,45954,2025-12-21,1,no_reason,47.29
3219,45955,2025-12-25,1,not_as_described,368.01
3220,45956,2026-05-30,1,wrong_size,137.4
3221,45964,2026-05-17,1,not_as_described,394.3
3222,46008,2025-02-12,1,defect,149.61
3223,46027,2026-01-18,1,no_reason,311.41
3224,46029,2025-01-03,2,no_reason,678.34
3225,46030,2024-12-27,2,not_as_described,280.78
3226,46031,2025-01-04,1,wrong_size,235.36
3227,46045,2024-03-14,1,defect,270.68
3228,46055,2024-09-07,2,not_as_described,319.1
3229,46058,2025-12-03,1,defect,60.91
3230,46062,2025-11-21,1,wrong_size,130.95
3231,46075,2025-12-01,1,wrong_size,18.34
3232,46081,2026-06-18,2,defect,650.18
3233,46082,2026-06-10,1,defect,167.38
3234,46085,2024-06-15,1,no_reason,194.88
3235,46089,2025-06-15,1,no_reason,381.64
3236,46104,2026-05-29,1,not_as_described,315.04
3237,46160,2026-04-07,1,defect,114.48
3238,46163,2026-05-05,1,no_reason,297.82
3239,46170,2025-12-19,2,not_as_described,539.38
3240,46192,2026-02-24,1,no_reason,364.53
3241,46198,2026-05-29,1,no_reason,244.44
3242,46222,2025-03-25,2,no_reason,770.87
3243,46248,2026-05-15,2,wrong_size,301.26
3244,46258,2026-01-01,1,wrong_size,32.66
3245,46265,2025-09-03,1,wrong_size,256.7
3246,46306,2025-12-16,2,no_reason,570.4
3247,46308,2025-12-25,2,not_as_described,361.71
3248,46314,2024-06-28,1,not_as_described,190.22
3249,46331,2025-05-26,1,wrong_size,290.25
3250,46335,2025-08-21,1,defect,353.45
3251,46345,2024-09-22,1,no_reason,411.06
3252,46360,2024-06-04,1,wrong_size,93.62
3253,46361,2024-05-31,1,defect,33.79
3254,46370,2025-11-29,1,no_reason,66.71
3255,46380,2025-12-26,1,wrong_size,60.65
3256,46387,2026-03-09,2,not_as_described,25.54
3257,46393,2024-08-01,1,not_as_described,293.86
3258,46394,2024-08-01,1,no_reason,134.65
3259,46402,2025-05-07,1,no_reason,364.0
3260,46426,2025-12-31,2,no_reason,393.19
3261,46446,2025-07-09,1,no_reason,367.56
3262,46447,2025-07-06,1,defect,240.86
3263,46463,2024-11-20,1,defect,301.79
3264,46465,2024-11-13,1,defect,260.02
3265,46471,2026-03-03,3,defect,570.85
3266,46473,2025-12-09,1,defect,33.15
3267,46481,2026-01-16,1,not_as_described,75.11
3268,46495,2025-10-14,2,no_reason,234.64
3269,46508,2025-07-31,1,defect,183.81
3270,46530,2026-03-28,3,no_reason,698.34
3271,46554,2024-01-30,1,not_as_described,116.0
3272,46558,2024-11-15,1,not_as_described,206.13
3273,46590,2025-08-14,3,defect,435.9
3274,46598,2025-12-15,3,defect,1367.94
3275,46603,2025-05-23,1,defect,290.9
3276,46621,2025-06-05,1,no_reason,276.82
3277,46645,2025-10-26,1,defect,204.02
3278,46652,2025-05-05,1,not_as_described,64.34
3279,46661,2025-08-25,1,defect,354.0
3280,46704,2026-02-21,3,no_reason,1184.61
3281,46706,2026-02-08,1,no_reason,104.59
3282,46717,2026-05-28,1,defect,341.3
3283,46732,2026-01-30,1,defect,364.64
3284,46798,2026-06-30,1,not_as_described,60.86
3285,46828,2026-04-23,2,no_reason,84.6
3286,46887,2026-03-23,1,not_as_described,159.98
3287,46890,2026-03-13,1,not_as_described,154.78
3288,46917,2026-05-02,1,defect,32.58
3289,46938,2026-06-03,1,defect,390.79
3290,46981,2026-03-22,1,defect,144.78
3291,46984,2026-06-30,1,not_as_described,30.01
3292,47004,2026-04-15,3,wrong_size,803.11
3293,47011,2026-06-26,2,wrong_size,504.36
3294,47021,2026-03-15,1,wrong_size,15.81
3295,47026,2026-03-19,1,defect,32.72
3296,47049,2026-04-09,2,not_as_described,626.13
3297,47051,2026-06-20,2,no_reason,248.97
3298,47056,2026-03-20,1,not_as_described,175.53
3299,47066,2026-05-25,1,wrong_size,339.01
3300,47141,2026-06-04,1,not_as_described,117.47
3301,47152,2026-06-23,1,defect,217.21
3302,47178,2026-04-14,1,not_as_described,234.21
3303,47186,2026-03-31,1,not_as_described,158.96
3304,47203,2026-05-25,1,not_as_described,395.9
3305,47233,2026-05-11,2,defect,66.98
3306,47306,2024-12-13,1,wrong_size,386.88
3307,47315,2025-12-09,1,no_reason,421.64
3308,47333,2025-04-08,1,wrong_size,286.94
3309,47344,2025-09-01,2,wrong_size,280.12
3310,47353,2026-04-10,2,no_reason,89.92
3311,47355,2026-04-16,1,defect,242.02
3312,47376,2024-08-08,1,wrong_size,124.67
3313,47380,2025-05-24,3,wrong_size,372.69
3314,47390,2025-12-14,1,not_as_described,206.58
3315,47447,2024-12-27,3,wrong_size,473.33
3316,47465,2025-09-25,1,wrong_size,235.47
3317,47485,2026-01-06,1,defect,75.67
3318,47508,2026-04-07,1,wrong_size,273.08
3319,47512,2025-11-18,2,wrong_size,546.01
3320,47513,2025-11-14,2,no_reason,29.34
3321,47527,2024-12-18,3,defect,488.07
3322,47537,2025-02-03,1,defect,389.3
3323,47540,2025-08-24,2,no_reason,662.12
3324,47565,2024-08-21,1,not_as_described,339.84
3325,47573,2025-09-03,2,no_reason,519.02
3326,47574,2026-03-23,3,defect,961.99
3327,47581,2026-02-07,1,wrong_size,304.69
3328,47594,2025-08-17,1,wrong_size,138.78
3329,47607,2025-12-02,1,defect,377.96
3330,47611,2026-05-04,1,no_reason,134.5
3331,47621,2025-04-07,1,defect,299.87
3332,47630,2026-02-13,1,not_as_described,153.82
3333,47658,2026-05-10,1,defect,42.84
3334,47662,2025-04-15,1,defect,129.71
3335,47669,2025-04-17,1,not_as_described,293.51
3336,47703,2025-01-19,1,not_as_described,353.83
3337,47719,2025-04-13,1,wrong_size,372.5
3338,47734,2026-05-10,1,defect,66.45
3339,47738,2025-07-30,1,defect,204.64
3340,47748,2025-12-01,2,defect,592.5
3341,47755,2025-12-27,1,no_reason,243.06
3342,47773,2025-12-09,1,defect,138.67
3343,47809,2026-01-05,1,wrong_size,280.59
3344,47823,2025-07-12,1,defect,321.57
3345,47846,2026-04-05,1,wrong_size,298.58
3346,47862,2025-09-10,2,no_reason,731.29
3347,47866,2026-04-27,1,no_reason,170.1
3348,47873,2026-02-27,1,defect,352.08
3349,47881,2026-02-17,1,defect,302.19
3350,47884,2025-11-16,1,not_as_described,47.15
3351,47943,2025-06-28,1,wrong_size,34.72
3352,47977,2026-01-04,1,defect,34.4
3353,47978,2025-12-28,1,defect,301.02
3354,47979,2026-01-07,1,wrong_size,217.62
3355,47993,2025-12-30,1,not_as_described,103.23
3356,48025,2025-11-12,2,wrong_size,773.94
3357,48107,2025-12-08,3,wrong_size,354.03
3358,48147,2025-09-04,3,not_as_described,706.41
3359,48156,2025-11-26,2,wrong_size,358.03
3360,48162,2025-08-29,1,defect,327.97
3361,48202,2025-11-12,1,no_reason,103.8
3362,48204,2025-07-16,1,no_reason,202.19
3363,48220,2025-12-26,1,wrong_size,280.99
3364,48226,2024-11-05,2,not_as_described,374.44
3365,48242,2026-01-24,3,wrong_size,187.95
3366,48266,2025-01-07,1,wrong_size,290.25
3367,48274,2025-10-21,1,defect,357.91
3368,48305,2026-04-22,1,no_reason,450.65
3369,48306,2026-04-11,1,defect,388.93
3370,48321,2025-11-24,1,defect,333.56
3371,48324,2025-11-12,1,no_reason,296.4
3372,48339,2025-06-18,1,not_as_described,293.58
3373,48350,2025-12-09,1,defect,324.87
3374,48355,2024-11-17,1,not_as_described,203.5
3375,48357,2024-11-18,1,defect,321.44
3376,48359,2024-11-16,1,wrong_size,147.26
3377,48374,2025-07-09,1,wrong_size,26.42
3378,48388,2025-01-05,1,no_reason,121.66
3379,48401,2025-12-21,1,not_as_described,97.96
3380,48402,2025-12-13,1,defect,257.52
3381,48425,2025-11-06,2,wrong_size,457.67
3382,48428,2026-02-03,1,wrong_size,25.07
3383,48433,2026-04-08,1,wrong_size,257.0
3384,48439,2025-12-07,1,wrong_size,188.58
3385,48447,2025-08-27,1,wrong_size,58.28
3386,48454,2025-02-02,1,not_as_described,275.47
3387,48455,2025-01-30,1,no_reason,281.99
3388,48467,2025-08-12,3,defect,659.19
3389,48487,2024-12-14,1,wrong_size,65.01
3390,48488,2024-11-28,1,defect,67.1
3391,48496,2026-06-15,1,defect,406.11
3392,48509,2026-02-01,1,defect,266.51
3393,48536,2025-11-22,1,wrong_size,282.82
3394,48583,2025-02-07,1,defect,35.0
3395,48600,2025-10-30,1,defect,230.18
3396,48602,2025-10-28,2,wrong_size,329.2
3397,48607,2026-03-10,1,defect,80.36
3398,48673,2025-12-30,1,no_reason,217.8
3399,48679,2024-11-10,2,not_as_described,609.2
3400,48688,2025-09-24,1,wrong_size,31.04
3401,48697,2024-07-28,1,wrong_size,371.22
3402,48720,2025-07-29,1,not_as_described,130.34
3403,48723,2025-02-24,1,defect,39.1
3404,48741,2025-09-01,3,no_reason,47.1
3405,48764,2026-01-13,1,wrong_size,216.36
3406,48766,2026-01-09,1,not_as_described,259.73
3407,48816,2026-05-28,1,not_as_described,150.75
3408,48833,2024-02-25,1,wrong_size,245.1
3409,48840,2024-03-21,1,wrong_size,271.47
3410,48844,2025-12-06,1,wrong_size,217.41
3411,48851,2026-04-26,1,no_reason,187.85
3412,48853,2025-04-06,1,not_as_described,16.13
3413,48881,2025-11-16,1,defect,381.55
3414,48899,2026-02-11,2,wrong_size,505.76
3415,48900,2026-04-22,1,defect,272.33
3416,48923,2025-04-07,1,no_reason,347.76
3417,48933,2025-10-23,1,wrong_size,136.4
3418,48936,2025-11-02,1,defect,9.13
3419,48944,2025-04-25,1,wrong_size,314.33
3420,48954,2026-06-09,1,not_as_described,40.33
3421,48973,2026-04-15,1,wrong_size,47.73
3422,48974,2026-04-22,1,no_reason,33.45
3423,49011,2025-11-30,2,wrong_size,941.48
3424,49037,2026-04-27,2,not_as_described,65.98
3425,49113,2026-05-22,1,wrong_size,279.16
3426,49125,2026-01-19,2,not_as_described,118.88
3427,49147,2026-01-07,1,no_reason,345.87
3428,49163,2026-05-05,1,defect,405.58
3429,49165,2026-02-15,1,no_reason,51.16
3430,49172,2026-05-03,1,wrong_size,54.78
3431,49174,2026-01-24,2,not_as_described,644.39
3432,49177,2026-01-21,1,wrong_size,267.06
3433,49189,2026-06-21,1,wrong_size,304.16
3434,49193,2025-11-30,2,no_reason,181.97
3435,49194,2025-07-16,1,wrong_size,137.0
3436,49208,2025-01-24,1,defect,264.72
3437,49214,2024-12-17,3,not_as_described,216.65
3438,49220,2026-05-09,2,no_reason,69.56
3439,49225,2024-12-26,1,wrong_size,352.19
3440,49253,2026-03-09,1,wrong_size,228.07
3441,49292,2026-05-28,2,wrong_size,651.26
3442,49294,2026-05-18,1,defect,288.77
3443,49297,2026-05-13,1,no_reason,375.74
3444,49340,2025-05-31,1,defect,236.62
3445,49346,2026-05-11,2,not_as_described,334.04
3446,49371,2025-10-17,1,wrong_size,383.19
3447,49379,2025-10-24,1,defect,321.98
3448,49382,2025-12-23,1,no_reason,353.1
3449,49386,2026-02-16,1,wrong_size,283.32
3450,49389,2026-02-05,1,no_reason,99.33
3451,49416,2024-12-13,1,defect,178.43
3452,49422,2024-12-10,1,wrong_size,349.36
3453,49432,2026-03-20,1,defect,357.07
3454,49433,2026-03-20,1,defect,365.76
3455,49437,2025-12-02,1,defect,329.94
3456,49445,2026-04-08,1,not_as_described,245.9
3457,49458,2025-02-15,1,wrong_size,70.45
3458,49461,2026-01-16,1,not_as_described,353.46
3459,49466,2025-06-14,2,not_as_described,36.64
3460,49473,2026-05-19,1,defect,92.86
3461,49480,2026-04-07,1,defect,116.22
3462,49507,2026-04-12,2,not_as_described,446.55
3463,49509,2025-06-17,1,not_as_described,276.62
3464,49510,2025-06-14,1,defect,276.04
3465,49533,2026-05-09,1,wrong_size,13.77
3466,49534,2026-05-05,3,wrong_size,694.26
3467,49537,2026-05-29,2,no_reason,551.06
3468,49557,2025-04-26,3,not_as_described,810.4
3469,49565,2026-04-21,1,no_reason,205.87
3470,49578,2025-02-16,1,no_reason,249.74
3471,49598,2025-07-07,1,defect,232.09
3472,49628,2026-02-04,1,wrong_size,396.71
3473,49634,2024-11-12,1,wrong_size,202.04
3474,49646,2026-05-30,1,no_reason,96.14
3475,49664,2025-11-13,1,defect,89.39
3476,49665,2025-06-23,1,wrong_size,236.94
3477,49683,2025-08-25,1,no_reason,48.56
3478,49691,2024-12-30,1,wrong_size,168.91
3479,49694,2026-04-03,1,not_as_described,231.85
3480,49709,2026-04-13,2,wrong_size,217.07
3481,49714,2025-12-23,2,defect,325.94
3482,49740,2024-12-27,1,wrong_size,391.71
3483,49749,2025-05-26,2,wrong_size,266.66
3484,49753,2024-12-30,1,defect,240.52
3485,49755,2024-12-24,1,wrong_size,373.86
3486,49764,2026-03-16,1,defect,171.29
3487,49772,2026-03-15,1,no_reason,12.86
3488,49776,2026-06-25,1,wrong_size,186.68
3489,49787,2026-06-19,1,wrong_size,58.78
3490,49800,2026-06-05,1,defect,197.97
3491,49812,2026-06-13,2,defect,49.92
3492,49888,2026-03-15,1,no_reason,9.58
3493,49932,2026-03-18,1,defect,279.09
3494,49933,2026-03-12,1,no_reason,15.29
3495,49937,2024-08-22,1,wrong_size,180.03
3496,49944,2026-06-05,1,wrong_size,25.25
3497,49963,2026-04-22,1,not_as_described,163.82
3498,49965,2026-05-04,1,defect,220.37
3499,49990,2026-03-22,1,not_as_described,169.31
3500,50011,2025-11-30,1,not_as_described,38.23
3501,50039,2025-11-05,2,not_as_described,563.72
3502,50053,2026-03-10,1,wrong_size,356.82
3503,50060,2025-10-19,2,not_as_described,407.96
3504,50067,2025-06-02,1,defect,91.55
3505,50086,2026-03-09,1,wrong_size,232.19
3506,50099,2026-03-26,1,no_reason,277.24
3507,50143,2026-06-13,1,not_as_described,133.86
3508,50161,2025-04-15,1,wrong_size,249.25
3509,50176,2024-03-21,1,not_as_described,10.08
3510,50186,2026-05-09,1,defect,102.51
3511,50202,2025-12-13,2,not_as_described,22.12
3512,50205,2025-08-12,1,wrong_size,108.89
3513,50209,2025-08-12,2,not_as_described,300.37
3514,50223,2025-11-29,1,no_reason,99.53
3515,50230,2025-08-05,1,not_as_described,31.82
3516,50277,2025-11-03,1,wrong_size,271.19
3517,50283,2025-11-20,3,defect,853.68
3518,50302,2025-04-18,1,defect,270.15
3519,50306,2026-02-24,2,defect,654.4
3520,50324,2024-03-20,2,wrong_size,235.54
3521,50327,2024-03-29,1,defect,65.32
3522,50334,2026-03-30,1,defect,360.72
3523,50338,2025-11-28,1,no_reason,193.29
3524,50355,2025-03-18,1,wrong_size,181.49
3525,50367,2026-02-25,1,wrong_size,42.09
3526,50377,2025-12-15,1,no_reason,259.11
3527,50381,2026-06-26,2,defect,655.75
3528,50384,2025-12-17,3,defect,873.09
3529,50386,2025-07-18,1,no_reason,126.45
3530,50387,2025-07-27,1,defect,299.09
3531,50395,2026-05-22,1,no_reason,76.57
3532,50401,2025-04-27,2,defect,441.81
3533,50423,2025-09-03,1,no_reason,300.64
3534,50424,2025-05-31,1,no_reason,163.83
3535,50434,2026-05-30,1,not_as_described,324.4
3536,50437,2025-03-21,2,defect,657.81
3537,50441,2025-07-12,2,defect,309.25
3538,50459,2026-04-10,2,no_reason,48.5
3539,50461,2026-04-01,1,defect,352.38
3540,50486,2025-01-22,2,no_reason,97.77
3541,50492,2025-10-07,1,wrong_size,389.6
3542,50496,2026-01-15,1,not_as_described,277.06
3543,50570,2026-01-05,1,defect,242.79
3544,50571,2026-01-03,1,wrong_size,142.02
3545,50586,2026-05-27,1,no_reason,290.86
3546,50591,2026-02-14,1,defect,375.63
3547,50594,2025-10-11,1,wrong_size,370.11
3548,50613,2025-01-20,1,no_reason,146.51
3549,50619,2026-01-14,1,not_as_described,211.18
3550,50634,2025-09-09,2,not_as_described,696.28
3551,50641,2026-05-17,1,wrong_size,292.54
3552,50646,2025-03-22,1,wrong_size,17.65
3553,50647,2025-06-27,1,no_reason,320.04
3554,50670,2026-03-21,1,not_as_described,126.74
3555,50674,2024-12-24,2,wrong_size,314.39
3556,50692,2025-06-03,1,wrong_size,227.56
3557,50699,2025-06-16,1,defect,150.5
3558,50716,2025-09-01,1,no_reason,395.44
3559,50720,2025-11-19,1,wrong_size,141.88
3560,50730,2026-01-20,1,defect,221.71
3561,50754,2025-01-07,1,wrong_size,8.49
3562,50755,2025-01-06,2,not_as_described,676.88
3563,50793,2025-01-02,1,defect,347.92
3564,50805,2026-06-12,2,wrong_size,629.36
3565,50811,2025-12-28,1,defect,416.5
3566,50815,2026-06-27,1,no_reason,59.02
3567,50823,2025-07-18,3,defect,736.41
3568,50830,2026-06-02,2,not_as_described,65.26
3569,50836,2025-12-11,1,defect,227.99
3570,50838,2025-05-31,1,no_reason,350.59
3571,50841,2025-12-18,1,defect,304.3
3572,50847,2026-03-08,1,defect,191.44
3573,50848,2026-03-04,1,no_reason,207.96
3574,50856,2025-04-09,1,defect,202.0
3575,50866,2025-12-12,1,not_as_described,202.31
3576,50869,2025-12-17,2,wrong_size,504.53
3577,50874,2026-03-29,1,no_reason,307.83
3578,50887,2025-07-24,1,defect,193.22
3579,50910,2025-07-31,1,wrong_size,124.56
3580,50920,2025-10-19,1,no_reason,103.21
3581,50927,2025-07-22,1,not_as_described,213.9
3582,50939,2026-02-28,1,defect,200.91
3583,50973,2025-01-08,1,wrong_size,101.18
3584,50983,2025-05-25,1,no_reason,85.17
3585,51000,2026-05-12,1,no_reason,188.07
3586,51007,2025-04-14,2,no_reason,134.56
3587,51009,2025-11-25,2,defect,68.38
3588,51024,2025-10-19,1,defect,285.63
3589,51026,2025-10-12,1,no_reason,78.6
3590,51029,2024-12-20,3,defect,617.94
3591,51036,2025-11-10,2,wrong_size,841.14
3592,51041,2025-04-03,1,wrong_size,247.95
3593,51047,2025-05-12,1,wrong_size,346.82
3594,51068,2026-02-05,2,defect,630.31
3595,51109,2025-09-01,2,defect,554.82
3596,51113,2025-12-22,1,defect,263.07
3597,51117,2025-12-02,2,defect,174.5
3598,51120,2025-01-18,1,wrong_size,16.07
3599,51129,2026-06-22,1,not_as_described,154.75
3600,51135,2025-12-04,2,wrong_size,448.61
3601,51138,2025-12-12,1,defect,261.33
3602,51146,2026-04-20,2,defect,385.06
3603,51150,2025-12-24,3,no_reason,126.5
3604,51162,2025-03-27,1,defect,287.05
3605,51184,2025-06-09,1,not_as_described,144.84
3606,51190,2026-06-17,1,defect,115.24
3607,51192,2026-02-06,1,defect,178.9
3608,51206,2025-10-18,1,defect,257.2
3609,51207,2025-10-22,1,wrong_size,132.72
3610,51242,2024-11-28,1,not_as_described,277.32
3611,51249,2025-02-28,1,defect,135.54
3612,51255,2025-01-13,2,defect,687.5
3613,51272,2024-11-24,2,no_reason,365.22
3614,51288,2025-06-12,1,defect,9.14
3615,51290,2025-04-18,3,wrong_size,882.9
3616,51293,2025-04-13,3,wrong_size,32.23
3617,51303,2024-03-09,1,defect,355.74
3618,51305,2024-03-02,2,wrong_size,399.42
3619,51306,2025-12-26,2,no_reason,682.5
3620,51308,2025-12-10,3,not_as_described,793.26
3621,51326,2026-01-06,2,no_reason,397.6
3622,51330,2024-12-16,1,not_as_described,270.48
3623,51380,2025-01-09,1,wrong_size,203.79
3624,51387,2025-09-01,1,defect,44.5
3625,51409,2025-12-08,1,defect,256.24
3626,51449,2024-10-06,1,wrong_size,184.34
3627,51460,2024-12-21,1,wrong_size,43.24
3628,51473,2025-07-19,1,not_as_described,73.78
3629,51513,2025-12-30,1,no_reason,19.28
3630,51529,2025-10-19,1,wrong_size,207.53
3631,51536,2026-05-14,1,not_as_described,133.34
3632,51537,2026-05-03,1,not_as_described,120.49
3633,51544,2024-05-19,1,wrong_size,192.63
3634,51568,2025-10-06,1,defect,13.12
3635,51575,2024-07-25,1,defect,262.88
3636,51581,2025-12-12,1,wrong_size,186.34
3637,51592,2025-05-02,1,wrong_size,157.98
3638,51611,2025-12-09,2,no_reason,678.02
3639,51627,2024-10-06,1,no_reason,135.5
3640,51651,2024-11-30,1,no_reason,166.99
3641,51695,2025-10-26,1,not_as_described,181.67
3642,51705,2026-01-12,1,wrong_size,165.06
3643,51732,2024-02-10,1,wrong_size,240.16
3644,51815,2026-02-25,1,no_reason,160.04
3645,51847,2025-06-25,1,wrong_size,296.45
3646,51879,2025-12-23,1,wrong_size,306.12
3647,51890,2024-06-07,2,defect,768.36
3648,51894,2025-06-03,1,no_reason,310.51
3649,51906,2025-12-24,1,defect,170.72
3650,51927,2025-01-17,1,not_as_described,165.37
3651,51932,2025-05-09,1,not_as_described,383.87
3652,51998,2025-10-05,1,defect,372.5
3653,51999,2025-10-15,1,wrong_size,345.21
3654,52004,2025-08-27,3,defect,643.94
3655,52025,2024-10-17,1,wrong_size,262.95
3656,52076,2025-01-10,1,wrong_size,216.45
3657,52080,2026-04-06,1,no_reason,213.24
3658,52081,2026-04-08,1,defect,22.76
3659,52091,2025-12-29,2,no_reason,406.68
3660,52096,2024-10-13,1,wrong_size,179.64
3661,52103,2024-04-29,1,wrong_size,310.16
3662,52107,2025-11-12,1,wrong_size,341.9
3663,52113,2026-04-24,1,no_reason,322.12
3664,52118,2025-09-07,1,not_as_described,307.46
3665,52154,2026-02-05,1,defect,100.12
3666,52163,2026-03-11,1,defect,146.11
3667,52174,2025-09-24,2,not_as_described,455.74
3668,52210,2025-12-18,1,no_reason,102.41
3669,52217,2025-10-23,3,no_reason,974.78
3670,52235,2026-05-16,2,not_as_described,722.04
3671,52265,2026-02-02,2,wrong_size,570.2
3672,52285,2026-05-09,1,defect,148.17
3673,52309,2026-05-11,1,wrong_size,369.82
3674,52342,2025-08-19,1,wrong_size,45.03
3675,52352,2025-11-20,1,no_reason,145.71
3676,52362,2026-06-06,1,wrong_size,138.15
3677,52393,2024-07-25,2,no_reason,306.66
3678,52448,2025-07-13,1,wrong_size,184.98
3679,52458,2026-04-05,2,defect,184.22
3680,52468,2025-06-24,3,no_reason,822.14
3681,52474,2025-11-18,2,wrong_size,729.54
3682,52481,2025-01-06,1,defect,285.25
3683,52532,2026-04-17,1,no_reason,290.26
3684,52546,2026-04-01,2,wrong_size,636.97
3685,52550,2024-11-07,1,defect,413.3
3686,52583,2025-11-30,1,wrong_size,237.76
3687,52592,2025-05-06,1,wrong_size,361.89
3688,52609,2026-06-20,1,no_reason,392.12
3689,52618,2025-09-23,1,wrong_size,175.94
3690,52646,2026-01-21,2,wrong_size,596.43
3691,52682,2026-06-09,1,defect,57.65
3692,52705,2025-03-19,1,no_reason,31.2
3693,52706,2025-03-18,1,not_as_described,129.82
3694,52739,2026-06-20,1,no_reason,131.74
3695,52755,2025-01-10,1,wrong_size,291.57
3696,52795,2024-09-21,1,defect,115.35
3697,52800,2024-07-08,1,wrong_size,103.1
3698,52802,2024-08-03,1,defect,238.9
3699,52804,2024-08-02,1,defect,292.94
3700,52811,2024-04-15,1,not_as_described,342.03
3701,52865,2026-03-27,1,no_reason,137.8
3702,52878,2026-06-13,1,wrong_size,253.64
3703,52885,2026-02-10,1,no_reason,212.9
3704,52887,2026-06-16,3,not_as_described,462.29
3705,52895,2025-12-08,1,not_as_described,192.6
3706,52932,2025-07-11,1,wrong_size,267.39
3707,52937,2024-09-09,1,wrong_size,39.94
3708,52970,2026-05-27,1,defect,179.5
3709,52978,2026-05-01,1,wrong_size,323.45
3710,52983,2026-03-05,1,defect,153.45
3711,52984,2026-03-20,2,wrong_size,256.13
3712,52985,2026-03-18,1,no_reason,70.91
3713,52987,2025-12-08,2,no_reason,320.43
3714,53012,2026-01-01,1,wrong_size,363.67
3715,53045,2025-08-02,2,not_as_described,151.04
3716,53050,2026-02-13,1,not_as_described,272.25
3717,53052,2025-10-09,1,no_reason,11.42
3718,53061,2025-09-27,1,defect,448.48
3719,53065,2024-12-31,1,wrong_size,178.23
3720,53069,2024-02-07,1,defect,205.36
3721,53092,2024-08-30,1,defect,342.09
3722,53107,2026-02-05,2,defect,131.06
3723,53114,2025-04-07,1,no_reason,375.22
3724,53153,2024-12-19,1,not_as_described,182.3
3725,53164,2025-03-12,2,wrong_size,262.66
3726,53177,2025-12-17,2,wrong_size,631.84
3727,53182,2026-04-30,1,wrong_size,90.59
3728,53187,2026-03-05,1,not_as_described,135.52
3729,53208,2025-08-23,1,wrong_size,13.89
3730,53236,2026-04-28,1,defect,395.68
3731,53246,2026-06-07,2,wrong_size,370.56
3732,53255,2026-06-26,1,wrong_size,193.52
3733,53256,2026-06-13,3,defect,46.89
3734,53259,2026-05-16,1,no_reason,170.73
3735,53269,2026-06-14,2,wrong_size,55.1
3736,53291,2026-05-24,1,wrong_size,119.66
3737,53327,2026-06-15,1,defect,242.38
3738,53332,2026-05-07,1,not_as_described,236.67
3739,53342,2024-12-21,2,wrong_size,763.14
3740,53348,2026-04-09,1,wrong_size,275.77
3741,53373,2025-12-31,1,no_reason,149.41
3742,53376,2026-06-29,1,not_as_described,286.54
3743,53377,2026-01-16,1,not_as_described,57.25
3744,53402,2026-06-07,1,no_reason,15.56
3745,53433,2025-12-01,1,defect,196.7
3746,53452,2026-02-12,1,defect,53.28
3747,53470,2025-03-10,3,not_as_described,585.48
3748,53472,2026-02-02,1,no_reason,308.68
3749,53485,2025-08-29,1,not_as_described,172.99
3750,53492,2025-12-24,1,no_reason,209.82
3751,53498,2025-02-19,1,not_as_described,206.63
3752,53499,2025-10-03,1,not_as_described,214.78
3753,53501,2025-10-18,1,no_reason,167.24
3754,53505,2025-10-23,1,wrong_size,288.86
3755,53537,2026-05-14,3,defect,512.64
3756,53539,2026-05-20,1,not_as_described,135.92
3757,53551,2025-04-01,3,no_reason,768.76
3758,53555,2025-12-24,1,defect,176.29
3759,53564,2024-11-17,1,no_reason,323.83
3760,53623,2026-05-19,1,no_reason,372.54
3761,53642,2026-06-21,3,wrong_size,440.17
3762,53652,2026-04-02,1,no_reason,275.64
3763,53679,2026-01-13,1,defect,350.47
3764,53690,2026-02-21,1,wrong_size,142.68
3765,53733,2024-11-22,1,defect,384.82
3766,53738,2024-06-16,1,wrong_size,324.24
3767,53757,2026-05-03,1,no_reason,40.48
3768,53764,2026-03-05,1,defect,145.3
3769,53776,2025-03-10,2,defect,668.9
3770,53784,2026-04-18,2,not_as_described,65.1
3771,53809,2025-04-21,1,no_reason,308.75
3772,53836,2026-01-17,1,no_reason,274.48
3773,53857,2025-08-29,1,defect,124.83
3774,53865,2026-06-22,3,defect,561.71
3775,53883,2025-09-12,2,defect,334.16
3776,53899,2025-04-13,1,not_as_described,330.05
3777,53933,2025-11-01,1,defect,238.42
3778,53940,2025-04-29,1,wrong_size,201.91
3779,53943,2026-01-05,2,wrong_size,491.96
3780,53946,2026-03-12,1,defect,336.88
3781,53951,2026-01-03,3,not_as_described,365.73
3782,53966,2025-02-09,1,not_as_described,36.29
3783,53981,2025-06-22,1,no_reason,162.81
3784,54019,2024-12-05,1,no_reason,132.45
3785,54026,2026-05-15,1,defect,268.74
3786,54036,2026-02-21,1,wrong_size,180.89
3787,54068,2026-06-21,1,defect,113.67
3788,54070,2025-11-19,1,no_reason,357.02
3789,54092,2026-05-04,2,not_as_described,595.68
3790,54098,2026-01-21,2,wrong_size,280.38
3791,54148,2025-11-19,1,wrong_size,176.27
3792,54156,2026-06-20,1,wrong_size,30.25
3793,54167,2026-06-30,2,not_as_described,505.78
3794,54178,2026-01-11,1,not_as_described,340.25
3795,54180,2025-12-16,2,wrong_size,123.57
3796,54239,2026-06-27,2,not_as_described,84.61
3797,54275,2025-08-19,2,not_as_described,542.67
3798,54283,2025-05-10,1,not_as_described,349.19
3799,54303,2026-04-12,1,defect,319.8
3800,54305,2026-04-20,1,not_as_described,223.29
3801,54327,2026-01-11,1,wrong_size,354.41
3802,54334,2025-12-04,2,no_reason,219.43
3803,54336,2025-11-01,1,no_reason,335.61
3804,54348,2025-10-24,1,defect,295.41
3805,54358,2025-03-22,1,not_as_described,281.51
3806,54365,2026-03-27,1,defect,97.64
3807,54366,2026-03-29,1,not_as_described,262.99
3808,54410,2026-05-02,1,defect,91.26
3809,54415,2025-12-11,2,wrong_size,610.92
3810,54429,2025-12-28,1,defect,318.89
3811,54437,2025-04-28,2,defect,860.48
3812,54442,2025-08-12,1,defect,359.95
3813,54447,2026-05-21,2,no_reason,690.12
3814,54451,2026-05-20,2,defect,583.14
3815,54497,2026-03-30,1,defect,41.25
3816,54499,2026-03-16,1,not_as_described,278.95
3817,54524,2025-05-03,1,no_reason,326.41
3818,54535,2025-05-30,1,wrong_size,244.57
3819,54547,2025-12-24,3,not_as_described,1086.48
3820,54578,2024-12-03,1,defect,31.79
3821,54583,2025-02-05,1,wrong_size,316.04
3822,54587,2025-02-07,1,no_reason,228.51
3823,54604,2025-09-11,1,defect,392.55
3824,54619,2025-12-04,1,defect,352.7
3825,54621,2025-04-19,1,no_reason,349.81
3826,54626,2026-02-28,1,wrong_size,21.48
3827,54636,2025-08-12,1,not_as_described,71.03
3828,54649,2026-01-26,1,no_reason,360.43
3829,54677,2026-04-28,1,defect,253.41
3830,54704,2026-02-20,3,no_reason,562.86
3831,54717,2026-03-23,3,not_as_described,197.49
3832,54732,2026-06-08,1,wrong_size,165.85
3833,54748,2026-01-04,1,defect,129.2
3834,54758,2025-11-20,1,not_as_described,263.34
3835,54764,2026-06-30,1,not_as_described,281.47
3836,54771,2026-04-12,1,no_reason,282.04
3837,54797,2026-06-02,1,defect,229.56
3838,54810,2025-07-26,1,wrong_size,174.99
3839,54814,2026-03-25,1,wrong_size,290.56
3840,54825,2026-05-04,1,defect,14.9
3841,54830,2026-06-10,1,wrong_size,437.32
3842,54831,2026-06-15,1,no_reason,192.86
3843,54834,2024-10-01,1,no_reason,393.75
3844,54846,2025-07-25,1,defect,335.93
3845,54848,2025-07-16,1,wrong_size,158.49
3846,54887,2025-10-26,1,defect,172.39
3847,54892,2026-03-31,1,wrong_size,188.65
3848,54897,2026-05-07,1,defect,426.37
3849,54900,2026-02-08,1,wrong_size,123.02
3850,54902,2025-07-15,1,defect,339.46
3851,54919,2025-10-31,1,defect,257.45
3852,54943,2025-12-26,1,defect,285.48
3853,54951,2025-08-01,1,wrong_size,28.57
3854,54973,2026-04-03,1,defect,109.61
3855,54975,2026-05-30,1,not_as_described,169.34
3856,54980,2025-12-30,2,not_as_described,640.8
3857,54987,2025-12-03,1,defect,205.63
3858,55004,2026-01-21,2,defect,600.07
3859,55007,2026-01-22,3,no_reason,968.85
3860,55018,2025-10-11,1,no_reason,116.54
3861,55061,2024-11-11,1,wrong_size,58.65
3862,55086,2025-07-05,1,not_as_described,161.86
3863,55087,2025-06-30,1,defect,253.12
3864,55103,2026-06-22,2,wrong_size,390.84
3865,55109,2026-04-21,1,wrong_size,95.61
3866,55129,2024-10-30,2,defect,279.36
3867,55141,2026-02-02,1,not_as_described,46.43
3868,55173,2026-03-12,1,no_reason,139.14
3869,55206,2026-06-06,1,defect,237.55
3870,55228,2026-05-28,2,wrong_size,531.71
3871,55230,2026-06-07,1,no_reason,348.06
3872,55236,2026-03-22,1,not_as_described,422.49
3873,55249,2026-01-14,1,wrong_size,343.45
3874,55275,2025-12-22,1,wrong_size,97.3
3875,55308,2025-11-29,2,no_reason,535.6
3876,55320,2025-11-19,1,no_reason,265.56
3877,55346,2024-05-24,1,wrong_size,333.41
3878,55349,2025-04-03,1,no_reason,295.39
3879,55350,2024-04-22,1,no_reason,256.29
3880,55353,2026-06-10,1,defect,353.31
3881,55361,2026-01-09,1,defect,116.77
3882,55376,2024-12-23,1,defect,364.62
3883,55428,2024-12-27,1,no_reason,183.44
3884,55481,2026-02-12,1,not_as_described,287.28
3885,55482,2026-02-14,2,no_reason,424.58
3886,55487,2026-01-21,1,defect,193.76
3887,55525,2026-06-06,1,wrong_size,438.74
3888,55540,2026-05-18,1,wrong_size,340.01
3889,55542,2026-06-17,1,defect,152.85
3890,55549,2025-01-07,2,no_reason,203.87
3891,55594,2026-02-28,1,defect,327.43
3892,55596,2026-02-14,1,wrong_size,205.26
3893,55605,2025-11-05,1,wrong_size,376.44
3894,55622,2025-12-31,1,wrong_size,331.84
3895,55626,2026-01-18,1,wrong_size,229.86
3896,55627,2026-01-26,2,defect,213.44
3897,55631,2025-06-28,1,defect,273.94
3898,55635,2025-06-28,1,wrong_size,336.39
3899,55638,2026-05-27,1,defect,115.45
3900,55642,2025-11-26,1,defect,10.29
3901,55661,2024-08-17,1,not_as_described,37.11
3902,55670,2026-01-22,1,wrong_size,146.79
3903,55676,2025-07-09,3,no_reason,1107.34
3904,55689,2025-11-18,1,no_reason,262.37
3905,55694,2025-12-30,1,not_as_described,240.89
3906,55695,2026-04-24,2,defect,633.94
3907,55717,2025-12-31,1,no_reason,169.44
3908,55729,2025-06-03,2,no_reason,734.7
3909,55761,2025-11-25,1,not_as_described,322.08
3910,55775,2025-11-11,1,wrong_size,246.25
3911,55787,2025-05-08,1,not_as_described,281.69
3912,55807,2026-06-29,1,defect,233.47
3913,55815,2025-09-02,2,no_reason,793.46
3914,55825,2026-01-31,1,wrong_size,354.25
3915,55844,2025-07-20,2,wrong_size,112.5
3916,55846,2025-07-16,1,not_as_described,283.01
3917,55851,2025-01-01,1,defect,318.93
3918,55855,2026-04-20,1,defect,126.39
3919,55882,2026-03-26,1,defect,291.88
3920,55885,2025-06-20,1,defect,329.45
3921,55887,2024-12-30,2,no_reason,293.11
3922,55912,2026-01-11,2,not_as_described,819.62
3923,55916,2024-01-31,1,wrong_size,173.99
3924,55925,2026-03-07,1,no_reason,88.96
3925,55952,2024-12-12,2,no_reason,659.01
3926,55954,2025-11-07,1,defect,268.82
3927,55957,2025-11-04,1,wrong_size,245.6
3928,55970,2026-01-10,2,wrong_size,489.86
3929,55994,2025-12-30,1,no_reason,286.23
3930,55998,2026-06-02,2,defect,290.53
3931,56006,2026-03-25,1,no_reason,162.09
3932,56010,2026-06-10,1,not_as_described,137.73
3933,56016,2026-04-12,1,wrong_size,395.07
3934,56024,2026-03-22,2,not_as_described,577.08
3935,56032,2024-09-07,1,wrong_size,300.51
3936,56033,2024-08-31,2,no_reason,442.96
3937,56042,2026-03-01,1,defect,295.77
3938,56045,2026-04-19,1,defect,229.83
3939,56053,2026-04-02,1,defect,84.97
3940,56056,2026-04-07,1,wrong_size,57.73
3941,56058,2025-10-27,1,no_reason,159.57
3942,56070,2025-12-01,1,wrong_size,292.73
3943,56077,2025-12-08,1,defect,265.63
3944,56095,2025-12-29,1,not_as_described,175.2
3945,56098,2026-03-27,1,defect,329.38
3946,56102,2025-10-30,1,wrong_size,357.71
3947,56124,2025-04-29,3,wrong_size,197.28
3948,56125,2025-05-08,1,wrong_size,217.08
3949,56143,2026-06-08,1,no_reason,423.18
3950,56147,2026-06-26,2,not_as_described,442.48
3951,56161,2025-10-11,1,not_as_described,233.21
3952,56176,2026-02-07,2,no_reason,59.68
3953,56185,2025-08-06,1,not_as_described,258.83
3954,56194,2025-12-11,1,wrong_size,282.85
3955,56201,2025-03-02,1,no_reason,175.58
3956,56203,2026-03-01,1,wrong_size,262.07
3957,56222,2026-02-03,1,not_as_described,263.35
3958,56223,2026-01-31,1,no_reason,375.2
3959,56227,2025-05-19,1,no_reason,332.76
3960,56231,2026-04-22,1,defect,252.31
3961,56245,2024-09-26,1,not_as_described,183.22
3962,56266,2026-01-19,2,no_reason,234.76
3963,56289,2026-05-15,3,defect,1033.65
3964,56291,2026-04-21,1,not_as_described,42.76
3965,56330,2026-03-28,1,not_as_described,9.94
3966,56347,2024-11-05,1,wrong_size,418.74
3967,56359,2025-12-28,1,defect,123.08
3968,56370,2026-06-17,1,wrong_size,31.53
3969,56403,2025-11-20,1,wrong_size,253.29
3970,56424,2025-12-11,2,not_as_described,21.88
3971,56443,2026-01-22,1,not_as_described,254.69
3972,56447,2025-09-14,2,wrong_size,552.3
3973,56448,2025-09-14,1,defect,279.06
3974,56449,2026-01-28,2,not_as_described,250.74
3975,56451,2026-06-22,1,defect,182.52
3976,56457,2026-04-30,1,wrong_size,152.35
3977,56467,2024-06-02,2,defect,556.2
3978,56485,2026-01-02,1,not_as_described,27.49
3979,56507,2026-06-12,1,not_as_described,379.28
3980,56516,2025-07-17,2,not_as_described,323.55
3981,56517,2025-07-17,1,no_reason,420.42
3982,56526,2025-12-21,1,defect,310.1
3983,56532,2026-04-03,1,defect,371.16
3984,56535,2025-12-05,3,wrong_size,576.66
3985,56539,2025-11-30,1,not_as_described,61.11
3986,56545,2025-04-02,2,no_reason,636.3
3987,56561,2025-09-17,1,wrong_size,31.07
3988,56571,2025-07-05,2,not_as_described,747.14
3989,56575,2026-06-23,1,no_reason,60.93
3990,56577,2026-02-07,1,wrong_size,278.18
3991,56579,2026-01-31,2,wrong_size,572.56
3992,56600,2025-06-30,2,no_reason,467.92
3993,56607,2026-06-21,1,not_as_described,35.33
3994,56614,2026-05-18,1,no_reason,266.03
3995,56617,2025-12-15,2,no_reason,699.3
3996,56623,2025-08-29,2,defect,349.62
3997,56660,2026-04-24,1,no_reason,363.73
3998,56661,2025-12-05,1,no_reason,443.98
3999,56669,2026-02-11,3,wrong_size,1228.8
4000,56673,2026-05-29,3,wrong_size,1127.15
4001,56679,2026-03-11,1,defect,200.64
4002,56690,2025-06-06,1,wrong_size,37.27
4003,56699,2025-09-06,2,defect,752.76
4004,56710,2025-04-18,1,not_as_described,317.78
4005,56726,2026-03-22,1,defect,133.99
4006,56840,2025-01-19,1,defect,62.0
4007,56841,2025-01-19,1,defect,83.68
4008,56843,2024-10-16,1,defect,178.37
4009,56855,2026-02-21,1,defect,305.18
4010,56859,2025-10-31,1,not_as_described,230.26
4011,56868,2026-06-18,1,no_reason,373.52
4012,56874,2025-09-18,1,defect,318.11
4013,56885,2025-08-05,1,defect,39.53
4014,56900,2025-06-03,2,not_as_described,809.52
4015,56902,2026-02-13,1,not_as_described,13.71
4016,56903,2026-02-03,2,not_as_described,492.46
4017,56940,2025-02-15,1,not_as_described,175.44
4018,56955,2024-04-15,1,no_reason,222.66
4019,56964,2025-07-24,1,defect,120.1
4020,56991,2025-12-14,2,defect,191.35
4021,57015,2026-05-29,1,wrong_size,255.69
4022,57016,2026-05-29,1,wrong_size,220.79
4023,57020,2025-12-19,2,defect,494.5
4024,57021,2025-12-18,2,not_as_described,444.87
4025,57044,2025-05-23,1,defect,73.91
4026,57048,2025-07-05,1,defect,37.17
4027,57049,2025-06-25,1,no_reason,393.17
4028,57086,2025-06-21,1,defect,93.02
4029,57089,2025-11-29,1,wrong_size,189.62
4030,57103,2026-03-29,1,not_as_described,376.84
4031,57113,2026-04-03,1,defect,320.04
4032,57141,2025-05-09,1,defect,180.6
4033,57142,2024-12-14,1,wrong_size,385.41
4034,57155,2026-04-28,1,defect,65.41
4035,57156,2026-03-18,2,defect,412.2
4036,57176,2025-06-23,1,not_as_described,211.0
4037,57181,2024-08-29,1,not_as_described,351.52
4038,57192,2026-05-01,1,wrong_size,270.81
4039,57218,2026-05-04,1,defect,328.73
4040,57231,2024-11-19,1,no_reason,271.7
4041,57245,2025-06-29,2,not_as_described,719.86
4042,57264,2024-01-23,1,wrong_size,324.23
4043,57273,2024-06-16,1,not_as_described,187.37
4044,57276,2024-06-06,1,no_reason,349.06
4045,57305,2026-01-04,1,not_as_described,138.52
4046,57347,2025-11-28,1,wrong_size,256.41
4047,57349,2025-11-26,3,not_as_described,1088.16
4048,57399,2026-03-20,1,defect,169.6
4049,57406,2024-08-25,2,no_reason,519.76
4050,57413,2026-05-29,1,wrong_size,386.01
4051,57416,2026-04-24,1,no_reason,312.52
4052,57424,2026-03-18,1,defect,342.14
4053,57427,2025-02-11,1,not_as_described,359.3
4054,57445,2025-01-17,1,wrong_size,238.48
4055,57448,2025-12-09,2,not_as_described,453.42
4056,57464,2025-10-01,1,wrong_size,211.0
4057,57474,2026-06-02,1,not_as_described,407.67
4058,57475,2026-05-24,1,not_as_described,229.9
4059,57477,2026-01-04,1,wrong_size,110.91
4060,57478,2026-01-15,3,no_reason,545.69
4061,57491,2025-01-17,1,wrong_size,305.38
4062,57498,2026-02-04,1,not_as_described,327.38
4063,57502,2026-05-10,2,wrong_size,646.23
4064,57514,2025-10-09,1,defect,369.64
4065,57525,2024-12-09,2,not_as_described,128.98
4066,57551,2026-06-19,1,wrong_size,197.87
4067,57572,2025-10-26,1,wrong_size,13.57
4068,57586,2026-04-05,1,wrong_size,340.94
4069,57603,2025-01-17,1,not_as_described,160.46
4070,57610,2024-10-14,2,defect,340.16
4071,57618,2025-05-16,1,not_as_described,161.87
4072,57644,2025-08-30,2,defect,526.82
4073,57645,2025-08-17,1,no_reason,423.65
4074,57655,2026-01-07,1,not_as_described,198.59
4075,57665,2025-04-10,1,not_as_described,253.07
4076,57667,2026-04-13,1,defect,90.29
4077,57673,2025-10-16,1,no_reason,337.46
4078,57675,2026-06-26,1,not_as_described,36.62
4079,57690,2025-06-19,2,no_reason,151.36
4080,57700,2025-12-07,1,defect,27.89
4081,57702,2025-12-24,2,no_reason,75.05
4082,57712,2026-05-12,2,defect,203.04
4083,57716,2026-03-04,1,defect,182.56
4084,57718,2026-02-28,1,defect,244.71
4085,57761,2026-05-01,3,not_as_described,876.24
4086,57765,2026-01-11,1,no_reason,37.16
4087,57778,2026-06-30,1,wrong_size,276.98
4088,57786,2025-02-19,1,wrong_size,101.16
4089,57789,2025-03-03,2,no_reason,430.72
4090,57848,2026-05-02,1,wrong_size,257.75
4091,57871,2026-05-08,1,defect,140.66
4092,57927,2026-04-24,1,no_reason,348.43
4093,57937,2026-01-24,1,wrong_size,186.58
4094,57960,2025-09-07,2,defect,641.94
4095,57978,2025-02-17,1,not_as_described,370.65
4096,58001,2026-02-25,2,no_reason,577.08
4097,58008,2025-10-04,2,not_as_described,116.34
4098,58054,2025-10-04,1,no_reason,30.58
4099,58055,2025-09-25,1,defect,45.04
4100,58076,2026-06-22,1,defect,198.46
4101,58077,2026-06-18,1,not_as_described,86.44
4102,58084,2026-02-20,2,wrong_size,471.72
4103,58124,2026-06-02,1,no_reason,280.23
4104,58143,2026-04-03,1,defect,44.84
4105,58151,2024-06-22,1,not_as_described,374.67
4106,58156,2025-09-21,1,no_reason,155.12
4107,58171,2024-11-23,2,defect,246.7
4108,58186,2025-01-02,1,no_reason,339.71
4109,58188,2024-03-26,1,wrong_size,244.34
4110,58213,2025-07-15,1,defect,122.88
4111,58221,2025-08-10,1,not_as_described,321.54
4112,58223,2024-08-21,2,not_as_described,613.76
4113,58245,2025-09-10,1,no_reason,397.62
4114,58275,2026-01-14,2,defect,19.18
4115,58278,2026-04-24,1,not_as_described,67.82
4116,58302,2026-04-20,2,wrong_size,350.06
4117,58324,2025-11-08,1,not_as_described,343.46
4118,58363,2026-01-05,1,not_as_described,394.77
4119,58366,2025-06-23,1,wrong_size,273.14
4120,58373,2026-05-26,3,defect,653.7
4121,58385,2024-03-25,1,defect,16.16
4122,58388,2026-06-04,1,not_as_described,257.56
4123,58393,2024-10-22,1,defect,333.35
4124,58416,2026-06-16,1,no_reason,146.51
4125,58425,2026-05-10,1,wrong_size,182.58
4126,58426,2025-12-04,1,not_as_described,61.95
4127,58443,2026-03-01,3,no_reason,954.33
4128,58454,2024-05-20,3,defect,751.74
4129,58461,2025-10-05,1,not_as_described,328.31
4130,58490,2026-03-29,1,defect,302.03
4131,58523,2025-01-22,1,wrong_size,200.41
4132,58582,2026-05-16,1,wrong_size,149.89
4133,58584,2026-05-18,1,no_reason,186.52
4134,58604,2025-07-05,1,not_as_described,277.14
4135,58629,2025-12-25,1,wrong_size,103.77
4136,58630,2025-12-22,1,wrong_size,187.22
4137,58636,2026-03-16,2,defect,834.12
4138,58641,2024-09-28,3,defect,846.0
4139,58645,2025-02-03,1,defect,10.2
4140,58650,2026-03-28,1,wrong_size,244.55
4141,58674,2025-12-31,1,defect,259.35
4142,58690,2026-05-22,1,not_as_described,200.1
4143,58700,2024-05-23,1,defect,225.4
4144,58723,2025-01-10,1,not_as_described,118.13
4145,58748,2025-09-12,3,defect,532.5
4146,58752,2025-07-26,1,not_as_described,309.33
4147,58769,2026-03-10,1,wrong_size,42.31
4148,58770,2025-02-10,1,defect,316.44
4149,58775,2024-10-17,2,defect,436.08
4150,58810,2025-11-24,1,wrong_size,29.75
4151,58814,2025-08-17,1,no_reason,375.56
4152,58838,2025-06-17,1,no_reason,292.91
4153,58854,2025-12-03,1,defect,359.68
4154,58857,2026-04-12,1,wrong_size,262.26
4155,58868,2024-09-07,1,wrong_size,232.35
4156,58879,2025-08-21,1,not_as_described,343.5
4157,58882,2026-06-25,1,defect,363.86
4158,58893,2025-06-08,3,not_as_described,888.39
4159,58897,2026-01-08,1,no_reason,109.62
4160,58910,2026-06-04,1,defect,236.08
4161,58919,2025-03-10,1,defect,68.08
4162,58922,2026-06-16,1,wrong_size,344.54
4163,58923,2025-11-20,1,wrong_size,330.21
4164,58934,2024-08-21,1,defect,226.6
4165,58964,2026-03-28,1,defect,64.86
4166,58967,2026-03-23,1,not_as_described,142.82
4167,58975,2024-02-12,1,defect,25.46
4168,58997,2025-04-29,1,not_as_described,301.52
4169,59015,2026-02-20,1,defect,306.18
4170,59032,2025-12-16,1,not_as_described,280.72
4171,59042,2026-02-21,2,not_as_described,699.96
4172,59054,2025-04-30,1,defect,262.39
4173,59067,2026-06-14,1,no_reason,173.53
4174,59085,2026-03-28,1,wrong_size,332.19
4175,59093,2026-06-30,1,not_as_described,172.59
4176,59099,2025-12-10,1,not_as_described,76.36
4177,59105,2025-12-05,2,wrong_size,88.32
4178,59123,2025-11-10,2,wrong_size,778.52
4179,59130,2025-11-30,2,no_reason,410.24
4180,59201,2026-03-22,1,not_as_described,229.21
4181,59205,2024-04-30,1,wrong_size,370.12
4182,59209,2025-07-06,1,not_as_described,373.37
4183,59240,2025-06-18,1,no_reason,198.04
4184,59258,2026-04-08,1,not_as_described,458.81
4185,59275,2026-06-18,1,defect,122.59
4186,59286,2026-03-13,2,no_reason,639.38
4187,59327,2025-06-27,3,no_reason,1333.16
4188,59359,2026-06-05,1,not_as_described,156.01
4189,59363,2026-04-23,1,wrong_size,237.86
4190,59377,2025-02-12,3,wrong_size,821.73
4191,59411,2024-10-25,2,not_as_described,222.83
4192,59428,2024-12-15,1,no_reason,152.34
4193,59457,2026-04-17,1,defect,362.21
4194,59463,2026-05-21,1,wrong_size,319.15
4195,59472,2025-07-01,2,no_reason,711.73
4196,59486,2024-08-18,1,defect,111.45
4197,59494,2025-03-20,1,wrong_size,389.87
4198,59524,2025-11-16,1,defect,290.34
4199,59554,2026-05-09,1,wrong_size,36.36
4200,59582,2025-03-27,2,wrong_size,783.6
4201,59604,2025-12-27,2,wrong_size,704.64
4202,59614,2026-01-13,2,defect,121.14
4203,59616,2026-01-17,2,wrong_size,130.72
4204,59636,2025-10-05,3,defect,702.54
4205,59638,2025-05-15,1,wrong_size,137.86
4206,59650,2025-12-15,1,wrong_size,75.57
4207,59661,2026-02-06,1,wrong_size,372.06
4208,59722,2024-10-01,1,no_reason,294.88
4209,59735,2025-08-23,1,defect,162.67
4210,59740,2025-09-23,1,not_as_described,81.84
4211,59750,2026-01-04,1,wrong_size,264.55
4212,59777,2024-12-02,1,wrong_size,252.32
4213,59778,2024-11-25,1,wrong_size,133.86
4214,59789,2026-04-22,1,defect,312.02
4215,59823,2025-12-03,1,no_reason,198.86
4216,59824,2026-03-16,1,wrong_size,139.05
4217,59887,2026-05-13,2,no_reason,618.8
4218,59909,2025-04-01,1,defect,41.92
4219,59957,2025-06-10,1,wrong_size,258.82
4220,59961,2025-03-14,3,wrong_size,1076.37
4221,59968,2025-03-04,1,defect,186.66
4222,59983,2026-04-13,1,defect,234.68
4223,59989,2026-05-20,1,defect,273.09
4224,59992,2026-02-09,1,not_as_described,234.82
4225,60004,2025-10-05,2,wrong_size,353.83
4226,60014,2026-03-25,1,defect,287.59
4227,60030,2024-08-24,1,defect,403.41
4228,60038,2025-12-28,1,wrong_size,19.24
4229,60047,2026-03-28,1,not_as_described,361.81
4230,60052,2025-12-09,1,not_as_described,269.35
4231,60053,2025-12-17,2,no_reason,373.46
4232,60058,2026-02-04,1,not_as_described,186.45
4233,60067,2025-11-03,1,defect,185.63
4234,60072,2025-01-18,1,wrong_size,61.75
4235,60092,2026-04-13,1,wrong_size,17.52
4236,60119,2026-05-28,1,defect,59.55
4237,60129,2025-11-15,2,not_as_described,493.87
4238,60152,2024-03-29,1,defect,107.48
4239,60155,2025-12-05,1,not_as_described,96.01
4240,60160,2025-02-18,1,not_as_described,239.86
4241,60184,2025-12-12,1,no_reason,354.79
4242,60194,2025-02-23,1,no_reason,302.1
4243,60195,2025-02-17,1,not_as_described,112.99
4244,60197,2025-10-10,1,no_reason,398.97
4245,60242,2024-04-17,1,wrong_size,158.4
4246,60249,2024-12-24,1,wrong_size,115.79
4247,60253,2024-07-17,3,defect,609.51
4248,60275,2025-10-11,1,wrong_size,362.43
4249,60286,2025-04-26,1,no_reason,45.93
4250,60322,2026-06-12,1,defect,268.0
4251,60327,2025-08-26,1,no_reason,17.77
4252,60337,2025-09-07,1,defect,224.5
4253,60354,2025-01-08,1,not_as_described,18.9
4254,60359,2025-01-05,1,wrong_size,335.98
4255,60373,2025-12-06,1,defect,125.29
4256,60387,2024-11-23,1,defect,312.75
4257,60390,2024-02-28,1,wrong_size,131.84
4258,60391,2025-01-04,1,defect,139.52
4259,60406,2025-07-11,1,no_reason,121.74
4260,60420,2024-03-15,1,no_reason,350.43
4261,60429,2024-12-23,1,defect,369.66
4262,60441,2025-03-22,1,no_reason,367.39
4263,60495,2025-11-18,1,wrong_size,111.08
4264,60512,2025-03-09,1,wrong_size,305.76
4265,60517,2026-01-07,3,no_reason,32.29
4266,60528,2025-06-23,1,defect,274.42
4267,60579,2025-09-03,1,not_as_described,195.02
4268,60582,2026-06-10,1,defect,226.94
4269,60585,2025-05-06,2,defect,710.09
4270,60594,2024-08-12,1,wrong_size,358.7
4271,60616,2024-03-06,1,defect,442.57
4272,60618,2026-06-06,1,not_as_described,155.63
4273,60631,2025-05-12,1,no_reason,13.4
4274,60635,2025-11-24,1,defect,189.28
4275,60636,2025-08-10,1,defect,341.16
4276,60646,2025-12-28,2,defect,748.55
4277,60647,2026-01-10,1,not_as_described,135.58
4278,60650,2024-11-25,1,not_as_described,335.27
4279,60658,2026-05-19,1,defect,376.51
4280,60661,2025-12-15,2,wrong_size,497.34
4281,60665,2026-01-09,1,defect,258.01
4282,60696,2025-11-23,1,wrong_size,410.12
4283,60706,2025-07-14,3,no_reason,590.52
4284,60726,2024-12-27,1,not_as_described,75.11
4285,60742,2025-09-12,1,defect,442.28
4286,60751,2025-12-20,1,defect,249.52
4287,60765,2024-06-08,1,not_as_described,152.69
4288,60800,2025-04-27,1,wrong_size,311.85
4289,60835,2024-09-22,1,defect,287.7
4290,60858,2026-01-31,1,defect,86.73
4291,60909,2025-04-26,1,not_as_described,298.55
4292,60917,2026-01-04,1,no_reason,142.67
4293,60934,2026-05-18,1,wrong_size,287.36
4294,60943,2025-06-25,2,wrong_size,555.36
4295,60955,2025-10-17,1,defect,222.12
4296,60991,2026-01-07,1,wrong_size,33.39
4297,60992,2026-01-28,1,no_reason,254.78
4298,61015,2026-02-27,1,not_as_described,143.19
4299,61019,2025-02-06,1,no_reason,112.98
4300,61052,2025-07-23,1,no_reason,29.26
4301,61100,2026-04-05,1,no_reason,150.09
4302,61133,2025-12-21,1,not_as_described,293.41
4303,61158,2026-06-25,3,wrong_size,264.25
4304,61196,2026-05-26,1,defect,144.98
4305,61206,2025-07-24,1,defect,181.81
4306,61231,2026-03-17,2,defect,399.58
4307,61264,2025-08-05,1,not_as_described,377.04
4308,61276,2025-06-17,1,no_reason,129.28
4309,61284,2025-10-05,1,wrong_size,213.94
4310,61285,2025-07-27,1,no_reason,229.84
4311,61299,2026-04-07,1,no_reason,177.42
4312,61300,2026-04-03,1,wrong_size,352.61
4313,61331,2025-12-10,1,wrong_size,203.97
4314,61343,2025-07-23,1,not_as_described,199.1
4315,61349,2026-02-25,1,no_reason,35.98
4316,61370,2025-07-15,1,defect,46.65
4317,61377,2025-12-05,1,wrong_size,213.18
4318,61383,2025-12-04,1,defect,353.61
4319,61389,2026-02-14,2,defect,203.28
4320,61394,2025-09-14,1,wrong_size,321.63
4321,61395,2025-09-15,1,no_reason,326.52
4322,61404,2025-06-13,1,defect,143.78
4323,61405,2025-06-01,3,defect,515.13
4324,61423,2026-01-08,1,defect,127.99
4325,61461,2025-08-25,2,no_reason,741.38
4326,61481,2026-06-02,1,defect,350.98
4327,61497,2026-05-25,1,wrong_size,43.29
4328,61500,2025-11-22,1,defect,279.4
4329,61503,2026-02-14,2,defect,247.84
4330,61513,2025-11-17,1,wrong_size,357.96
4331,61521,2025-12-24,3,defect,798.9
4332,61552,2025-07-21,2,wrong_size,474.97
4333,61561,2026-04-11,1,wrong_size,374.87
4334,61569,2026-04-28,3,wrong_size,214.59
4335,61590,2026-06-19,1,defect,152.99
4336,61594,2025-08-22,1,wrong_size,311.8
4337,61599,2026-03-24,2,no_reason,238.74
4338,61624,2026-02-26,1,not_as_described,121.51
4339,61633,2026-01-21,1,wrong_size,256.07
4340,61657,2025-08-07,2,no_reason,209.02
4341,61658,2026-01-27,1,wrong_size,289.41
4342,61664,2025-10-24,2,defect,92.0
4343,61671,2025-10-08,1,no_reason,199.88
4344,61684,2026-06-18,1,defect,231.78
4345,61716,2025-06-05,1,wrong_size,116.63
4346,61718,2025-05-29,1,not_as_described,318.49
4347,61720,2025-11-07,2,wrong_size,410.63
4348,61726,2025-12-27,1,wrong_size,45.05
4349,61737,2025-12-02,1,not_as_described,57.25
4350,61738,2025-12-09,2,wrong_size,682.52
4351,61739,2025-11-25,1,defect,253.2
4352,61747,2025-08-06,1,wrong_size,180.1
4353,61772,2026-06-06,1,not_as_described,18.12
4354,61783,2025-08-27,1,wrong_size,106.55
4355,61856,2026-02-20,1,defect,314.82
4356,61871,2025-07-13,1,defect,279.45
4357,61872,2025-07-12,1,wrong_size,141.98
4358,61904,2026-01-29,2,no_reason,77.45
4359,61918,2025-07-23,1,not_as_described,12.58
4360,61921,2025-09-25,1,not_as_described,16.21
4361,61927,2025-06-18,1,defect,259.82
4362,61968,2025-07-30,1,wrong_size,33.54
4363,61974,2026-01-22,1,defect,264.64
4364,61985,2025-11-21,2,not_as_described,459.94
4365,61992,2026-01-04,1,no_reason,114.27
4366,61998,2025-09-28,1,defect,184.24
4367,62011,2025-06-17,1,defect,299.14
4368,62012,2025-06-20,3,defect,226.53
4369,62026,2025-12-28,2,no_reason,387.88
4370,62034,2025-07-10,1,not_as_described,407.76
4371,62037,2025-09-01,1,not_as_described,271.78
4372,62048,2025-12-30,1,defect,96.14
4373,62055,2026-01-25,1,defect,172.28
4374,62060,2025-09-10,1,defect,68.14
4375,62075,2025-08-03,1,no_reason,107.48
4376,62078,2026-01-31,1,wrong_size,153.83
4377,62120,2025-10-31,1,defect,233.23
4378,62128,2025-08-11,1,wrong_size,335.7
4379,62171,2026-02-27,1,no_reason,211.09
4380,62179,2026-03-28,1,defect,281.66
4381,62188,2025-06-25,1,wrong_size,113.36
4382,62189,2026-02-11,2,no_reason,383.21
4383,62190,2026-01-31,1,no_reason,166.94
4384,62207,2026-04-20,1,wrong_size,327.67
4385,62225,2025-12-17,1,wrong_size,267.46
4386,62228,2026-05-09,1,wrong_size,219.46
4387,62231,2026-01-03,1,not_as_described,351.1
4388,62246,2026-03-24,1,no_reason,369.74
4389,62255,2026-05-28,1,wrong_size,334.9
4390,62257,2026-05-26,1,not_as_described,299.62
4391,62264,2026-06-23,1,wrong_size,91.41
4392,62266,2026-05-16,1,wrong_size,126.52
4393,62268,2026-01-27,1,defect,15.01
4394,62269,2026-01-15,1,defect,192.4
4395,62299,2026-05-08,2,not_as_described,252.6
4396,62300,2026-06-29,2,defect,257.15
4397,62303,2025-12-22,1,no_reason,34.89
4398,62309,2026-01-13,1,wrong_size,143.78
4399,62312,2026-06-08,1,no_reason,316.86
4400,62313,2025-07-07,2,defect,504.68
4401,62320,2025-12-21,1,wrong_size,45.86
4402,62344,2026-03-25,2,no_reason,747.03
4403,62359,2026-05-27,1,defect,45.47
4404,62384,2026-04-10,3,wrong_size,880.85
4405,62386,2026-04-06,1,no_reason,288.71
4406,62402,2025-12-31,1,wrong_size,337.45
4407,62414,2025-10-03,2,defect,532.48
4408,62422,2026-03-16,1,not_as_described,290.9
4409,62435,2026-05-31,1,wrong_size,180.95
4410,62449,2026-02-10,1,defect,177.36
4411,62453,2026-02-04,1,defect,246.52
4412,62472,2026-02-28,1,wrong_size,228.49
4413,62475,2025-11-25,2,wrong_size,341.34
4414,62481,2025-10-16,2,not_as_described,718.67
4415,62519,2025-11-29,1,not_as_described,36.1
4416,62536,2026-01-27,1,defect,122.13
4417,62545,2026-06-15,1,defect,373.59
4418,62546,2026-06-20,1,not_as_described,155.75
4419,62556,2026-01-11,1,wrong_size,81.84
4420,62579,2024-09-14,1,not_as_described,189.14
4421,62604,2024-10-22,1,no_reason,60.9
4422,62607,2024-03-13,3,no_reason,865.35
4423,62632,2025-08-05,1,wrong_size,260.35
4424,62636,2024-11-29,1,no_reason,308.81
4425,62640,2025-01-29,2,no_reason,539.18
4426,62641,2025-01-19,1,wrong_size,225.87
4427,62666,2026-01-14,1,wrong_size,211.57
4428,62684,2026-04-29,2,wrong_size,748.94
4429,62727,2026-04-02,1,defect,172.48
4430,62729,2025-12-27,1,wrong_size,395.45
4431,62752,2025-11-12,1,wrong_size,280.45
4432,62764,2024-12-15,2,no_reason,128.36
4433,62769,2024-11-17,2,wrong_size,544.56
4434,62784,2026-02-14,1,wrong_size,326.89
4435,62789,2026-05-11,1,no_reason,168.21
4436,62800,2026-01-29,1,no_reason,351.25
4437,62832,2024-12-17,1,not_as_described,145.38
4438,62844,2024-12-06,1,wrong_size,128.23
4439,62845,2025-09-29,3,no_reason,1312.14
4440,62848,2025-10-03,2,no_reason,933.74
4441,62856,2024-10-07,1,no_reason,287.41
4442,62875,2026-05-26,1,wrong_size,333.18
4443,62876,2026-01-09,2,not_as_described,315.63
4444,62883,2026-04-15,1,defect,257.91
4445,62889,2026-06-13,1,not_as_described,352.82
4446,62897,2026-03-03,1,not_as_described,350.69
4447,62906,2026-01-18,1,defect,194.25
4448,62941,2025-12-27,1,wrong_size,313.19
4449,62973,2026-02-27,1,wrong_size,195.81
4450,63016,2024-02-04,1,not_as_described,15.39
4451,63027,2026-01-07,1,no_reason,288.78
4452,63035,2026-01-29,1,defect,290.99
4453,63048,2026-06-09,1,wrong_size,353.27
4454,63054,2025-12-29,1,defect,117.56
4455,63083,2026-03-17,1,wrong_size,364.47
4456,63097,2025-01-18,1,not_as_described,177.83
4457,63113,2025-10-13,2,no_reason,461.19
4458,63115,2025-10-12,1,defect,27.84
4459,63121,2024-12-13,1,no_reason,249.29
4460,63127,2025-01-01,1,no_reason,233.14
4461,63130,2025-07-27,1,no_reason,131.65
4462,63143,2024-08-01,2,defect,145.14
4463,63144,2024-07-23,2,not_as_described,649.08
4464,63154,2024-10-26,1,not_as_described,307.45
4465,63157,2025-07-06,1,no_reason,411.35
4466,63192,2024-09-29,1,not_as_described,120.58
4467,63201,2026-03-23,1,not_as_described,262.16
4468,63208,2025-06-26,1,no_reason,19.15
4469,63237,2025-05-13,1,no_reason,59.05
4470,63239,2025-05-21,1,defect,306.38
4471,63242,2026-05-14,1,defect,240.3
4472,63250,2026-05-23,1,no_reason,221.12
4473,63255,2026-03-05,1,defect,190.19
4474,63260,2024-11-21,1,not_as_described,230.3
4475,63271,2024-07-26,2,no_reason,103.56
4476,63323,2024-10-29,1,wrong_size,355.59
4477,63331,2025-09-20,1,no_reason,351.95
4478,63335,2026-06-01,1,not_as_described,379.15
4479,63339,2026-05-29,1,defect,65.83
4480,63341,2025-03-22,1,not_as_described,168.68
4481,63351,2026-03-10,1,not_as_described,42.55
4482,63359,2025-12-07,2,not_as_described,747.53
4483,63363,2024-08-09,1,wrong_size,12.83
4484,63388,2026-06-19,1,not_as_described,55.77
4485,63395,2025-11-16,1,defect,387.45
4486,63406,2024-04-20,1,no_reason,215.53
4487,63411,2024-01-30,1,no_reason,379.28
4488,63451,2025-08-27,1,not_as_described,209.64
4489,63477,2025-09-24,1,defect,114.99
4490,63483,2026-03-27,1,no_reason,407.69
4491,63494,2025-07-17,1,defect,70.56
4492,63504,2024-03-02,1,defect,143.94
4493,63519,2024-04-04,1,defect,408.61
4494,63529,2025-07-02,1,defect,136.25
4495,63537,2026-01-10,1,no_reason,227.04
4496,63567,2024-11-06,1,no_reason,219.45
4497,63571,2026-04-07,1,no_reason,404.81
4498,63572,2026-04-02,1,wrong_size,60.25
4499,63623,2026-06-12,2,not_as_described,503.52
4500,63626,2025-07-28,1,wrong_size,203.33
4501,63633,2026-04-25,1,defect,250.31
4502,63648,2026-03-27,2,wrong_size,665.3
4503,63654,2025-09-22,1,no_reason,305.58
4504,63697,2025-11-11,1,defect,399.21
4505,63705,2026-04-14,1,defect,115.23
4506,63758,2026-01-03,1,defect,224.27
4507,63774,2026-01-15,1,not_as_described,125.0
4508,63794,2026-04-15,1,defect,334.27
4509,63816,2026-06-23,1,no_reason,148.97
4510,63840,2026-03-26,3,defect,552.9
4511,63841,2026-04-04,1,not_as_described,88.93
4512,63851,2025-12-21,1,wrong_size,224.69
4513,63858,2026-03-16,3,wrong_size,929.01
4514,63880,2026-05-10,1,no_reason,369.75
4515,63889,2026-05-01,2,defect,469.05
4516,63929,2026-03-15,1,no_reason,10.9
4517,63940,2025-12-25,2,no_reason,252.53
4518,63966,2026-01-23,2,no_reason,289.86
4519,63967,2026-01-09,1,defect,148.42
4520,63972,2026-03-09,1,no_reason,128.8
4521,63973,2026-02-26,1,no_reason,389.83
4522,63978,2026-01-09,1,no_reason,155.03
4523,63979,2026-02-24,1,no_reason,334.7
4524,63981,2025-12-30,1,no_reason,192.84
4525,64005,2026-01-07,1,wrong_size,20.75
4526,64008,2026-05-29,1,not_as_described,186.78
4527,64014,2026-04-15,1,wrong_size,123.31
4528,64024,2026-05-06,1,not_as_described,15.54
4529,64035,2026-06-13,1,wrong_size,152.59
4530,64070,2026-03-15,1,no_reason,38.29
4531,64071,2026-03-08,2,not_as_described,57.97
4532,64082,2026-04-12,2,defect,18.13
4533,64087,2026-03-12,1,wrong_size,370.84
4534,64088,2026-03-21,1,defect,411.26
4535,64120,2026-06-08,1,not_as_described,156.96
4536,64142,2024-03-21,2,defect,497.85
4537,64161,2025-02-06,2,defect,359.99
4538,64173,2025-02-26,1,defect,165.11
4539,64182,2025-12-08,1,defect,186.97
4540,64186,2025-12-22,1,wrong_size,125.38
4541,64189,2024-12-06,1,not_as_described,201.71
4542,64207,2025-05-04,2,not_as_described,429.37
4543,64218,2026-05-30,1,not_as_described,31.08
4544,64236,2026-05-30,1,defect,182.35
4545,64256,2026-04-05,2,wrong_size,225.07
4546,64297,2024-07-28,1,not_as_described,173.07
4547,64309,2026-04-10,1,not_as_described,291.26
4548,64335,2025-03-26,2,defect,205.72
4549,64337,2024-07-23,1,not_as_described,367.32
4550,64345,2025-09-06,3,not_as_described,1291.28
4551,64347,2026-04-30,1,wrong_size,376.87
4552,64354,2026-05-14,1,wrong_size,311.83
4553,64388,2025-10-29,1,defect,218.62
4554,64403,2025-03-09,2,wrong_size,864.52
4555,64404,2024-06-07,1,wrong_size,41.65
4556,64410,2025-03-08,1,defect,239.63
4557,64430,2026-04-19,3,not_as_described,118.47
4558,64447,2026-05-31,1,no_reason,44.32
4559,64455,2026-06-03,1,wrong_size,175.24
4560,64482,2026-04-14,1,defect,143.55
4561,64502,2026-06-07,1,wrong_size,324.86
4562,64518,2026-05-12,1,defect,330.98
4563,64521,2026-03-11,2,no_reason,304.28
4564,64522,2026-03-08,1,not_as_described,290.37
4565,64567,2026-03-28,1,defect,332.9
4566,64573,2026-05-13,1,defect,407.97
4567,64585,2026-04-26,1,no_reason,252.06
4568,64598,2026-04-08,1,defect,248.98
4569,64601,2026-03-15,2,defect,256.42
4570,64603,2026-06-13,1,defect,114.74
4571,64611,2026-02-04,1,wrong_size,303.21
4572,64622,2026-04-12,2,not_as_described,466.31
4573,64625,2026-03-26,2,not_as_described,472.48
4574,64638,2026-06-26,3,no_reason,357.75
4575,64655,2026-04-07,1,no_reason,222.94
4576,64671,2026-03-31,1,wrong_size,331.08
4577,64687,2026-06-12,2,not_as_described,228.68
4578,64701,2025-07-07,1,defect,111.31
4579,64731,2026-01-21,1,defect,373.75
4580,64734,2026-01-06,1,wrong_size,286.97
4581,64741,2025-06-11,1,wrong_size,270.23
4582,64751,2024-11-16,1,not_as_described,301.0
4583,64770,2026-01-02,1,no_reason,212.09
4584,64788,2025-11-27,1,wrong_size,385.53
4585,64789,2026-03-02,1,not_as_described,320.1
4586,64795,2026-03-20,1,no_reason,252.71
4587,64810,2025-10-23,1,wrong_size,342.16
4588,64826,2025-03-16,1,wrong_size,178.04
4589,64829,2026-05-03,1,no_reason,293.79
4590,64873,2025-05-16,3,no_reason,287.64
4591,64889,2025-07-07,1,no_reason,79.07
4592,64897,2026-06-29,1,defect,108.35
4593,64898,2026-06-27,1,defect,299.11
4594,64928,2025-08-15,2,wrong_size,294.35
4595,64935,2025-12-21,2,defect,182.89
4596,64938,2025-09-17,1,defect,259.7
4597,64942,2026-02-03,1,wrong_size,184.92
4598,64947,2026-03-03,1,no_reason,238.3
4599,64949,2026-02-17,2,no_reason,506.44
4600,64975,2026-05-07,1,defect,372.98
4601,64983,2026-06-06,1,wrong_size,317.59
4602,64986,2025-07-24,1,wrong_size,182.8
4603,65006,2025-10-27,1,wrong_size,419.24
4604,65010,2025-09-11,1,wrong_size,181.85
4605,65016,2025-11-17,2,not_as_described,754.08
4606,65026,2025-01-02,1,not_as_described,192.72
4607,65032,2024-02-28,3,wrong_size,1075.5
4608,65042,2026-03-20,3,wrong_size,70.15
4609,65055,2025-09-28,1,no_reason,318.28
4610,65063,2024-10-10,1,defect,150.4
4611,65094,2025-12-10,1,defect,101.51
4612,65103,2025-11-14,1,wrong_size,141.47
4613,65137,2025-11-01,1,wrong_size,47.86
4614,65202,2026-04-19,1,no_reason,305.16
4615,65207,2026-01-11,1,defect,312.16
4616,65215,2026-05-29,2,no_reason,519.14
4617,65235,2026-05-24,1,wrong_size,308.04
4618,65239,2026-06-26,1,not_as_described,300.06
4619,65241,2026-06-27,2,not_as_described,548.67
4620,65245,2026-06-15,1,defect,237.8
4621,65288,2026-06-02,1,no_reason,259.05
4622,65291,2026-05-28,1,wrong_size,442.79
4623,65341,2024-03-17,1,wrong_size,432.01
4624,65364,2026-01-03,1,wrong_size,238.88
4625,65398,2025-11-15,1,no_reason,26.36
4626,65401,2024-12-18,1,defect,51.42
4627,65403,2024-12-12,1,not_as_described,251.17
4628,65420,2026-06-09,1,no_reason,304.06
4629,65433,2025-10-12,1,not_as_described,365.62
4630,65434,2025-10-05,1,not_as_described,124.48
4631,65450,2026-01-03,2,defect,45.99
4632,65457,2026-01-07,1,not_as_described,202.13
4633,65465,2025-10-09,3,defect,723.46
4634,65486,2025-09-16,1,defect,107.95
4635,65494,2025-09-29,3,no_reason,1118.91
4636,65505,2024-05-16,2,wrong_size,672.18
4637,65511,2024-01-21,1,defect,302.23
4638,65519,2025-10-26,1,wrong_size,163.37
4639,65528,2026-04-16,1,defect,345.02
4640,65542,2025-07-10,2,not_as_described,796.02
4641,65547,2026-04-05,1,defect,194.16
4642,65549,2026-04-14,1,wrong_size,208.48
4643,65563,2025-11-19,1,defect,178.9
4644,65572,2025-05-29,1,no_reason,245.23
4645,65581,2025-03-07,1,no_reason,404.39
4646,65586,2025-10-24,1,defect,146.53
4647,65587,2026-01-13,1,defect,196.5
4648,65612,2024-02-04,2,defect,122.08
4649,65619,2026-01-18,1,not_as_described,51.88
4650,65637,2026-06-12,1,wrong_size,355.55
4651,65671,2025-05-06,1,no_reason,459.81
4652,65673,2024-09-08,1,no_reason,211.3
4653,65681,2025-11-25,1,not_as_described,338.91
4654,65708,2025-03-19,3,wrong_size,375.45
4655,65769,2025-09-02,1,defect,163.15
4656,65805,2025-12-31,1,wrong_size,401.21
4657,65813,2025-12-22,1,defect,307.18
4658,65814,2025-12-22,1,defect,33.6
4659,65843,2025-09-22,1,not_as_described,240.09
4660,65857,2025-08-25,3,no_reason,1117.06
4661,65863,2025-08-29,1,no_reason,244.31
4662,65864,2025-08-29,1,defect,349.59
4663,65870,2024-08-19,1,defect,454.3
4664,65885,2026-05-25,1,wrong_size,288.47
4665,65896,2024-07-19,1,not_as_described,277.62
4666,65910,2025-02-23,1,defect,31.66
4667,65928,2024-05-20,1,no_reason,374.4
4668,65929,2024-05-21,1,defect,420.45
4669,65945,2025-02-06,1,wrong_size,413.9
4670,65946,2025-02-11,1,no_reason,254.43
4671,65970,2025-02-18,1,defect,211.03
4672,66002,2026-03-24,1,defect,339.67
4673,66007,2024-06-12,3,defect,482.82
4674,66011,2025-06-18,2,no_reason,37.83
4675,66029,2025-12-10,1,no_reason,329.39
4676,66033,2026-06-17,2,not_as_described,69.75
4677,66034,2024-06-03,1,wrong_size,233.26
4678,66039,2026-05-25,2,defect,595.76
4679,66040,2026-05-27,1,wrong_size,99.95
4680,66060,2026-06-30,1,not_as_described,176.67
4681,66071,2026-01-16,1,wrong_size,162.61
4682,66106,2026-06-22,1,defect,113.02
4683,66114,2024-08-05,1,defect,123.12
4684,66121,2025-04-19,1,no_reason,191.14
4685,66133,2025-08-30,1,no_reason,384.88
4686,66164,2025-10-22,1,wrong_size,274.25
4687,66201,2026-05-24,2,no_reason,740.4
4688,66215,2024-10-15,2,not_as_described,551.34
4689,66225,2025-07-11,2,wrong_size,533.4
4690,66251,2025-11-20,1,not_as_described,18.16
4691,66309,2024-02-09,2,wrong_size,60.37
4692,66327,2025-04-07,1,defect,264.81
4693,66328,2026-03-07,1,defect,121.5
4694,66335,2026-01-22,1,defect,31.36
4695,66336,2026-01-08,2,defect,30.6
4696,66341,2025-06-30,1,defect,68.36
4697,66342,2025-07-03,1,not_as_described,270.83
4698,66353,2024-04-16,1,defect,254.44
4699,66356,2025-06-27,1,wrong_size,397.74
4700,66371,2025-11-15,2,not_as_described,253.4
4701,66388,2024-09-22,1,wrong_size,175.3
4702,66389,2025-11-06,3,defect,328.57
4703,66409,2026-03-12,3,not_as_described,482.46
4704,66410,2026-03-15,1,not_as_described,41.23
4705,66425,2025-10-28,1,defect,149.34
4706,66430,2024-10-22,1,wrong_size,231.67
4707,66438,2024-02-06,1,no_reason,132.89
4708,66445,2024-04-28,1,defect,75.99
4709,66450,2024-12-10,2,no_reason,482.06
4710,66451,2026-01-20,1,not_as_described,139.31
4711,66455,2025-09-26,2,no_reason,524.88
4712,66478,2024-02-13,2,wrong_size,288.88
4713,66513,2025-09-05,1,not_as_described,252.25
4714,66529,2025-12-02,1,wrong_size,59.64
4715,66533,2025-11-11,1,defect,273.03
4716,66559,2026-06-03,1,no_reason,270.5
4717,66572,2026-01-16,1,not_as_described,246.64
4718,66581,2026-02-22,1,wrong_size,240.92
4719,66582,2026-02-22,1,no_reason,300.38
4720,66584,2024-10-03,1,defect,158.24
4721,66586,2024-10-09,1,no_reason,245.12
4722,66608,2024-03-15,1,wrong_size,237.35
4723,66635,2025-09-24,1,defect,372.59
4724,66639,2026-01-13,1,not_as_described,72.02
4725,66659,2024-08-13,2,no_reason,625.72
4726,66670,2025-10-08,1,defect,10.18
4727,66691,2024-12-20,1,wrong_size,228.56
4728,66707,2025-08-06,2,wrong_size,116.32
4729,66732,2025-01-17,1,no_reason,36.93
4730,66733,2025-01-11,1,no_reason,136.97
4731,66734,2025-07-21,1,wrong_size,34.41
4732,66738,2026-05-28,1,not_as_described,242.62
4733,66743,2025-11-03,2,defect,868.3
4734,66750,2024-09-16,1,not_as_described,179.05
4735,66753,2025-03-12,1,defect,74.6
4736,66754,2025-03-03,1,wrong_size,17.35
4737,66770,2024-03-12,1,defect,276.79
4738,66775,2024-06-15,1,not_as_described,305.87
4739,66802,2024-12-31,1,no_reason,267.88
4740,66814,2025-01-12,1,not_as_described,148.76
4741,66816,2025-01-11,1,wrong_size,286.25
4742,66817,2025-01-22,2,defect,299.19
4743,66865,2025-12-31,2,defect,248.78
4744,66868,2025-06-17,1,no_reason,307.11
4745,66878,2025-07-28,1,defect,161.77
4746,66885,2024-10-21,1,not_as_described,292.25
4747,66895,2025-12-27,1,no_reason,178.31
4748,66896,2025-12-29,2,not_as_described,451.1
4749,66912,2024-08-16,1,wrong_size,355.41
4750,66927,2025-11-13,1,wrong_size,350.45
4751,66947,2024-12-04,2,wrong_size,268.74
4752,66949,2024-12-11,1,wrong_size,45.97
4753,66960,2024-06-22,1,wrong_size,366.26
4754,66987,2026-06-12,1,defect,28.13
4755,66989,2026-06-05,1,wrong_size,177.7
4756,66993,2024-04-12,2,not_as_described,335.54
4757,67006,2025-08-14,1,not_as_described,81.95
4758,67019,2025-12-24,2,no_reason,682.92
4759,67020,2025-12-25,2,no_reason,750.76
4760,67027,2024-11-29,1,not_as_described,244.82
4761,67036,2025-04-29,1,wrong_size,361.21
4762,67059,2024-10-20,1,defect,424.65
4763,67060,2024-10-12,1,defect,56.59
4764,67079,2025-10-10,1,defect,15.6
4765,67085,2025-09-08,1,defect,167.42
4766,67102,2024-09-19,1,no_reason,174.34
4767,67108,2024-06-18,1,defect,196.35
4768,67115,2025-11-24,1,not_as_described,174.01
4769,67116,2025-12-06,1,defect,353.77
4770,67151,2025-10-17,1,no_reason,162.43
4771,67166,2025-12-29,1,not_as_described,268.92
4772,67179,2025-07-15,1,not_as_described,13.97
4773,67192,2024-03-15,1,wrong_size,299.11
4774,67219,2024-12-08,1,not_as_described,340.54
4775,67235,2025-10-11,1,not_as_described,135.54
4776,67246,2024-05-28,2,not_as_described,533.44
4777,67295,2025-05-05,1,defect,415.63
4778,67304,2024-12-27,2,not_as_described,394.94
4779,67322,2025-12-24,1,wrong_size,15.1
4780,67337,2025-12-14,1,not_as_described,354.18
4781,67339,2025-10-22,2,wrong_size,690.56
4782,67341,2024-09-03,1,defect,194.85
4783,67342,2025-12-06,1,defect,349.22
4784,67351,2024-04-08,2,defect,434.26
4785,67360,2025-11-13,1,defect,26.5
4786,67370,2025-09-18,1,not_as_described,108.82
4787,67375,2025-08-12,3,wrong_size,901.47
4788,67381,2026-03-16,2,not_as_described,273.0
4789,67391,2025-12-30,1,no_reason,309.29
4790,67398,2025-05-11,1,not_as_described,236.66
4791,67416,2024-07-22,1,no_reason,18.42
4792,67434,2025-09-30,1,not_as_described,351.74
4793,67436,2025-10-09,1,wrong_size,111.73
4794,67461,2026-02-27,1,wrong_size,330.03
4795,67464,2025-07-18,1,defect,407.32
4796,67480,2025-06-10,2,wrong_size,423.92
4797,67492,2025-02-03,2,not_as_described,26.39
4798,67496,2026-06-04,1,defect,32.79
4799,67508,2026-04-29,1,no_reason,277.06
4800,67526,2024-06-28,1,wrong_size,379.55
4801,67527,2024-07-05,1,wrong_size,94.22
4802,67550,2025-06-22,2,not_as_described,33.22
4803,67574,2025-09-26,1,wrong_size,276.21
4804,67592,2026-06-04,1,defect,181.94
4805,67600,2026-03-26,1,not_as_described,274.17
4806,67615,2025-11-26,1,not_as_described,170.87
4807,67618,2025-12-26,3,defect,682.49
4808,67624,2026-04-24,1,defect,157.1
4809,67668,2025-03-24,1,not_as_described,153.81
4810,67671,2025-06-13,1,wrong_size,45.28
4811,67687,2024-02-22,3,wrong_size,1276.41
4812,67723,2025-12-30,1,wrong_size,260.67
4813,67736,2025-04-26,1,defect,204.43
4814,67743,2026-04-04,1,wrong_size,159.16
4815,67752,2025-01-07,1,wrong_size,335.78
4816,67755,2026-02-25,1,wrong_size,400.35
4817,67783,2026-05-23,2,wrong_size,516.88
4818,67786,2026-02-09,1,wrong_size,320.22
4819,67793,2025-12-07,2,defect,492.71
4820,67802,2024-12-12,1,no_reason,246.73
4821,67806,2026-05-18,1,wrong_size,34.32
4822,67828,2025-10-25,1,no_reason,170.3
4823,67893,2025-07-19,1,no_reason,316.23
4824,67920,2024-09-14,1,wrong_size,331.08
4825,67927,2026-01-01,1,not_as_described,379.69
4826,67937,2025-12-28,1,wrong_size,143.78
4827,67943,2024-10-29,2,no_reason,440.23
4828,67945,2024-11-03,2,wrong_size,482.76
4829,67946,2025-12-28,1,no_reason,130.12
4830,67951,2024-11-20,1,defect,131.95
4831,67988,2026-05-04,2,wrong_size,700.94
4832,68001,2025-07-27,2,wrong_size,82.9
4833,68003,2025-01-13,1,no_reason,259.38
4834,68020,2026-06-19,2,no_reason,408.3
4835,68027,2026-03-29,1,defect,297.68
4836,68062,2026-03-27,3,no_reason,1288.11
4837,68069,2026-06-07,1,wrong_size,316.09
4838,68072,2025-12-23,1,wrong_size,318.84
4839,68077,2026-01-11,1,defect,381.83
4840,68117,2026-01-30,1,wrong_size,15.95
4841,68128,2026-03-25,1,wrong_size,287.85
4842,68150,2026-02-03,2,wrong_size,764.88
4843,68152,2026-01-26,1,not_as_described,348.37
4844,68171,2025-12-24,1,defect,249.85
4845,68172,2025-11-28,1,wrong_size,262.76
4846,68178,2026-01-13,3,defect,843.03
4847,68190,2025-11-24,1,not_as_described,216.02
4848,68234,2025-11-29,2,defect,738.91
4849,68236,2026-05-22,1,not_as_described,87.39
4850,68326,2026-03-07,1,not_as_described,176.92
4851,68351,2026-04-11,1,wrong_size,212.62
4852,68363,2025-11-25,1,defect,248.11
4853,68381,2025-12-17,1,defect,347.21
4854,68391,2025-05-11,2,no_reason,337.35
4855,68405,2024-12-28,1,defect,409.89
4856,68419,2026-03-03,1,not_as_described,245.69
4857,68447,2026-05-06,1,defect,106.42
4858,68484,2026-06-27,1,wrong_size,141.74
4859,68500,2026-01-22,1,defect,11.15
4860,68530,2026-04-09,3,not_as_described,554.85
4861,68555,2026-06-06,1,not_as_described,210.07
4862,68562,2026-02-15,1,defect,306.38
4863,68573,2026-01-07,1,defect,251.27
4864,68595,2026-03-05,1,defect,239.1
4865,68608,2026-03-22,1,no_reason,373.0
4866,68612,2026-03-21,2,defect,401.18
4867,68630,2026-01-03,2,wrong_size,479.35
4868,68633,2026-01-14,2,defect,125.9
4869,68656,2026-01-06,1,no_reason,8.02
4870,68694,2026-03-04,1,defect,199.62
4871,68716,2025-12-29,1,not_as_described,235.46
4872,68725,2026-03-27,2,defect,290.43
4873,68732,2026-04-05,1,no_reason,87.1
4874,68736,2026-04-09,2,defect,528.42
4875,68741,2026-04-27,2,no_reason,284.2
4876,68746,2026-03-04,1,wrong_size,263.31
4877,68759,2026-06-15,1,defect,16.14
4878,68760,2026-06-06,2,not_as_described,628.94
4879,68773,2026-05-23,1,wrong_size,218.62
4880,68779,2026-01-20,1,not_as_described,248.52
4881,68829,2026-04-15,1,not_as_described,166.28
4882,68847,2026-04-18,1,defect,312.72
4883,68871,2026-04-26,3,wrong_size,92.91
4884,68887,2026-06-11,1,no_reason,200.0
4885,68921,2026-01-16,1,wrong_size,233.42
4886,68934,2025-12-29,1,defect,337.99
4887,68963,2026-01-09,1,wrong_size,41.29
4888,68977,2026-04-30,2,defect,755.88
4889,69011,2026-03-04,1,wrong_size,227.21
4890,69013,2026-03-12,2,wrong_size,254.6
4891,69022,2026-06-18,3,defect,541.44
4892,69023,2026-06-24,2,wrong_size,607.52
4893,69026,2026-03-31,2,no_reason,388.07
4894,69036,2026-05-09,2,defect,94.87
4895,69079,2026-05-02,1,wrong_size,240.22
4896,69145,2026-02-23,1,wrong_size,257.71
4897,69153,2026-05-28,1,defect,170.44
4898,69198,2026-01-23,1,not_as_described,354.55
4899,69205,2025-12-27,2,defect,92.74
4900,69208,2026-01-01,2,wrong_size,308.21
4901,69224,2026-01-26,1,wrong_size,131.61
4902,69277,2026-05-14,1,defect,152.91
4903,69279,2026-04-03,1,wrong_size,442.44
4904,69289,2026-05-16,2,wrong_size,601.16
4905,69301,2026-06-14,1,wrong_size,378.76
4906,69313,2026-02-11,1,wrong_size,113.91
4907,69333,2026-05-05,1,not_as_described,172.9
4908,69342,2026-06-27,1,wrong_size,349.35
4909,69368,2026-05-20,1,not_as_described,256.39
4910,69376,2026-02-13,1,wrong_size,40.55
4911,69390,2026-03-31,1,defect,355.84
4912,69394,2026-06-14,1,wrong_size,449.87
4913,69400,2026-06-08,1,defect,359.47
4914,69420,2026-06-06,1,no_reason,265.0
4915,69449,2026-05-31,1,wrong_size,282.49
4916,69458,2026-05-03,2,wrong_size,767.87
4917,69465,2026-04-23,3,defect,287.64
4918,69467,2026-04-26,1,defect,352.25
4919,69470,2026-01-30,1,not_as_described,364.17
4920,69484,2026-06-06,1,wrong_size,69.97
4921,69502,2026-06-11,1,no_reason,183.87
4922,69506,2026-04-26,1,defect,222.13
4923,69513,2026-03-22,1,defect,257.25
4924,69515,2026-05-22,2,not_as_described,631.38
4925,69525,2026-06-10,1,defect,320.41
4926,69545,2026-02-27,1,no_reason,25.12
4927,69553,2026-03-22,2,no_reason,555.58
4928,69555,2026-06-25,2,no_reason,479.64
4929,69556,2026-06-22,1,defect,128.69
4930,69610,2026-03-03,1,not_as_described,318.51
4931,69619,2026-06-15,1,defect,300.29
4932,69630,2026-06-15,1,defect,122.75
4933,69645,2026-05-05,1,not_as_described,224.18
4934,69655,2026-01-15,1,no_reason,59.03
4935,69659,2026-01-05,1,not_as_described,288.61
4936,69669,2026-03-30,2,defect,489.06
4937,69675,2026-04-20,1,defect,260.15
4938,69682,2026-06-20,1,wrong_size,319.61
4939,69691,2026-06-06,1,no_reason,405.28
4940,69718,2026-01-14,1,defect,112.87
4941,69724,2026-05-17,1,wrong_size,356.88
4942,69725,2025-12-31,1,defect,328.2
4943,69729,2026-06-24,2,not_as_described,912.96
4944,69735,2026-01-19,2,wrong_size,666.18
4945,69756,2025-12-21,1,not_as_described,132.12
4946,69757,2025-12-16,1,wrong_size,363.9
4947,69769,2026-06-07,1,defect,127.38
4948,69780,2026-02-14,3,no_reason,439.08
4949,69782,2026-04-30,1,defect,238.2
4950,69785,2026-01-15,1,no_reason,74.22
4951,69788,2026-02-22,1,not_as_described,290.69
4952,69793,2026-05-23,1,no_reason,179.51
4953,69812,2025-12-18,1,defect,277.51
4954,69849,2026-03-26,1,not_as_described,309.59
4955,69904,2026-06-28,1,wrong_size,156.05
4956,69927,2026-03-07,1,no_reason,409.64
4957,69928,2026-02-26,1,wrong_size,327.33
4958,69929,2026-02-26,1,not_as_described,301.77
4959,69938,2026-02-06,2,wrong_size,331.58
4960,69945,2026-02-15,1,defect,332.32
4961,69977,2026-03-04,1,defect,393.12
4962,69996,2026-01-04,1,not_as_described,33.28
4963,70025,2026-03-28,2,wrong_size,80.86
4964,70030,2026-02-20,1,wrong_size,343.04
4965,70042,2026-03-26,1,defect,424.81
4966,70054,2026-01-30,1,not_as_described,201.31
4967,70056,2026-02-20,1,wrong_size,267.78
4968,70071,2026-06-19,1,wrong_size,293.6
4969,70098,2026-03-25,1,wrong_size,278.22
4970,70106,2026-06-13,1,defect,174.4
4971,70182,2026-06-27,1,wrong_size,138.43
4972,70200,2026-05-13,1,not_as_described,381.17
4973,70214,2026-03-20,2,wrong_size,892.68
4974,70234,2026-03-15,1,wrong_size,269.0
4975,70262,2026-01-27,1,no_reason,334.22
4976,70265,2026-04-19,1,not_as_described,411.2
4977,70271,2026-05-12,1,defect,173.49
4978,70293,2026-04-08,2,defect,210.78
4979,70328,2025-12-28,1,no_reason,110.12
4980,70337,2026-01-30,1,not_as_described,346.29
4981,70357,2025-12-16,1,defect,313.05
4982,70364,2025-08-14,1,not_as_described,42.17
4983,70393,2025-10-17,2,defect,809.82
4984,70414,2024-10-21,1,wrong_size,184.06
4985,70438,2025-05-10,1,defect,365.19
4986,70486,2026-03-08,1,defect,156.98
4987,70500,2026-03-27,1,wrong_size,169.87
4988,70518,2025-04-30,1,no_reason,395.83
4989,70523,2025-04-04,1,not_as_described,328.91
4990,70542,2026-05-18,1,not_as_described,39.82
4991,70553,2025-05-29,1,not_as_described,347.47
4992,70574,2025-12-07,1,defect,223.92
4993,70580,2024-04-18,1,wrong_size,125.44
4994,70588,2025-07-06,1,wrong_size,339.92
4995,70653,2025-05-05,1,defect,205.69
4996,70660,2024-07-23,2,no_reason,646.42
4997,70668,2026-04-16,1,defect,87.62
4998,70670,2026-04-15,1,no_reason,290.12
4999,70679,2024-08-25,1,not_as_described,275.19
5000,70680,2024-08-26,1,wrong_size,368.88
5001,70707,2025-08-31,1,no_reason,352.65
5002,70710,2025-11-20,1,not_as_described,215.67
5003,70722,2026-04-03,1,not_as_described,210.96
5004,70741,2025-12-11,1,defect,25.81
5005,70768,2026-06-02,1,wrong_size,413.15
5006,70779,2026-04-27,1,defect,119.33
5007,70795,2025-09-17,2,not_as_described,166.24
5008,70814,2026-06-30,2,wrong_size,20.3
5009,70834,2025-11-11,2,wrong_size,514.17
5010,70843,2025-07-05,1,not_as_described,300.63
5011,70849,2025-04-16,1,not_as_described,332.61
5012,70857,2025-11-19,1,not_as_described,297.27
5013,70863,2025-12-18,1,not_as_described,247.86
5014,70867,2026-02-06,2,defect,204.55
5015,70871,2025-06-13,1,wrong_size,164.57
5016,70876,2026-03-24,1,defect,279.67
5017,70879,2026-06-19,1,not_as_described,34.21
5018,70892,2026-01-19,2,defect,143.8
5019,70895,2026-06-18,1,not_as_described,242.03
5020,70899,2024-01-26,1,wrong_size,339.68
5021,70918,2025-06-01,1,no_reason,153.39
5022,70935,2025-07-12,1,wrong_size,213.61
5023,70940,2025-12-23,1,defect,190.45
5024,70942,2025-12-30,1,not_as_described,228.02
5025,70952,2026-03-29,2,defect,332.01
5026,70959,2025-03-15,1,wrong_size,115.8
5027,70964,2025-02-08,2,wrong_size,745.52
5028,71002,2026-04-20,1,wrong_size,148.92
5029,71015,2026-01-17,2,wrong_size,660.39
5030,71054,2025-06-09,1,defect,112.33
5031,71072,2025-01-09,1,defect,130.61
5032,71094,2025-08-18,1,defect,37.83
5033,71106,2025-09-24,1,no_reason,217.58
5034,71115,2026-06-09,1,defect,421.42
5035,71130,2025-11-21,1,not_as_described,203.56
5036,71150,2026-06-26,1,no_reason,30.94
5037,71156,2025-11-23,1,not_as_described,15.95
5038,71162,2025-12-08,1,defect,46.45
5039,71164,2025-12-05,1,not_as_described,174.98
5040,71178,2026-02-22,1,defect,9.31
5041,71184,2025-09-02,1,wrong_size,375.19
5042,71192,2025-07-16,1,defect,263.9
5043,71210,2026-05-19,1,no_reason,340.57
5044,71221,2026-02-10,3,defect,742.51
5045,71224,2026-02-21,1,wrong_size,402.95
5046,71226,2025-06-27,2,wrong_size,555.64
5047,71254,2024-02-07,3,not_as_described,659.16
5048,71282,2025-12-01,1,not_as_described,177.35
5049,71304,2025-09-12,2,defect,348.09
5050,71318,2024-11-20,1,not_as_described,340.54
5051,71321,2025-11-19,1,not_as_described,275.53
5052,71327,2025-09-27,2,not_as_described,595.63
5053,71329,2025-06-28,1,no_reason,293.49
5054,71332,2024-08-31,1,defect,78.8
5055,71349,2024-12-02,1,no_reason,298.26
5056,71359,2025-12-28,2,defect,603.06
5057,71361,2025-07-07,2,no_reason,545.62
5058,71411,2026-05-11,1,defect,101.83
5059,71415,2026-05-03,1,wrong_size,241.55
5060,71417,2026-05-21,1,defect,255.27
5061,71439,2026-06-10,1,wrong_size,248.06
5062,71470,2024-07-14,1,wrong_size,381.39
5063,71477,2026-02-08,1,defect,42.29
5064,71495,2026-02-08,1,wrong_size,253.43
5065,71506,2026-06-03,1,no_reason,133.03
5066,71509,2025-12-01,1,no_reason,200.72
5067,71531,2024-12-23,1,defect,219.3
5068,71535,2024-11-20,1,defect,322.79
5069,71540,2024-11-01,2,wrong_size,34.24
5070,71543,2026-01-20,2,defect,529.34
5071,71544,2026-02-11,2,no_reason,503.16
5072,71545,2026-01-30,1,no_reason,288.02
5073,71555,2024-10-10,1,no_reason,393.23
5074,71570,2026-04-04,1,wrong_size,203.69
5075,71581,2026-06-07,3,defect,1126.11
5076,71667,2025-05-24,1,no_reason,32.15
5077,71749,2025-11-08,1,defect,13.88
5078,71784,2026-01-13,1,wrong_size,52.25
5079,71810,2026-05-20,1,defect,216.87
5080,71814,2025-12-01,1,wrong_size,376.9
5081,71826,2025-10-08,2,not_as_described,508.93
5082,71849,2026-04-05,1,wrong_size,296.14
5083,71857,2026-05-05,1,defect,394.96
5084,71858,2026-05-03,2,no_reason,793.46
5085,71861,2026-05-25,1,no_reason,188.47
5086,71870,2026-03-13,1,wrong_size,23.66
5087,71880,2025-12-04,1,not_as_described,138.06
5088,71897,2025-12-05,1,wrong_size,411.44
5089,71900,2025-07-24,1,no_reason,264.43
5090,71911,2024-12-29,1,wrong_size,66.43
5091,71913,2025-10-31,1,not_as_described,224.59
5092,71917,2025-12-13,1,not_as_described,6.9
5093,71918,2025-02-15,2,not_as_described,450.26
5094,71952,2026-01-22,3,not_as_described,784.23
5095,71965,2025-11-24,1,no_reason,92.16
5096,71966,2025-11-12,2,no_reason,420.39
5097,71971,2024-10-02,1,not_as_described,63.74
5098,71979,2026-05-10,1,not_as_described,237.84
5099,71999,2024-07-15,1,wrong_size,346.53
5100,72039,2025-06-23,3,not_as_described,1255.91
5101,72073,2026-06-09,2,not_as_described,48.77
5102,72076,2026-05-07,1,defect,361.79
5103,72091,2025-10-18,1,wrong_size,104.3
5104,72092,2025-10-21,1,wrong_size,399.86
5105,72108,2024-09-12,2,not_as_described,670.47
5106,72142,2025-10-22,1,wrong_size,415.36
5107,72150,2026-06-04,1,defect,338.69
5108,72159,2026-03-21,1,no_reason,184.87
5109,72167,2025-08-11,1,no_reason,184.05
5110,72189,2025-02-13,1,no_reason,120.1
5111,72197,2025-09-12,3,not_as_described,624.21
5112,72216,2025-02-22,2,defect,713.3
5113,72225,2026-02-10,2,defect,128.6
5114,72268,2026-06-25,1,no_reason,247.91
5115,72298,2025-10-29,1,defect,357.11
5116,72299,2024-08-22,2,no_reason,683.12
5117,72307,2026-04-07,2,not_as_described,25.17
5118,72341,2025-12-04,1,wrong_size,361.25
5119,72349,2026-01-14,3,defect,306.45
5120,72379,2025-12-24,1,defect,187.92
5121,72384,2025-05-08,1,no_reason,106.87
5122,72399,2026-01-19,1,wrong_size,43.03
5123,72427,2026-03-03,1,defect,458.17
5124,72443,2025-07-08,1,no_reason,211.84
5125,72470,2026-06-04,1,wrong_size,351.31
5126,72498,2026-02-26,2,wrong_size,273.82
5127,72503,2026-03-29,3,defect,1223.54
5128,72526,2024-12-25,1,wrong_size,176.96
5129,72538,2026-02-06,1,no_reason,241.98
5130,72551,2026-02-23,1,not_as_described,122.84
5131,72558,2025-05-03,1,no_reason,274.29
5132,72577,2025-02-28,1,wrong_size,163.91
5133,72580,2025-04-10,1,defect,276.44
5134,72622,2025-10-24,1,defect,191.34
5135,72636,2025-07-22,3,not_as_described,716.13
5136,72655,2025-11-13,1,not_as_described,432.84
5137,72658,2025-12-01,1,wrong_size,374.57
5138,72660,2026-04-02,1,no_reason,282.17
5139,72661,2026-03-22,3,wrong_size,221.05
5140,72679,2025-08-18,1,wrong_size,351.6
5141,72693,2025-12-16,2,wrong_size,630.05
5142,72731,2025-02-07,3,wrong_size,1135.75
5143,72739,2025-01-17,2,not_as_described,349.69
5144,72744,2024-11-08,2,wrong_size,22.82
5145,72746,2025-01-04,1,no_reason,139.58
5146,72747,2024-12-24,2,wrong_size,780.05
5147,72763,2025-05-08,2,not_as_described,497.18
5148,72769,2024-08-08,2,wrong_size,402.97
5149,72780,2025-08-19,1,defect,280.17
5150,72795,2026-01-26,1,wrong_size,277.94
5151,72818,2026-02-28,1,defect,310.08
5152,72848,2025-08-05,1,wrong_size,273.94
5153,72857,2026-01-16,1,defect,167.96
5154,72859,2025-09-13,1,wrong_size,183.13
5155,72883,2024-11-16,1,not_as_described,228.35
5156,72884,2025-12-10,1,wrong_size,420.38
5157,72896,2025-01-03,1,not_as_described,382.84
5158,72897,2025-01-09,1,defect,251.07
5159,72905,2025-11-22,1,no_reason,342.46
5160,72938,2025-07-07,1,no_reason,279.91
5161,72942,2025-11-28,2,wrong_size,142.49
5162,72949,2026-01-08,1,wrong_size,250.81
5163,72952,2026-04-30,1,not_as_described,9.47
5164,72955,2026-05-13,1,no_reason,408.03
5165,72961,2026-01-16,1,defect,426.62
5166,72963,2026-01-16,1,wrong_size,117.64
5167,72981,2026-06-30,2,defect,682.68
5168,72999,2026-02-14,3,no_reason,1301.94
5169,73016,2024-10-17,2,not_as_described,23.78
5170,73031,2026-03-12,1,no_reason,194.52
5171,73037,2026-05-10,1,wrong_size,166.87
5172,73038,2026-05-14,1,not_as_described,214.97
5173,73041,2026-06-11,1,no_reason,162.45
5174,73047,2026-04-14,1,wrong_size,118.57
5175,73070,2025-06-14,1,wrong_size,346.36
5176,73071,2025-06-05,1,wrong_size,67.51
5177,73085,2025-05-02,1,wrong_size,305.03
5178,73104,2025-12-24,1,wrong_size,347.83
5179,73118,2026-01-27,1,defect,42.77
5180,73120,2026-01-20,1,defect,405.71
5181,73155,2025-02-11,1,wrong_size,43.55
5182,73161,2025-10-27,2,wrong_size,736.86
5183,73162,2025-01-12,2,no_reason,289.65
5184,73163,2025-01-07,1,no_reason,466.71
5185,73164,2025-01-19,2,wrong_size,208.16
5186,73201,2025-12-16,1,not_as_described,243.07
5187,73227,2026-06-01,1,wrong_size,397.12
5188,73268,2026-05-27,1,wrong_size,118.8
5189,73269,2026-06-22,1,wrong_size,272.7
5190,73313,2025-02-14,1,no_reason,11.32
5191,73327,2025-12-18,1,wrong_size,93.68
5192,73339,2026-05-12,1,defect,99.77
5193,73347,2024-09-07,1,no_reason,303.42
5194,73348,2024-09-01,1,defect,231.25
5195,73357,2024-01-21,1,defect,242.79
5196,73378,2025-01-20,1,not_as_described,297.65
5197,73395,2025-12-24,2,wrong_size,67.9
5198,73403,2025-09-15,2,defect,717.32
5199,73423,2026-02-15,2,wrong_size,70.84
5200,73432,2025-02-11,1,wrong_size,267.29
5201,73477,2024-12-19,3,wrong_size,860.34
5202,73482,2025-01-19,1,no_reason,182.68
5203,73484,2026-03-02,2,not_as_described,383.88
5204,73485,2026-02-24,2,wrong_size,767.54
5205,73494,2024-11-03,3,not_as_described,85.23
5206,73504,2025-12-20,1,no_reason,339.68
5207,73522,2025-03-14,1,wrong_size,288.1
5208,73539,2026-03-05,1,defect,210.6
5209,73544,2025-04-11,1,wrong_size,326.98
5210,73562,2025-12-10,1,defect,254.26
5211,73611,2026-01-04,2,defect,509.39
5212,73643,2026-06-09,1,wrong_size,392.94
5213,73668,2025-06-12,1,no_reason,410.07
5214,73672,2025-12-06,1,defect,114.67
5215,73674,2025-12-01,1,defect,10.75
5216,73682,2026-05-11,1,wrong_size,386.3
5217,73698,2026-02-27,1,defect,241.78
5218,73726,2026-01-01,1,not_as_described,137.42
5219,73763,2026-01-23,1,wrong_size,20.32
5220,73774,2025-11-19,1,wrong_size,128.07
5221,73776,2026-01-29,2,defect,696.34
5222,73783,2026-03-08,1,defect,116.3
5223,73796,2026-02-17,2,not_as_described,727.62
5224,73804,2025-12-27,1,not_as_described,379.84
5225,73809,2025-01-17,1,wrong_size,118.81
5226,73851,2026-03-19,1,not_as_described,21.32
5227,73852,2025-05-28,3,wrong_size,1044.57
5228,73855,2025-05-08,1,no_reason,269.17
5229,73867,2025-08-18,1,wrong_size,378.46
5230,73876,2026-04-03,1,defect,196.2
5231,73885,2026-02-24,2,no_reason,210.5
5232,73903,2025-07-27,3,wrong_size,28.05
5233,73938,2025-09-25,1,wrong_size,276.25
5234,73941,2026-03-30,1,wrong_size,381.89
5235,73943,2026-04-06,1,defect,386.76
5236,73944,2025-10-25,2,wrong_size,664.92
5237,73946,2026-03-23,1,wrong_size,135.97
5238,73977,2025-11-15,1,no_reason,180.31
5239,73989,2026-01-20,1,not_as_described,354.14
5240,74022,2026-03-13,1,not_as_described,279.11
5241,74065,2026-03-02,1,defect,434.39
5242,74083,2026-01-26,1,not_as_described,120.33
5243,74102,2026-02-09,2,wrong_size,503.11
5244,74107,2024-11-25,1,wrong_size,243.48
5245,74115,2025-10-13,1,no_reason,317.64
5246,74116,2025-10-16,1,no_reason,321.47
5247,74126,2026-04-08,3,wrong_size,1086.21
5248,74151,2024-07-28,2,no_reason,593.8
5249,74185,2024-08-11,2,no_reason,773.8
5250,74186,2025-08-26,1,defect,195.9
5251,74201,2024-09-10,1,not_as_described,384.84
5252,74202,2024-09-03,1,wrong_size,290.94
5253,74253,2025-12-17,2,defect,235.8
5254,74281,2024-04-18,2,not_as_described,632.94
5255,74292,2024-12-27,2,no_reason,78.18
5256,74306,2026-03-02,1,not_as_described,205.62
5257,74310,2025-11-09,3,wrong_size,1306.71
5258,74311,2025-11-02,1,not_as_described,343.56
5259,74320,2024-04-09,2,defect,431.22
5260,74333,2025-11-17,2,no_reason,193.36
5261,74339,2025-07-12,1,defect,15.43
5262,74345,2026-01-07,1,wrong_size,360.88
5263,74353,2024-11-27,3,defect,976.87
5264,74356,2025-01-18,3,defect,1158.55
5265,74366,2025-06-12,2,not_as_described,516.34
5266,74398,2025-11-30,1,no_reason,303.8
5267,74406,2025-08-07,1,not_as_described,407.36
5268,74444,2025-12-27,1,not_as_described,292.98
5269,74498,2026-03-28,2,no_reason,587.73
5270,74499,2026-04-28,1,no_reason,342.84
5271,74524,2024-12-06,1,not_as_described,113.07
5272,74557,2024-10-24,1,defect,285.51
5273,74583,2026-02-01,1,wrong_size,232.9
5274,74591,2026-01-17,2,wrong_size,636.8
5275,74594,2025-06-29,1,wrong_size,315.02
5276,74607,2026-05-21,2,wrong_size,307.51
5277,74615,2024-10-18,2,wrong_size,319.58
5278,74636,2026-03-09,1,defect,421.49
5279,74648,2025-04-27,1,defect,234.93
5280,74649,2025-04-23,1,defect,239.04
5281,74673,2026-05-01,1,wrong_size,9.92
5282,74675,2025-12-10,1,not_as_described,171.12
5283,74683,2025-10-15,1,wrong_size,293.08
5284,74684,2025-10-04,3,no_reason,232.61
5285,74688,2025-11-07,1,no_reason,393.77
5286,74692,2025-11-15,1,wrong_size,298.84
5287,74697,2026-04-29,2,wrong_size,530.13
5288,74699,2025-04-14,1,wrong_size,316.55
5289,74704,2025-10-30,1,wrong_size,143.98
5290,74713,2025-10-08,1,no_reason,161.86
5291,74714,2025-10-10,1,defect,230.52
5292,74732,2025-12-28,1,defect,242.0
5293,74797,2025-10-23,2,no_reason,662.34
5294,74859,2025-11-21,1,not_as_described,382.24
5295,74862,2025-12-08,1,wrong_size,318.63
5296,74873,2026-05-20,2,no_reason,75.28
5297,74883,2026-02-16,2,defect,340.44
5298,74901,2026-01-17,2,wrong_size,754.9
5299,74915,2026-01-16,1,defect,209.2
5300,74932,2026-02-15,1,wrong_size,45.35
5301,74933,2026-03-14,1,defect,142.39
5302,74963,2026-02-08,1,not_as_described,285.36
5303,74986,2025-12-20,2,wrong_size,520.6
5304,75043,2025-10-31,1,wrong_size,384.6
5305,75045,2026-04-15,1,not_as_described,134.17
5306,75058,2025-10-06,3,no_reason,919.84
5307,75075,2024-11-17,1,wrong_size,363.05
5308,75088,2026-02-25,2,not_as_described,27.12
5309,75103,2026-02-08,1,no_reason,282.71
5310,75119,2026-01-04,2,no_reason,467.72
5311,75132,2025-04-28,1,wrong_size,237.11
5312,75135,2025-04-13,1,defect,163.6
5313,75197,2025-11-25,1,defect,419.7
5314,75199,2024-11-06,1,defect,139.66
5315,75205,2025-09-06,1,no_reason,173.42
5316,75224,2025-11-18,1,wrong_size,371.92
5317,75255,2026-06-22,1,no_reason,137.64
5318,75277,2025-07-29,1,defect,122.46
5319,75285,2024-03-07,1,wrong_size,309.23
5320,75298,2025-12-15,1,not_as_described,335.55
5321,75304,2025-06-30,1,defect,114.94
5322,75311,2025-08-24,1,no_reason,391.57
5323,75316,2025-11-21,1,not_as_described,339.87
5324,75333,2025-05-10,1,defect,286.61
5325,75336,2026-04-22,1,defect,309.01
5326,75343,2026-02-03,1,no_reason,75.72
5327,75346,2025-06-06,1,no_reason,431.32
5328,75354,2025-11-03,2,no_reason,49.66
5329,75357,2025-12-23,1,wrong_size,113.99
5330,75376,2025-01-30,2,not_as_described,81.22
5331,75387,2024-11-25,1,no_reason,298.99
5332,75398,2024-06-24,1,not_as_described,290.43
5333,75404,2024-11-25,1,no_reason,227.75
5334,75413,2024-03-29,1,wrong_size,216.63
5335,75414,2024-03-29,1,defect,432.33
5336,75417,2024-10-12,3,no_reason,1247.07
5337,75418,2026-01-27,1,defect,280.0
5338,75431,2026-03-08,3,wrong_size,704.13
5339,75454,2025-11-10,1,defect,189.13
5340,75457,2026-04-18,1,no_reason,348.16
5341,75458,2025-05-26,1,wrong_size,216.9
5342,75461,2025-08-22,1,not_as_described,351.76
5343,75472,2025-10-27,1,defect,417.38
5344,75517,2025-05-02,3,not_as_described,734.4
5345,75522,2025-09-03,1,defect,371.45
5346,75523,2025-09-03,2,not_as_described,205.59
5347,75623,2026-05-04,1,wrong_size,61.36
5348,75643,2026-02-26,1,wrong_size,295.27
5349,75646,2025-05-24,1,wrong_size,174.11
5350,75664,2025-10-11,2,defect,495.0
5351,75665,2025-10-18,1,wrong_size,320.9
5352,75673,2025-08-29,1,defect,250.77
5353,75676,2026-01-07,2,defect,514.0
5354,75679,2026-01-27,1,no_reason,266.19
5355,75730,2025-11-04,1,wrong_size,223.8
5356,75731,2025-11-17,2,no_reason,67.32
5357,75741,2025-09-15,2,wrong_size,310.92
5358,75756,2025-10-31,1,wrong_size,44.84
5359,75759,2025-09-12,1,defect,193.14
5360,75769,2026-06-29,1,wrong_size,17.84
5361,75787,2026-06-19,1,defect,209.3
5362,75791,2026-05-27,1,defect,306.76
5363,75803,2025-10-29,2,no_reason,532.42
5364,75805,2026-04-14,1,wrong_size,123.74
5365,75816,2025-10-30,1,defect,333.37
5366,75821,2025-08-23,1,wrong_size,383.45
5367,75853,2025-09-29,3,no_reason,1022.16
5368,75870,2026-02-26,1,not_as_described,335.07
5369,75878,2026-01-12,1,not_as_described,330.58
5370,75886,2025-10-02,1,no_reason,202.68
5371,75913,2025-10-07,2,not_as_described,727.22
5372,75931,2025-08-04,2,wrong_size,281.08
5373,75939,2025-11-08,1,not_as_described,305.19
5374,75942,2025-10-21,1,defect,196.09
5375,75952,2025-10-19,1,not_as_described,38.06
5376,75957,2026-03-21,1,wrong_size,279.07
5377,75974,2025-06-09,1,not_as_described,98.91
5378,76009,2025-11-25,1,defect,56.81
5379,76034,2025-12-24,1,wrong_size,277.23
5380,76035,2025-12-31,1,no_reason,433.22
5381,76045,2025-10-08,1,no_reason,354.36
5382,76065,2025-05-27,1,not_as_described,169.32
5383,76123,2025-09-26,1,no_reason,343.12
5384,76129,2026-05-30,2,wrong_size,398.2
5385,76170,2025-10-31,1,defect,29.15
5386,76208,2024-02-24,1,no_reason,197.14
5387,76231,2025-01-16,1,defect,10.99
5388,76239,2025-01-13,3,defect,100.26
5389,76245,2026-06-18,3,no_reason,1059.69
5390,76259,2024-08-04,1,defect,423.04
5391,76264,2024-11-05,3,defect,847.83
5392,76286,2026-01-15,1,not_as_described,130.63
5393,76292,2026-01-03,1,not_as_described,245.13
5394,76306,2025-01-28,1,not_as_described,371.78
5395,76312,2026-01-22,1,not_as_described,27.39
5396,76322,2026-02-09,1,not_as_described,406.08
5397,76338,2025-02-20,2,not_as_described,227.42
5398,76344,2026-03-21,2,defect,186.54
5399,76355,2025-03-07,1,no_reason,137.37
5400,76361,2025-07-12,1,defect,345.5
5401,76378,2025-08-17,1,wrong_size,328.94
5402,76382,2025-10-10,1,wrong_size,327.83
5403,76398,2024-03-27,1,wrong_size,237.43
5404,76407,2025-09-22,3,defect,1133.55
5405,76417,2025-04-02,1,wrong_size,287.04
5406,76424,2026-06-21,1,defect,441.53
5407,76426,2025-08-07,1,no_reason,310.45
5408,76431,2024-08-18,1,wrong_size,108.07
5409,76441,2025-05-14,1,defect,402.89
5410,76461,2026-05-02,1,no_reason,370.02
5411,76509,2024-07-31,2,defect,422.02
5412,76510,2024-08-10,1,no_reason,256.21
5413,76537,2025-06-11,1,not_as_described,273.1
5414,76545,2025-06-30,1,defect,31.06
5415,76554,2024-09-07,1,defect,56.54
5416,76597,2025-05-30,1,not_as_described,291.23
5417,76599,2024-07-08,1,wrong_size,138.43
5418,76602,2024-12-14,1,wrong_size,179.08
5419,76604,2024-12-05,1,no_reason,230.49
5420,76610,2024-12-25,1,defect,17.58
5421,76628,2025-10-25,1,no_reason,297.52
5422,76629,2024-05-01,1,no_reason,164.18
5423,76654,2024-07-08,1,defect,204.94
5424,76669,2026-04-04,1,wrong_size,291.6
5425,76673,2024-09-22,1,defect,437.06
5426,76695,2025-01-24,1,defect,373.48
5427,76706,2024-11-20,1,no_reason,372.31
5428,76721,2024-02-19,1,wrong_size,15.15
5429,76734,2025-09-06,1,defect,56.8
5430,76798,2026-03-15,1,defect,347.83
5431,76810,2026-04-01,2,defect,240.7
5432,76814,2025-03-13,1,no_reason,26.82
5433,76836,2026-01-09,1,not_as_described,56.27
5434,76884,2025-02-14,1,no_reason,383.7
5435,76887,2025-12-05,2,wrong_size,486.61
5436,76889,2024-11-20,1,wrong_size,277.95
5437,76919,2025-02-08,2,defect,804.63
5438,76920,2025-03-17,1,not_as_described,260.13
5439,76924,2025-05-31,1,no_reason,158.28
5440,76928,2025-06-09,1,not_as_described,26.16
5441,76932,2024-07-11,2,no_reason,655.41
5442,76999,2025-06-10,1,wrong_size,223.67
5443,77001,2025-09-26,3,not_as_described,777.69
5444,77046,2026-01-01,2,defect,65.5
5445,77049,2025-10-20,1,defect,117.01
5446,77065,2026-05-31,1,not_as_described,112.91
5447,77072,2025-06-21,2,not_as_described,533.56
5448,77087,2026-03-27,1,wrong_size,357.26
5449,77088,2026-03-26,3,wrong_size,621.03
5450,77111,2024-05-13,1,wrong_size,395.74
5451,77126,2025-02-19,1,not_as_described,252.95
5452,77127,2025-08-18,1,defect,317.34
5453,77157,2025-03-27,2,no_reason,592.32
5454,77158,2025-03-22,1,defect,251.08
5455,77163,2024-02-29,3,no_reason,968.74
5456,77229,2025-01-01,2,wrong_size,694.01
5457,77230,2025-01-07,1,defect,137.14
5458,77267,2026-02-26,1,wrong_size,108.04
5459,77285,2025-06-15,1,defect,324.75
5460,77340,2026-05-27,1,not_as_described,232.53
5461,77361,2026-04-10,3,defect,1141.38
5462,77382,2026-06-02,1,defect,128.59
5463,77394,2026-05-04,1,wrong_size,339.25
5464,77431,2026-01-19,1,no_reason,121.2
5465,77439,2024-03-21,2,not_as_described,414.22
5466,77447,2024-06-08,1,defect,333.73
5467,77452,2026-06-23,2,not_as_described,607.9
5468,77475,2025-05-27,3,defect,442.35
5469,77482,2024-04-13,3,no_reason,532.83
5470,77501,2025-03-04,1,not_as_described,132.21
5471,77516,2025-02-27,1,wrong_size,86.79
5472,77520,2026-05-17,1,defect,280.76
5473,77543,2024-12-11,1,wrong_size,323.14
5474,77549,2026-04-06,2,not_as_described,446.2
5475,77555,2026-01-16,1,defect,363.02
5476,77563,2026-03-07,1,no_reason,149.83
5477,77575,2024-05-26,1,no_reason,137.63
5478,77618,2026-03-29,1,no_reason,236.59
5479,77625,2025-03-18,1,no_reason,10.03
5480,77651,2025-09-11,2,no_reason,763.4
5481,77671,2025-11-17,2,wrong_size,882.58
5482,77692,2025-09-06,1,defect,229.75
5483,77693,2026-06-15,3,no_reason,1180.29
5484,77703,2025-03-18,1,not_as_described,76.77
5485,77705,2025-05-13,1,not_as_described,215.45
5486,77726,2025-06-28,2,no_reason,592.93
5487,77735,2026-05-19,1,not_as_described,394.09
5488,77757,2025-12-25,1,wrong_size,279.07
5489,77758,2025-12-23,1,defect,337.87
5490,77766,2025-10-29,1,defect,91.63
5491,77771,2026-03-19,1,wrong_size,245.39
5492,77778,2025-08-12,1,defect,99.61
5493,77788,2026-01-10,1,wrong_size,39.38
5494,77794,2026-05-31,1,defect,147.85
5495,77798,2026-02-28,1,defect,113.35
5496,77818,2026-03-29,2,defect,19.65
5497,77854,2026-05-22,2,defect,835.26
5498,77871,2025-03-11,1,wrong_size,205.19
5499,77919,2025-11-09,1,not_as_described,26.22
5500,77948,2025-05-13,3,wrong_size,1023.98
5501,77977,2025-09-22,1,wrong_size,178.99
5502,77980,2026-03-21,1,wrong_size,377.62
5503,77991,2025-01-14,1,wrong_size,229.46
5504,78004,2025-09-21,1,defect,325.31
5505,78014,2025-07-19,1,defect,299.7
5506,78016,2025-07-14,1,defect,404.7
5507,78027,2026-03-14,2,defect,511.02
5508,78037,2026-04-04,1,not_as_described,262.99
5509,78046,2025-09-28,1,wrong_size,367.82
5510,78048,2025-06-08,2,defect,214.09
5511,78058,2026-04-02,3,defect,393.06
5512,78061,2025-09-10,1,defect,372.02
5513,78074,2026-02-05,1,not_as_described,158.72
5514,78112,2025-02-05,1,defect,151.7
5515,78122,2025-07-23,1,wrong_size,227.2
5516,78148,2026-03-23,3,wrong_size,802.23
5517,78190,2024-07-21,1,not_as_described,197.48
5518,78193,2024-08-05,1,not_as_described,92.08
5519,78221,2026-02-19,2,no_reason,65.79
5520,78224,2024-04-14,2,no_reason,187.86
5521,78251,2025-12-21,1,not_as_described,138.86
5522,78294,2024-06-02,3,wrong_size,390.19
5523,78311,2024-05-13,2,wrong_size,569.2
5524,78317,2026-02-11,1,defect,147.65
5525,78322,2025-03-28,1,defect,228.84
5526,78326,2025-02-21,1,defect,15.41
5527,78332,2026-04-08,1,wrong_size,125.11
5528,78338,2024-01-24,1,wrong_size,17.04
5529,78364,2025-12-11,1,defect,391.9
5530,78371,2025-01-05,1,not_as_described,313.57
5531,78373,2024-09-12,2,wrong_size,326.42
5532,78384,2024-02-19,2,defect,170.49
5533,78396,2025-05-16,1,defect,345.19
5534,78418,2025-01-08,1,no_reason,182.16
5535,78420,2025-01-23,1,no_reason,20.09
5536,78437,2025-03-29,1,no_reason,234.73
5537,78441,2024-05-16,1,not_as_described,119.17
5538,78444,2024-03-11,1,wrong_size,286.61
5539,78451,2026-05-21,1,wrong_size,408.03
5540,78484,2026-03-26,2,not_as_described,60.28
5541,78512,2024-02-25,1,not_as_described,245.35
5542,78513,2024-02-19,3,wrong_size,874.26
5543,78523,2024-12-05,1,not_as_described,247.18
5544,78531,2026-03-01,2,defect,83.01
5545,78544,2025-11-14,1,not_as_described,256.35
5546,78552,2025-05-07,1,defect,264.24
5547,78558,2025-12-14,1,not_as_described,62.74
5548,78560,2025-12-27,1,not_as_described,358.92
5549,78563,2026-04-18,1,not_as_described,274.23
5550,78575,2025-12-23,1,no_reason,118.65
5551,78584,2026-01-17,3,not_as_described,484.05
5552,78612,2026-01-14,1,wrong_size,356.05
5553,78628,2025-08-28,2,defect,69.01
5554,78667,2025-10-04,1,defect,139.06
5555,78704,2026-04-09,1,no_reason,283.6
5556,78756,2026-01-27,2,no_reason,215.61
5557,78763,2026-05-01,1,not_as_described,383.85
5558,78768,2024-04-03,2,not_as_described,511.64
5559,78800,2025-04-07,1,not_as_described,346.55
5560,78804,2026-05-14,1,not_as_described,13.63
5561,78806,2025-09-30,3,defect,94.5
5562,78814,2025-10-12,1,not_as_described,167.91
5563,78844,2025-12-14,1,defect,244.51
5564,78849,2025-12-30,1,no_reason,185.95
5565,78860,2024-11-24,2,defect,76.1
5566,78870,2025-03-06,1,not_as_described,179.6
5567,78881,2025-07-21,1,no_reason,168.67
5568,78889,2025-01-24,3,wrong_size,998.24
5569,78896,2025-05-07,1,not_as_described,306.22
5570,78900,2024-12-19,1,defect,351.4
5571,78905,2025-10-18,1,defect,247.15
5572,78916,2026-05-01,1,defect,124.58
5573,78930,2026-04-20,3,defect,870.12
5574,78931,2026-04-13,1,defect,70.76
5575,78938,2026-02-06,1,not_as_described,252.17
5576,78940,2025-05-14,1,defect,198.18
5577,78941,2025-05-09,1,defect,348.73
5578,78948,2025-08-28,1,not_as_described,277.21
5579,78968,2026-06-21,1,wrong_size,176.33
5580,78973,2025-09-07,1,no_reason,259.1
5581,78977,2025-11-19,2,wrong_size,518.02
5582,78979,2025-11-22,1,not_as_described,346.28
5583,79003,2025-04-14,1,wrong_size,323.01
5584,79007,2025-08-30,1,no_reason,107.34
5585,79011,2025-08-22,3,defect,1005.63
5586,79041,2026-02-03,1,defect,330.72
5587,79060,2025-11-24,1,defect,58.51
5588,79067,2025-07-13,1,wrong_size,10.06
5589,79081,2026-01-03,1,defect,193.21
5590,79083,2025-05-04,1,wrong_size,263.06
5591,79101,2024-04-01,1,defect,18.28
5592,79108,2024-11-10,1,defect,353.92
5593,79119,2024-09-05,2,defect,228.82
5594,79131,2024-10-30,1,wrong_size,175.18
5595,79142,2024-11-26,1,no_reason,315.15
5596,79146,2025-06-16,1,no_reason,347.63
5597,79153,2024-12-22,1,not_as_described,330.32
5598,79157,2024-03-01,1,not_as_described,201.21
5599,79165,2024-03-13,1,no_reason,142.9
5600,79170,2025-10-11,1,defect,270.54
5601,79172,2026-04-08,2,wrong_size,79.91
5602,79191,2025-09-08,1,defect,213.13
5603,79202,2025-04-07,2,no_reason,391.88
5604,79216,2025-04-17,1,defect,85.27
5605,79217,2025-04-17,1,wrong_size,320.18
5606,79248,2024-08-23,2,not_as_described,149.21
5607,79271,2026-04-27,1,no_reason,343.72
5608,79288,2026-04-17,3,no_reason,58.8
5609,79299,2026-05-28,1,wrong_size,200.46
5610,79309,2026-06-11,1,not_as_described,323.85
5611,79314,2026-01-19,1,not_as_described,12.49
5612,79328,2024-03-07,1,wrong_size,293.66
5613,79329,2024-03-09,3,wrong_size,1310.25
5614,79335,2024-05-16,1,no_reason,242.37
5615,79361,2025-10-29,1,wrong_size,146.58
5616,79363,2026-05-04,2,defect,574.27
5617,79415,2024-07-10,1,defect,336.32
5618,79446,2025-11-28,3,not_as_described,497.67
5619,79503,2025-12-28,1,wrong_size,143.05
5620,79515,2026-01-05,1,defect,27.72
5621,79521,2026-03-06,1,defect,39.44
5622,79522,2025-11-22,2,defect,691.81
5623,79535,2026-04-18,1,no_reason,17.67
5624,79550,2025-12-17,1,wrong_size,271.59
5625,79554,2026-01-17,1,defect,370.66
5626,79558,2026-01-04,3,not_as_described,499.14
5627,79603,2026-05-29,1,wrong_size,81.56
5628,79616,2025-12-27,1,wrong_size,394.85
5629,79658,2026-04-23,1,wrong_size,355.2
5630,79678,2025-08-28,1,wrong_size,141.41
5631,79679,2025-03-12,2,wrong_size,229.98
5632,79682,2026-01-02,1,no_reason,107.23
5633,79728,2026-01-08,1,wrong_size,309.76
5634,79742,2026-04-18,1,wrong_size,306.54
5635,79762,2024-06-20,1,not_as_described,263.82
5636,79791,2025-12-01,2,wrong_size,533.21
5637,79838,2025-01-29,1,wrong_size,267.36
5638,79863,2025-05-21,1,not_as_described,140.41
5639,79877,2025-08-08,1,wrong_size,304.36
5640,79929,2026-06-15,1,defect,314.31
5641,79935,2026-06-19,1,no_reason,195.66
5642,79956,2026-02-11,1,defect,195.13
5643,79958,2026-06-04,1,wrong_size,146.12
5644,79961,2026-05-27,1,defect,290.08
5645,79966,2025-01-08,1,not_as_described,372.98
5646,80020,2026-03-14,1,defect,263.44
5647,80025,2026-05-05,1,no_reason,130.49
5648,80033,2024-08-03,1,wrong_size,122.19
5649,80049,2026-03-25,3,wrong_size,678.18
5650,80052,2026-06-20,1,wrong_size,284.13
5651,80065,2026-04-17,2,defect,315.7
5652,80067,2026-04-15,1,defect,133.14
5653,80071,2026-03-19,2,wrong_size,533.7
5654,80078,2025-02-19,1,wrong_size,445.91
5655,80094,2025-12-14,1,defect,164.85
5656,80098,2026-06-26,1,wrong_size,174.6
5657,80108,2024-09-11,2,not_as_described,480.5
5658,80120,2025-10-13,1,defect,160.93
5659,80125,2024-04-05,3,no_reason,574.03
5660,80136,2026-02-07,1,wrong_size,275.38
5661,80147,2025-02-15,1,no_reason,246.31
5662,80161,2025-06-23,1,not_as_described,159.08
5663,80174,2026-06-18,1,wrong_size,57.37
5664,80177,2025-01-26,1,wrong_size,198.66
5665,80181,2025-11-23,1,defect,262.74
5666,80200,2025-07-06,1,wrong_size,306.65
5667,80218,2024-12-31,1,wrong_size,309.09
5668,80220,2025-11-13,1,wrong_size,115.76
5669,80234,2025-03-24,1,no_reason,377.04
5670,80241,2025-02-23,1,not_as_described,241.18
5671,80255,2024-01-26,2,not_as_described,511.98
5672,80257,2024-02-02,1,defect,340.79
5673,80261,2026-05-12,1,no_reason,262.09
5674,80264,2026-02-15,1,no_reason,22.8
5675,80282,2025-10-31,1,not_as_described,387.55
5676,80294,2024-11-21,3,defect,523.59
5677,80298,2026-04-19,1,no_reason,43.12
5678,80340,2026-01-06,2,not_as_described,350.59
5679,80364,2026-03-29,1,no_reason,307.02
5680,80366,2025-12-30,1,no_reason,169.0
5681,80370,2024-12-31,1,defect,135.83
5682,80393,2025-09-15,1,wrong_size,311.0
5683,80431,2025-11-27,1,not_as_described,282.01
5684,80458,2026-03-09,1,defect,114.34
5685,80462,2024-11-27,1,defect,233.31
5686,80466,2025-07-26,2,defect,419.71
5687,80491,2025-02-25,2,not_as_described,618.81
5688,80502,2025-12-02,1,no_reason,261.84
5689,80537,2024-03-19,1,wrong_size,116.42
5690,80548,2025-06-24,2,no_reason,693.24
5691,80597,2025-07-22,1,defect,180.57
5692,80607,2026-05-19,1,wrong_size,136.51
5693,80618,2024-05-07,1,no_reason,235.69
5694,80620,2025-07-08,1,not_as_described,279.35
5695,80626,2025-10-03,2,defect,394.26
5696,80628,2024-04-27,1,no_reason,63.22
5697,80637,2024-02-10,1,no_reason,174.2
5698,80658,2026-05-31,1,defect,249.82
5699,80717,2025-08-13,1,no_reason,189.0
5700,80765,2024-04-19,1,defect,328.81
5701,80789,2026-01-18,1,wrong_size,288.3
5702,80801,2024-11-24,1,defect,352.83
5703,80808,2025-11-21,1,defect,237.88
5704,80810,2025-12-28,1,not_as_described,78.77
5705,80819,2026-05-05,1,not_as_described,341.79
5706,80830,2025-07-13,1,defect,198.3
5707,80868,2024-12-09,1,no_reason,341.85
5708,80880,2025-08-10,1,wrong_size,183.8
5709,80922,2026-03-08,1,wrong_size,268.1
5710,80924,2024-12-05,2,defect,686.03
5711,80931,2024-12-25,1,wrong_size,117.79
5712,80941,2025-06-24,1,not_as_described,384.08
5713,80947,2024-12-21,3,defect,118.14
5714,80948,2024-12-20,1,not_as_described,98.72
5715,80951,2025-11-22,1,wrong_size,118.09
5716,80954,2025-12-27,1,defect,110.48
5717,80970,2026-05-07,1,no_reason,34.72
5718,80983,2025-03-30,1,defect,213.95
5719,81002,2025-11-01,1,wrong_size,17.06
5720,81028,2025-02-20,1,defect,166.52
5721,81045,2024-12-08,2,wrong_size,32.53
5722,81049,2024-12-01,1,wrong_size,315.26
5723,81052,2024-12-23,1,wrong_size,142.79
5724,81055,2026-01-20,2,defect,111.32
5725,81064,2025-12-21,1,no_reason,352.36
5726,81070,2026-02-19,1,no_reason,60.75
5727,81082,2026-03-05,1,no_reason,130.56
5728,81085,2025-11-19,1,wrong_size,286.58
5729,81103,2024-12-14,1,no_reason,215.04
5730,81104,2024-12-12,1,no_reason,403.59
5731,81120,2025-09-28,1,not_as_described,47.41
5732,81129,2025-01-27,1,defect,356.61
5733,81158,2024-12-28,1,defect,285.79
5734,81159,2025-01-09,1,defect,174.5
5735,81163,2025-08-20,1,no_reason,128.91
5736,81171,2025-12-22,1,no_reason,295.67
5737,81175,2024-11-02,2,wrong_size,59.55
5738,81183,2025-11-17,2,no_reason,442.36
5739,81188,2024-02-20,1,wrong_size,100.73
5740,81190,2024-02-15,1,not_as_described,123.29
5741,81197,2025-06-05,1,not_as_described,132.46
5742,81212,2025-08-13,1,wrong_size,312.61
5743,81222,2025-05-02,1,wrong_size,51.14
5744,81244,2024-06-02,1,wrong_size,12.12
5745,81251,2026-05-24,1,wrong_size,341.39
5746,81255,2025-01-21,1,wrong_size,283.51
5747,81259,2024-01-16,3,not_as_described,819.89
5748,81267,2024-07-27,1,wrong_size,375.81
5749,81269,2024-08-11,1,no_reason,73.46
5750,81273,2025-06-29,1,wrong_size,53.59
5751,81287,2024-12-21,1,no_reason,115.75
5752,81310,2024-09-23,1,not_as_described,89.15
5753,81320,2026-03-03,1,wrong_size,403.34
5754,81324,2025-12-19,1,wrong_size,185.4
5755,81332,2024-01-26,1,wrong_size,376.66
5756,81348,2025-01-29,2,not_as_described,401.78
5757,81353,2024-04-03,1,defect,291.9
5758,81368,2024-01-24,3,no_reason,699.7
5759,81373,2024-07-04,1,no_reason,329.38
5760,81382,2025-10-13,1,wrong_size,207.62
5761,81383,2025-10-23,1,defect,128.3
5762,81456,2026-03-23,1,not_as_described,178.36
5763,81460,2026-03-25,2,wrong_size,702.28
5764,81466,2025-12-13,2,not_as_described,148.38
5765,81488,2025-02-03,1,wrong_size,232.19
5766,81508,2025-07-28,1,no_reason,440.31
5767,81512,2025-09-11,1,not_as_described,91.86
5768,81552,2025-10-01,1,not_as_described,253.1
5769,81553,2025-12-10,2,wrong_size,79.66
5770,81558,2025-12-21,1,no_reason,111.17
5771,81560,2025-09-09,1,no_reason,312.56
5772,81593,2026-05-27,1,defect,130.12
5773,81597,2025-12-14,1,defect,172.19
5774,81600,2026-05-05,1,no_reason,109.47
5775,81612,2026-06-07,1,no_reason,409.94
5776,81649,2025-06-05,2,wrong_size,885.74
5777,81664,2025-06-06,1,no_reason,111.53
5778,81666,2025-06-13,1,wrong_size,27.19
5779,81669,2026-01-12,1,defect,127.86
5780,81684,2026-04-14,2,defect,449.07
5781,81699,2026-03-17,1,wrong_size,287.08
5782,81700,2024-12-10,1,not_as_described,350.03
5783,81707,2026-05-21,2,defect,666.37
5784,81708,2026-05-28,1,wrong_size,353.39
5785,81735,2026-01-31,1,not_as_described,311.16
5786,81736,2024-06-08,1,no_reason,435.35
5787,81743,2024-10-19,1,defect,235.55
5788,81766,2024-07-07,1,defect,210.85
5789,81805,2025-09-24,3,wrong_size,474.57
5790,81809,2025-06-22,1,not_as_described,85.52
5791,81818,2025-06-28,1,wrong_size,61.96
5792,81829,2025-12-10,1,wrong_size,12.48
5793,81887,2026-01-22,3,no_reason,457.17
5794,81902,2025-10-20,1,not_as_described,230.74
5795,81965,2025-11-29,1,not_as_described,335.89
5796,81969,2025-01-13,1,wrong_size,306.42
5797,81989,2025-11-19,1,no_reason,449.94
5798,82003,2026-03-21,1,defect,281.67
5799,82004,2026-03-10,1,no_reason,407.79
5800,82012,2026-04-07,1,wrong_size,58.44
5801,82017,2024-11-24,3,not_as_described,516.05
5802,82077,2026-04-05,1,wrong_size,405.39
5803,82079,2025-04-01,1,not_as_described,279.04
5804,82095,2025-12-21,1,wrong_size,102.94
5805,82098,2024-12-03,1,defect,348.27
5806,82099,2024-12-13,2,not_as_described,720.06
5807,82118,2025-12-01,1,defect,437.42
5808,82119,2025-09-19,1,no_reason,341.19
5809,82140,2024-11-29,1,wrong_size,316.05
5810,82152,2024-07-15,2,defect,525.07
5811,82168,2026-03-16,1,wrong_size,103.31
5812,82174,2026-06-16,1,defect,378.0
5813,82225,2026-05-16,1,defect,56.89
5814,82234,2024-03-04,1,wrong_size,378.12
5815,82236,2024-03-09,2,no_reason,410.55
5816,82247,2025-09-14,2,defect,825.08
5817,82265,2025-10-27,2,defect,506.32
5818,82289,2025-09-24,1,not_as_described,161.3
5819,82299,2026-01-15,1,wrong_size,324.18
5820,82316,2025-09-23,3,wrong_size,145.89
5821,82353,2025-12-07,2,not_as_described,318.32
5822,82364,2024-09-18,1,defect,89.43
5823,82367,2026-01-26,1,wrong_size,375.6
5824,82368,2026-02-02,1,defect,241.2
5825,82448,2025-12-28,1,no_reason,280.06
5826,82456,2025-08-08,3,wrong_size,769.43
5827,82480,2025-10-18,3,wrong_size,508.67
5828,82494,2026-06-22,1,wrong_size,113.53
5829,82513,2026-02-23,1,no_reason,117.41
5830,82517,2026-04-01,2,no_reason,806.02
5831,82534,2025-12-16,1,defect,339.94
5832,82549,2025-12-13,1,no_reason,384.14
5833,82577,2024-10-18,1,no_reason,56.77
5834,82579,2025-11-05,1,wrong_size,201.48
5835,82580,2024-03-08,1,wrong_size,331.67
5836,82589,2026-05-10,2,defect,380.19
5837,82595,2025-12-02,1,no_reason,244.65
5838,82612,2024-06-16,2,wrong_size,599.48
5839,82619,2024-06-22,1,wrong_size,161.75
5840,82642,2025-07-17,2,defect,263.36
5841,82648,2025-11-05,1,defect,267.85
5842,82650,2025-06-23,1,defect,284.83
5843,82704,2026-05-23,1,no_reason,128.05
5844,82706,2026-05-14,1,wrong_size,196.0
5845,82712,2026-06-27,1,no_reason,380.91
5846,82735,2026-03-19,2,not_as_described,404.04
5847,82769,2026-05-08,1,defect,128.6
5848,82770,2025-07-25,1,defect,253.74
5849,82785,2026-06-16,1,defect,94.16
5850,82804,2025-04-30,1,no_reason,301.44
5851,82811,2025-11-23,1,defect,108.04
5852,82826,2025-09-13,1,defect,124.76
5853,82832,2024-11-24,1,no_reason,341.89
5854,82836,2025-07-21,1,defect,18.31
5855,82865,2025-12-16,1,wrong_size,206.75
5856,82873,2025-10-09,1,wrong_size,247.62
5857,82885,2024-12-14,2,not_as_described,772.62
5858,82887,2026-02-27,1,no_reason,91.56
5859,82892,2026-01-23,1,not_as_described,278.78
5860,82896,2025-12-17,1,wrong_size,239.11
5861,82898,2026-04-18,1,no_reason,270.37
5862,82905,2025-02-28,1,defect,11.77
5863,82935,2025-06-19,1,wrong_size,263.38
5864,82953,2026-06-03,2,wrong_size,774.17
5865,82956,2024-11-21,2,wrong_size,739.78
5866,82972,2025-06-30,1,not_as_described,405.84
5867,82974,2024-08-16,1,defect,235.05
5868,82998,2025-10-20,1,not_as_described,255.56
5869,83018,2024-12-06,3,defect,891.54
5870,83026,2025-08-19,1,wrong_size,356.67
5871,83032,2026-03-05,1,no_reason,157.11
5872,83033,2026-03-17,1,wrong_size,102.57
5873,83038,2025-11-02,1,wrong_size,295.29
5874,83040,2024-11-25,2,wrong_size,729.22
5875,83064,2025-02-21,1,defect,460.15
5876,83099,2025-09-21,1,no_reason,208.18
5877,83107,2024-10-31,1,not_as_described,159.3
5878,83109,2024-06-30,1,wrong_size,150.43
5879,83137,2025-06-08,2,not_as_described,94.38
5880,83152,2024-09-30,1,defect,263.43
5881,83163,2025-09-26,1,wrong_size,129.74
5882,83175,2025-02-11,1,defect,168.39
5883,83177,2025-02-16,1,not_as_described,82.71
5884,83183,2026-06-01,2,not_as_described,419.36
5885,83212,2025-11-12,2,wrong_size,854.68
5886,83215,2025-09-11,3,no_reason,361.44
5887,83224,2024-07-16,1,not_as_described,448.67
5888,83228,2026-03-02,1,no_reason,335.73
5889,83242,2024-05-27,2,defect,846.7
5890,83245,2026-06-05,1,no_reason,106.73
5891,83255,2024-07-18,1,no_reason,62.42
5892,83259,2024-04-03,1,wrong_size,213.27
5893,83263,2024-04-02,3,defect,27.61
5894,83278,2025-10-12,2,wrong_size,545.17
5895,83282,2025-10-13,1,not_as_described,292.74
5896,83297,2025-11-15,1,defect,154.32
5897,83320,2024-11-25,2,wrong_size,74.04
5898,83331,2025-12-18,1,no_reason,31.1
5899,83359,2025-11-18,1,defect,64.63
5900,83368,2026-06-14,2,wrong_size,531.36
5901,83390,2026-01-01,1,not_as_described,63.95
5902,83397,2026-06-15,1,not_as_described,427.8
5903,83398,2026-06-12,1,defect,68.55
5904,83406,2026-05-17,1,defect,232.24
5905,83407,2026-06-22,1,defect,167.11
5906,83414,2024-12-06,1,wrong_size,165.92
5907,83424,2026-02-17,2,defect,755.88
5908,83430,2026-02-18,1,defect,211.98
5909,83431,2026-02-25,1,defect,157.17
5910,83444,2026-04-20,1,no_reason,300.43
5911,83472,2026-05-15,1,defect,94.82
5912,83499,2025-12-14,2,defect,532.36
5913,83520,2025-01-05,2,no_reason,785.03
5914,83531,2025-10-28,2,not_as_described,254.99
5915,83535,2024-04-01,3,wrong_size,993.18
5916,83565,2025-12-08,1,defect,292.27
5917,83583,2025-12-23,2,not_as_described,248.08
5918,83592,2026-02-12,1,wrong_size,10.03
5919,83605,2026-05-27,2,wrong_size,68.58
5920,83610,2025-02-19,2,wrong_size,272.99
5921,83621,2025-03-06,2,no_reason,830.36
5922,83657,2025-06-06,1,no_reason,30.71
5923,83681,2026-06-21,1,defect,221.75
5924,83719,2026-06-04,1,defect,225.99
5925,83777,2026-05-15,1,wrong_size,242.27
5926,83800,2026-06-10,1,wrong_size,284.65
5927,83807,2025-05-19,2,not_as_described,520.26
5928,83814,2025-04-06,1,wrong_size,412.27
5929,83817,2025-01-05,1,not_as_described,294.02
5930,83833,2025-05-12,1,wrong_size,204.76
5931,83838,2025-03-31,1,not_as_described,92.47
5932,83907,2026-03-05,1,not_as_described,335.91
5933,83909,2025-11-03,1,defect,204.7
5934,83945,2026-06-26,1,wrong_size,308.83
5935,83951,2026-03-22,1,wrong_size,278.82
5936,83981,2026-04-18,1,wrong_size,172.01
5937,83993,2026-01-16,1,wrong_size,304.1
5938,84010,2026-05-06,2,not_as_described,595.5
5939,84013,2026-04-18,1,wrong_size,169.87
5940,84037,2025-02-19,1,defect,10.75
5941,84103,2025-08-16,2,no_reason,162.24
5942,84104,2025-08-29,1,no_reason,234.46
5943,84110,2026-02-17,1,not_as_described,190.84
5944,84134,2024-10-21,1,defect,258.24
5945,84161,2024-02-01,2,no_reason,84.02
5946,84186,2026-06-10,2,wrong_size,285.36
5947,84196,2026-03-21,2,no_reason,109.76
5948,84207,2025-10-11,2,defect,281.35
5949,84248,2024-08-28,2,no_reason,503.05
5950,84252,2026-01-14,1,wrong_size,32.98
5951,84254,2024-03-01,1,wrong_size,32.57
5952,84258,2026-05-23,1,defect,278.62
5953,84262,2026-01-27,1,no_reason,306.17
5954,84274,2026-04-11,1,defect,294.58
5955,84279,2025-09-09,1,no_reason,261.35
5956,84288,2026-01-28,1,wrong_size,96.87
5957,84291,2026-01-28,1,not_as_described,72.55
5958,84300,2024-09-12,1,defect,300.22
5959,84338,2025-08-05,1,not_as_described,373.82
5960,84388,2025-12-29,2,defect,702.93
5961,84399,2024-12-31,1,no_reason,381.19
5962,84418,2026-06-11,1,not_as_described,131.73
5963,84435,2025-07-10,2,defect,510.51
5964,84447,2025-11-25,1,wrong_size,290.5
5965,84476,2026-03-21,1,not_as_described,245.26
5966,84477,2026-03-19,2,defect,301.92
5967,84481,2026-02-28,1,defect,62.99
5968,84509,2025-06-18,1,defect,204.44
5969,84539,2026-02-13,2,not_as_described,268.3
5970,84548,2026-05-08,2,wrong_size,797.89
5971,84570,2025-09-06,1,wrong_size,326.35
5972,84578,2026-01-29,1,no_reason,374.31
5973,84580,2026-02-08,1,wrong_size,293.34
5974,84583,2026-04-10,1,wrong_size,303.23
5975,84597,2024-09-20,3,defect,1080.41
5976,84630,2025-12-15,2,no_reason,502.32
5977,84642,2024-12-16,1,not_as_described,99.45
5978,84713,2024-12-16,1,wrong_size,278.07
5979,84726,2025-11-22,1,defect,285.68
5980,84752,2025-11-30,1,wrong_size,59.09
5981,84753,2025-12-03,1,wrong_size,114.43
5982,84772,2025-10-03,1,not_as_described,35.38
5983,84773,2025-09-15,1,no_reason,19.97
5984,84778,2025-09-07,1,defect,273.67
5985,84779,2025-08-24,1,defect,60.07
5986,84789,2025-12-15,1,defect,287.58
5987,84790,2025-12-28,1,wrong_size,166.75
5988,84792,2026-03-12,1,defect,347.33
5989,84795,2025-11-30,1,wrong_size,212.38
5990,84806,2026-06-12,1,defect,303.4
5991,84810,2026-01-25,2,not_as_described,602.61
5992,84850,2025-12-09,1,no_reason,224.65
5993,84869,2026-06-11,1,defect,320.45
5994,84896,2026-05-12,1,wrong_size,204.37
5995,84897,2026-05-18,1,wrong_size,271.39
5996,84923,2024-02-28,3,wrong_size,44.13
5997,84928,2026-04-26,1,wrong_size,307.9
5998,84945,2026-06-17,1,not_as_described,356.12
5999,84963,2026-03-22,1,defect,8.78
6000,84965,2026-03-25,1,defect,446.61
6001,84967,2026-02-05,1,no_reason,138.41
6002,84977,2025-09-17,1,defect,115.5
6003,84994,2026-05-24,1,no_reason,435.37
6004,85045,2025-12-24,1,wrong_size,198.6
6005,85055,2025-10-14,2,no_reason,244.93
6006,85068,2025-11-18,1,defect,227.34
6007,85071,2025-10-17,1,defect,337.58
6008,85080,2025-11-10,1,wrong_size,324.7
6009,85084,2025-11-13,1,no_reason,248.69
6010,85087,2025-11-06,1,wrong_size,343.09
6011,85100,2026-02-21,1,not_as_described,378.45
6012,85149,2026-04-18,1,defect,158.77
6013,85158,2026-06-08,2,wrong_size,217.36
6014,85171,2026-05-30,2,defect,244.3
6015,85178,2025-11-25,3,no_reason,1033.83
6016,85189,2026-05-12,1,wrong_size,329.76
6017,85208,2025-11-30,1,defect,145.83
6018,85210,2025-11-20,1,defect,125.2
6019,85221,2024-05-17,1,wrong_size,253.28
6020,85233,2025-11-22,1,defect,100.37
6021,85264,2025-06-28,1,defect,430.17
6022,85268,2025-08-01,1,wrong_size,64.57
6023,85282,2025-11-07,1,no_reason,140.87
6024,85330,2025-09-07,1,not_as_described,108.52
6025,85348,2024-05-26,3,defect,42.69
6026,85351,2024-10-18,1,defect,180.93
6027,85360,2024-06-18,1,no_reason,32.66
6028,85371,2025-01-10,2,wrong_size,563.56
6029,85396,2024-12-20,1,defect,199.4
6030,85398,2026-03-02,1,defect,356.37
6031,85401,2026-03-03,2,not_as_described,338.8
6032,85405,2024-04-29,1,not_as_described,347.98
6033,85406,2025-11-29,2,no_reason,478.12
6034,85427,2025-05-11,2,wrong_size,587.43
6035,85434,2026-02-28,1,wrong_size,279.32
6036,85446,2025-07-26,1,defect,232.04
6037,85451,2024-09-28,2,wrong_size,30.64
6038,85468,2025-09-08,1,no_reason,271.91
6039,85469,2025-09-06,1,wrong_size,443.97
6040,85492,2024-11-05,1,defect,329.8
6041,85497,2025-03-12,1,no_reason,242.09
6042,85511,2024-09-04,2,not_as_described,635.81
6043,85520,2025-07-06,2,wrong_size,925.53
6044,85554,2026-04-06,1,defect,410.01
6045,85570,2024-06-03,1,defect,301.72
6046,85593,2024-07-08,1,wrong_size,173.85
6047,85597,2024-10-11,1,defect,396.32
6048,85610,2025-02-07,2,no_reason,520.92
6049,85632,2026-06-02,1,defect,130.77
6050,85636,2024-07-11,1,defect,254.77
6051,85649,2026-05-31,2,no_reason,153.14
6052,85650,2026-06-24,1,wrong_size,160.91
6053,85651,2026-06-19,1,not_as_described,19.29
6054,85663,2026-04-30,1,no_reason,118.76
6055,85664,2026-05-08,1,not_as_described,153.8
6056,85704,2026-03-02,2,not_as_described,299.6
6057,85717,2025-04-05,1,wrong_size,95.66
6058,85731,2025-11-10,1,defect,224.61
6059,85740,2025-10-12,1,not_as_described,41.79
6060,85742,2026-06-10,1,defect,354.54
6061,85745,2026-06-12,1,defect,364.4
6062,85751,2025-06-18,1,defect,340.73
6063,85752,2025-06-25,2,defect,631.05
6064,85776,2025-10-11,2,defect,205.67
6065,85795,2026-04-20,1,wrong_size,178.29
6066,85797,2026-03-13,2,no_reason,318.02
6067,85838,2024-02-19,1,not_as_described,277.02
6068,85843,2026-04-09,3,defect,823.5
6069,85857,2026-01-13,2,defect,580.57
6070,85859,2026-01-14,1,defect,42.01
6071,85884,2024-05-02,1,no_reason,280.26
6072,85885,2025-12-03,2,no_reason,360.65
6073,85889,2025-03-20,3,defect,339.55
6074,85896,2026-02-10,1,not_as_described,342.44
6075,85918,2026-06-18,1,defect,15.97
6076,85950,2025-12-05,1,no_reason,229.6
6077,85988,2025-08-08,1,no_reason,371.21
6078,85994,2025-11-12,1,not_as_described,160.43
6079,86008,2026-06-26,1,wrong_size,285.08
6080,86025,2025-12-25,2,defect,93.84
6081,86031,2026-03-29,1,defect,279.68
6082,86033,2026-04-04,1,defect,128.6
6083,86057,2026-03-28,2,not_as_described,627.78
6084,86062,2026-05-12,1,wrong_size,223.62
6085,86089,2026-04-21,1,no_reason,152.81
6086,86094,2026-01-02,1,not_as_described,186.43
6087,86129,2026-01-06,1,defect,360.78
6088,86151,2024-10-17,1,defect,238.99
6089,86162,2025-10-27,1,no_reason,305.67
6090,86167,2026-04-29,1,wrong_size,329.17
6091,86185,2025-07-02,1,no_reason,353.61
6092,86190,2026-06-01,1,defect,264.44
6093,86196,2025-10-01,1,not_as_described,178.09
6094,86216,2026-05-30,1,not_as_described,25.91
6095,86218,2026-06-07,2,not_as_described,880.92
6096,86237,2024-12-08,1,no_reason,298.32
6097,86239,2025-03-21,1,wrong_size,331.15
6098,86249,2025-09-09,1,wrong_size,287.43
6099,86253,2025-05-30,2,defect,237.3
6100,86266,2024-07-21,1,defect,196.23
6101,86270,2025-09-19,1,not_as_described,323.43
6102,86273,2026-03-06,1,no_reason,128.82
6103,86330,2026-05-27,2,not_as_described,400.96
6104,86347,2026-05-01,1,wrong_size,194.84
6105,86379,2026-01-03,1,defect,165.86
6106,86381,2026-01-09,1,defect,135.68
6107,86391,2026-04-26,1,wrong_size,357.29
6108,86400,2025-11-16,1,wrong_size,143.36
6109,86407,2026-06-01,1,no_reason,179.96
6110,86423,2025-09-19,1,no_reason,250.39
6111,86429,2025-05-25,2,no_reason,856.94
6112,86433,2025-03-10,1,not_as_described,269.77
6113,86486,2026-04-02,2,no_reason,57.96
6114,86488,2026-04-01,1,wrong_size,54.94
6115,86494,2026-04-23,1,wrong_size,304.1
6116,86504,2025-07-02,1,not_as_described,15.7
6117,86517,2024-12-09,1,not_as_described,304.13
6118,86524,2025-07-25,2,no_reason,207.62
6119,86531,2026-06-04,1,no_reason,81.6
6120,86532,2025-01-19,1,no_reason,42.96
6121,86560,2026-02-11,1,defect,408.27
6122,86573,2025-02-18,1,defect,64.21
6123,86586,2026-04-15,1,wrong_size,195.75
6124,86591,2025-08-25,1,defect,167.52
6125,86640,2024-12-09,1,defect,182.13
6126,86665,2026-03-23,1,defect,67.48
6127,86679,2024-10-22,1,defect,316.39
6128,86701,2025-10-10,1,wrong_size,195.26
6129,86721,2025-03-17,1,no_reason,58.74
6130,86722,2025-04-02,1,defect,50.61
6131,86729,2025-10-07,2,no_reason,749.16
6132,86735,2024-02-12,1,no_reason,57.82
6133,86767,2025-12-04,1,defect,330.81
6134,86769,2025-12-03,1,not_as_described,158.98
6135,86784,2026-01-23,1,wrong_size,45.33
6136,86792,2025-12-30,1,wrong_size,186.64
6137,86802,2026-06-04,1,defect,348.0
6138,86810,2025-11-06,2,wrong_size,323.06
6139,86821,2025-07-01,1,wrong_size,137.25
6140,86853,2025-11-26,2,no_reason,520.42
6141,86862,2025-11-08,1,wrong_size,103.5
6142,86876,2026-05-13,2,not_as_described,600.58
6143,86901,2025-06-18,3,defect,483.48
6144,86902,2025-07-01,1,defect,279.67
6145,86904,2025-07-01,1,not_as_described,428.13
6146,86917,2026-03-03,1,wrong_size,105.58
6147,86937,2025-08-22,2,not_as_described,625.76
6148,86945,2026-05-08,1,defect,254.57
6149,86948,2025-11-27,2,wrong_size,405.4
6150,86954,2025-08-18,1,wrong_size,297.4
6151,86968,2025-12-14,1,defect,32.92
6152,86971,2026-01-22,1,wrong_size,234.28
6153,86972,2026-01-14,1,not_as_described,210.89
6154,86976,2025-09-21,2,defect,558.1
6155,87057,2024-06-29,3,wrong_size,477.83
6156,87062,2024-12-29,1,not_as_described,215.12
6157,87085,2024-06-02,1,no_reason,135.85
6158,87086,2026-03-28,2,wrong_size,205.54
6159,87089,2025-03-20,1,wrong_size,104.98
6160,87106,2025-11-14,1,wrong_size,361.87
6161,87126,2026-06-03,3,defect,994.11
6162,87127,2025-06-11,1,defect,185.6
6163,87153,2025-05-22,1,no_reason,323.58
6164,87172,2026-02-13,1,not_as_described,204.99
6165,87211,2026-04-04,1,defect,85.66
6166,87245,2025-06-30,2,not_as_described,514.84
6167,87271,2026-04-14,1,wrong_size,390.99
6168,87272,2026-04-22,1,wrong_size,352.32
6169,87276,2026-02-08,1,wrong_size,369.68
6170,87323,2025-06-11,1,defect,190.98
6171,87335,2025-10-07,1,wrong_size,209.78
6172,87355,2025-11-27,1,not_as_described,391.98
6173,87357,2024-07-05,2,not_as_described,761.34
6174,87366,2025-11-12,1,no_reason,257.02
6175,87375,2024-08-26,1,defect,162.41
6176,87383,2025-04-12,2,wrong_size,750.01
6177,87389,2025-04-11,2,wrong_size,222.13
6178,87398,2026-01-03,1,wrong_size,130.75
6179,87410,2026-06-16,1,defect,204.85
6180,87421,2025-05-02,1,wrong_size,115.14
6181,87431,2026-04-28,1,defect,259.45
6182,87445,2026-05-07,2,wrong_size,376.68
6183,87447,2026-04-29,3,not_as_described,409.77
6184,87471,2025-11-08,1,not_as_described,34.37
6185,87472,2025-11-12,1,not_as_described,422.96
6186,87475,2025-07-22,1,wrong_size,379.32
6187,87487,2026-01-01,1,defect,284.32
6188,87493,2025-11-20,2,not_as_described,796.77
6189,87507,2026-01-01,1,wrong_size,173.54
6190,87533,2024-02-10,2,wrong_size,627.8
6191,87558,2024-02-07,1,wrong_size,203.07
6192,87589,2025-04-20,1,defect,10.02
6193,87590,2025-04-27,1,wrong_size,352.88
6194,87628,2024-08-09,1,wrong_size,103.73
6195,87629,2024-08-17,2,wrong_size,472.34
6196,87637,2025-04-21,1,wrong_size,213.75
6197,87698,2025-11-08,1,no_reason,403.29
6198,87736,2026-06-09,1,no_reason,188.92
6199,87747,2024-08-14,1,not_as_described,96.54
6200,87748,2024-08-09,1,no_reason,257.0
6201,87770,2025-12-29,1,wrong_size,243.53
6202,87776,2025-04-21,1,no_reason,184.31
6203,87777,2025-05-02,1,no_reason,178.85
6204,87797,2026-03-27,1,wrong_size,236.87
6205,87835,2025-12-14,3,no_reason,512.55
6206,87853,2025-04-13,1,wrong_size,294.86
6207,87854,2025-08-29,1,no_reason,323.1
6208,87868,2025-09-11,1,wrong_size,250.25
6209,87878,2025-08-27,1,no_reason,331.93
6210,87880,2025-06-18,2,wrong_size,409.28
6211,87886,2025-11-20,1,defect,381.57
6212,87897,2025-09-26,2,no_reason,722.66
6213,87913,2026-06-15,1,no_reason,79.87
6214,87931,2025-11-26,2,defect,529.7
6215,87968,2026-05-14,1,defect,31.02
6216,88015,2025-08-09,1,wrong_size,342.76
6217,88030,2025-04-03,1,not_as_described,428.8
6218,88039,2026-04-21,1,defect,265.65
6219,88052,2026-01-24,1,no_reason,23.21
6220,88087,2025-01-17,3,defect,512.23
6221,88127,2025-06-08,1,defect,80.49
6222,88131,2025-05-30,3,no_reason,46.8
6223,88134,2025-11-09,2,defect,644.56
6224,88137,2025-11-22,2,defect,792.92
6225,88144,2026-05-13,1,wrong_size,150.66
6226,88160,2024-10-20,1,wrong_size,440.88
6227,88166,2025-06-24,1,defect,368.87
6228,88188,2025-04-27,1,defect,346.03
6229,88193,2025-03-14,2,no_reason,843.78
6230,88196,2025-12-25,1,defect,343.66
6231,88205,2025-01-19,1,defect,368.63
6232,88212,2025-12-01,1,defect,94.63
6233,88221,2025-12-31,1,defect,237.6
6234,88222,2026-01-09,2,defect,270.38
6235,88239,2025-08-12,2,no_reason,36.7
6236,88256,2025-08-23,1,wrong_size,34.61
6237,88259,2025-06-11,1,not_as_described,152.21
6238,88296,2025-04-28,1,not_as_described,268.0
6239,88307,2026-03-17,1,defect,380.52
6240,88308,2025-03-14,1,wrong_size,9.22
6241,88314,2025-09-29,1,wrong_size,81.46
6242,88332,2024-12-10,1,wrong_size,223.38
6243,88334,2024-05-29,1,wrong_size,221.0
6244,88358,2026-01-09,1,no_reason,45.07
6245,88361,2025-12-26,1,wrong_size,136.13
6246,88368,2026-03-18,1,wrong_size,391.02
6247,88374,2025-12-12,1,wrong_size,111.07
6248,88387,2025-04-24,1,not_as_described,293.74
6249,88404,2025-08-08,2,not_as_described,56.3
6250,88414,2026-04-22,1,wrong_size,377.53
6251,88433,2026-01-09,2,defect,717.34
6252,88447,2026-06-27,3,defect,1101.24
6253,88475,2026-05-11,1,defect,270.72
6254,88485,2026-04-23,1,defect,134.5
6255,88518,2025-12-12,1,no_reason,368.82
6256,88535,2026-01-08,2,wrong_size,719.72
6257,88543,2025-11-25,1,no_reason,342.49
6258,88557,2025-04-24,1,defect,336.07
6259,88611,2025-06-12,1,wrong_size,9.45
6260,88617,2025-03-02,3,no_reason,1123.7
6261,88618,2025-03-13,1,no_reason,118.98
6262,88622,2024-11-20,1,wrong_size,87.27
6263,88634,2024-11-13,3,not_as_described,349.02
6264,88722,2025-03-24,1,no_reason,376.2
6265,88727,2025-12-11,1,no_reason,328.28
6266,88747,2026-05-31,1,not_as_described,165.35
6267,88763,2026-06-25,1,no_reason,32.24
6268,88794,2024-12-19,1,wrong_size,271.65
6269,88798,2025-11-02,2,no_reason,513.64
6270,88809,2025-04-06,1,defect,361.71
6271,88812,2024-12-11,3,not_as_described,856.83
6272,88826,2024-07-29,1,not_as_described,268.82
6273,88830,2024-12-27,2,wrong_size,162.7
6274,88840,2024-03-22,1,no_reason,285.26
6275,88856,2026-02-08,1,not_as_described,402.86
6276,88871,2026-01-01,2,no_reason,348.95
6277,88884,2025-09-17,1,wrong_size,16.76
6278,88889,2024-12-03,1,wrong_size,57.45
6279,88905,2025-12-21,1,defect,197.56
6280,88959,2025-10-12,1,defect,364.64
6281,88982,2024-09-02,2,wrong_size,496.34
6282,88986,2024-04-23,1,defect,20.36
6283,88987,2024-04-19,1,wrong_size,191.78
6284,88995,2025-06-18,1,not_as_described,259.64
6285,89004,2024-12-10,1,wrong_size,33.9
6286,89019,2025-12-20,1,no_reason,148.19
6287,89028,2026-03-02,2,defect,872.57
6288,89035,2024-09-19,3,not_as_described,424.14
6289,89039,2026-04-05,1,not_as_described,284.66
6290,89049,2025-09-01,1,no_reason,167.44
6291,89054,2025-02-14,1,wrong_size,37.76
6292,89069,2025-06-04,1,no_reason,149.66
6293,89091,2026-03-20,1,defect,57.64
6294,89099,2026-06-15,3,defect,1034.55
6295,89104,2026-04-14,1,wrong_size,116.1
6296,89109,2026-03-14,2,not_as_described,340.43
6297,89124,2026-05-27,3,wrong_size,1175.13
6298,89135,2026-06-04,1,wrong_size,107.55
6299,89140,2026-05-12,1,no_reason,147.44
6300,89142,2026-04-26,1,no_reason,462.39
6301,89151,2026-06-28,1,no_reason,251.9
6302,89182,2026-06-06,2,defect,117.86
6303,89219,2026-05-06,2,defect,529.28
6304,89229,2026-05-17,1,defect,386.05
6305,89230,2026-06-21,1,wrong_size,326.14
6306,89240,2026-05-13,1,defect,219.45
6307,89257,2026-05-07,1,wrong_size,180.57
6308,89284,2026-05-27,2,defect,112.52
6309,89288,2026-06-03,3,defect,539.62
6310,89341,2026-06-17,1,defect,345.79
6311,89345,2026-04-30,3,not_as_described,584.58
6312,89382,2026-06-30,1,no_reason,295.3
6313,89392,2026-04-27,3,wrong_size,120.93
6314,89401,2025-07-19,1,defect,264.83
6315,89421,2024-12-01,3,no_reason,593.01
6316,89447,2026-01-09,1,not_as_described,189.69
6317,89448,2026-01-16,1,no_reason,132.18
6318,89453,2025-11-10,1,defect,428.89
6319,89459,2025-05-05,1,wrong_size,164.27
6320,89466,2025-12-28,1,not_as_described,202.64
6321,89467,2026-05-27,1,wrong_size,293.89
6322,89474,2025-12-16,2,no_reason,326.35
6323,89498,2025-12-18,1,wrong_size,174.59
6324,89540,2026-02-20,1,defect,140.06
6325,89547,2025-12-17,1,not_as_described,231.86
6326,89552,2025-12-22,1,defect,17.12
6327,89553,2026-01-04,2,wrong_size,637.34
6328,89585,2025-07-30,1,not_as_described,311.91
6329,89588,2026-01-16,1,no_reason,271.66
6330,89589,2026-01-15,1,not_as_described,457.64
6331,89607,2024-11-20,3,wrong_size,984.6
6332,89611,2025-06-04,3,no_reason,841.41
6333,89635,2025-09-16,1,wrong_size,225.05
6334,89641,2026-05-05,1,defect,167.83
6335,89646,2026-01-02,1,not_as_described,278.95
6336,89674,2026-01-21,2,wrong_size,723.38
6337,89682,2025-04-13,1,defect,114.27
6338,89696,2024-12-09,1,wrong_size,421.34
6339,89736,2024-07-27,1,wrong_size,423.09
6340,89758,2024-12-11,1,wrong_size,403.15
6341,89765,2025-02-20,1,not_as_described,40.02
6342,89775,2025-05-31,1,defect,58.72
6343,89778,2025-05-29,2,wrong_size,693.07
6344,89787,2026-05-17,2,no_reason,597.38
6345,89791,2025-07-31,2,no_reason,417.65
6346,89807,2026-06-02,1,no_reason,14.01
6347,89820,2025-12-04,1,defect,66.69
6348,89871,2026-06-06,1,wrong_size,323.04
6349,89872,2024-09-07,1,defect,166.25
6350,89896,2024-04-02,1,wrong_size,197.02
6351,89912,2025-03-03,1,not_as_described,254.59
6352,89920,2025-02-06,1,defect,157.4
6353,89932,2026-05-24,1,not_as_described,311.34
6354,89990,2024-11-23,2,wrong_size,600.05
6355,90007,2025-12-30,1,wrong_size,300.16
6356,90015,2026-05-22,3,not_as_described,725.4
6357,90033,2024-05-14,1,defect,376.44
6358,90034,2024-05-17,1,defect,209.41
6359,90035,2026-04-01,1,wrong_size,320.01
6360,90039,2024-11-20,1,not_as_described,197.63
6361,90045,2024-02-26,1,no_reason,403.39
6362,90048,2024-03-02,1,defect,384.65
6363,90050,2024-06-28,1,no_reason,236.6
6364,90052,2024-08-31,1,not_as_described,442.65
6365,90057,2024-07-15,3,defect,1071.26
6366,90059,2026-02-28,1,not_as_described,24.03
6367,90068,2024-08-04,1,defect,151.14
6368,90090,2025-07-27,3,wrong_size,289.62
6369,90186,2026-03-21,1,defect,237.78
6370,90210,2024-12-29,2,defect,73.87
6371,90212,2024-06-25,1,defect,249.82
6372,90235,2026-01-16,2,not_as_described,177.08
6373,90239,2024-05-18,1,defect,185.69
6374,90250,2024-12-19,1,no_reason,395.0
6375,90286,2026-01-12,1,defect,243.76
6376,90304,2026-01-23,1,not_as_described,321.24
6377,90307,2026-06-12,1,not_as_described,237.05
6378,90311,2025-02-15,1,defect,23.66
6379,90316,2026-02-13,1,not_as_described,345.45
6380,90339,2025-01-31,1,no_reason,277.71
6381,90346,2025-09-19,1,not_as_described,183.56
6382,90352,2026-06-16,1,wrong_size,193.72
6383,90358,2024-07-31,3,not_as_described,29.1
6384,90363,2026-01-13,1,not_as_described,323.89
6385,90367,2024-12-01,1,wrong_size,433.47
6386,90425,2025-03-20,1,no_reason,288.85
6387,90440,2025-05-05,1,not_as_described,464.83
6388,90441,2025-01-18,3,not_as_described,738.02
6389,90442,2025-01-26,2,not_as_described,57.14
6390,90450,2026-03-01,1,wrong_size,354.87
6391,90463,2025-07-25,1,wrong_size,379.05
6392,90466,2025-06-01,1,not_as_described,397.4
6393,90468,2025-06-02,1,defect,286.52
6394,90469,2026-02-03,1,not_as_described,155.14
6395,90473,2026-01-25,2,not_as_described,574.14
6396,90475,2025-03-07,1,defect,442.35
6397,90476,2025-03-08,1,defect,247.8
6398,90482,2025-08-10,2,defect,474.72
6399,90509,2025-09-14,1,no_reason,442.46
6400,90528,2024-11-13,1,no_reason,258.64
6401,90551,2024-11-21,1,no_reason,456.52
6402,90552,2024-11-25,1,wrong_size,379.84
6403,90562,2025-11-21,1,defect,32.75
6404,90572,2024-12-08,2,no_reason,330.44
6405,90575,2025-03-02,1,defect,170.48
6406,90580,2025-07-06,1,wrong_size,309.06
6407,90593,2025-03-09,3,defect,573.81
6408,90615,2026-05-22,1,wrong_size,297.03
6409,90639,2025-10-22,1,not_as_described,166.24
6410,90641,2026-04-17,1,not_as_described,360.41
6411,90650,2025-08-20,2,not_as_described,126.73
6412,90656,2026-04-25,2,not_as_described,216.06
6413,90673,2026-01-24,1,wrong_size,311.75
6414,90676,2025-12-20,1,defect,368.63
6415,90678,2026-06-01,1,wrong_size,384.69
6416,90687,2025-05-14,2,not_as_described,451.82
6417,90688,2025-05-18,1,defect,58.23
6418,90695,2025-03-25,1,no_reason,204.56
6419,90707,2026-04-15,2,wrong_size,733.51
6420,90715,2025-12-13,1,wrong_size,241.91
6421,90733,2025-08-17,1,defect,153.04
6422,90759,2025-10-09,1,not_as_described,259.92
6423,90762,2025-10-11,1,no_reason,385.67
6424,90772,2026-05-22,1,no_reason,31.13
6425,90786,2026-05-23,1,not_as_described,318.52
6426,90804,2025-12-25,1,not_as_described,192.73
6427,90805,2025-12-20,1,no_reason,348.06
6428,90811,2025-03-11,1,defect,445.51
6429,90825,2025-01-02,1,wrong_size,333.85
6430,90829,2024-11-30,1,not_as_described,323.17
6431,90831,2026-01-11,1,defect,54.33
6432,90847,2024-10-14,1,defect,273.91
6433,90869,2024-07-08,1,defect,338.26
6434,90911,2024-04-10,2,not_as_described,779.26
6435,90915,2025-10-04,1,defect,124.75
6436,90917,2025-09-04,2,defect,427.04
6437,90924,2026-06-25,1,wrong_size,214.05
6438,90937,2025-08-11,2,defect,196.62
6439,90960,2025-02-04,1,defect,394.13
6440,90964,2025-09-11,2,not_as_described,436.12
6441,90975,2025-09-19,3,wrong_size,597.14
6442,90995,2024-11-22,1,defect,44.59
6443,91015,2024-03-28,1,no_reason,307.67
6444,91021,2024-04-28,1,wrong_size,276.8
6445,91030,2026-05-22,2,no_reason,497.98
6446,91038,2025-11-22,2,wrong_size,50.88
6447,91048,2026-06-16,1,no_reason,236.75
6448,91065,2025-12-04,1,defect,241.84
6449,91068,2025-11-30,1,not_as_described,391.5
6450,91101,2025-11-17,1,no_reason,144.2
6451,91111,2026-05-14,1,no_reason,355.0
6452,91120,2025-07-13,1,no_reason,375.34
6453,91131,2026-03-04,2,no_reason,467.82
6454,91169,2026-05-05,1,no_reason,62.25
6455,91186,2025-02-02,2,no_reason,254.76
6456,91204,2024-12-21,1,not_as_described,184.09
6457,91208,2026-04-22,3,wrong_size,103.01
6458,91210,2025-10-06,3,defect,474.66
6459,91235,2024-12-24,1,no_reason,116.08
6460,91237,2024-12-21,1,no_reason,188.54
6461,91256,2025-12-19,1,not_as_described,178.27
6462,91266,2025-05-08,3,no_reason,1018.48
6463,91270,2025-11-05,1,defect,178.54
6464,91271,2025-10-19,1,no_reason,158.16
6465,91283,2026-05-30,1,wrong_size,85.41
6466,91307,2025-12-23,1,defect,235.22
6467,91319,2025-02-07,1,no_reason,341.52
6468,91321,2025-04-18,1,defect,191.92
6469,91348,2025-09-04,1,not_as_described,309.4
6470,91363,2025-02-18,2,no_reason,527.32
6471,91391,2025-10-30,1,not_as_described,317.08
6472,91396,2026-05-29,1,not_as_described,238.28
6473,91424,2024-05-09,2,defect,38.76
6474,91430,2026-05-28,1,wrong_size,91.65
6475,91439,2024-10-06,1,wrong_size,172.12
6476,91442,2026-01-22,1,no_reason,57.15
6477,91447,2024-08-16,1,wrong_size,328.34
6478,91480,2025-06-27,1,not_as_described,345.88
6479,91514,2025-03-12,1,defect,217.32
6480,91515,2025-03-25,1,wrong_size,225.44
6481,91516,2025-11-09,1,wrong_size,176.88
6482,91538,2026-01-07,1,defect,79.52
6483,91578,2026-05-30,1,not_as_described,458.95
6484,91583,2026-03-09,1,not_as_described,316.63
6485,91584,2026-03-11,1,wrong_size,27.37
6486,91608,2026-06-22,2,wrong_size,533.89
6487,91610,2026-06-21,2,no_reason,272.06
6488,91656,2026-06-25,1,defect,91.97
6489,91661,2026-06-18,1,defect,98.41
6490,91693,2026-06-11,1,wrong_size,440.67
6491,91696,2026-04-22,3,defect,174.51
6492,91706,2026-03-13,2,defect,131.12
6493,91761,2026-05-09,1,defect,352.45
6494,91793,2026-06-21,1,defect,103.45
6495,91817,2025-12-17,1,wrong_size,252.97
6496,91822,2025-12-28,2,not_as_described,306.52
6497,91824,2025-12-29,1,wrong_size,184.92
6498,91836,2026-01-12,1,defect,241.83
6499,91863,2024-04-13,1,no_reason,65.12
6500,91897,2026-03-18,1,no_reason,267.94
6501,91965,2024-11-17,2,defect,571.68
6502,91969,2024-11-26,1,not_as_described,208.28
6503,91993,2025-03-09,1,defect,189.02
6504,91996,2025-12-02,2,wrong_size,405.19
6505,92009,2024-08-13,1,not_as_described,408.94
6506,92012,2024-05-20,1,defect,149.84
6507,92043,2025-08-04,1,no_reason,400.48
6508,92050,2024-05-28,1,defect,325.0
6509,92053,2024-05-31,1,defect,293.56
6510,92054,2024-06-07,1,wrong_size,234.7
6511,92060,2024-11-30,1,no_reason,13.0
6512,92144,2026-05-19,1,not_as_described,67.62
6513,92147,2024-05-27,3,wrong_size,262.68
6514,92186,2026-02-28,1,defect,168.83
6515,92227,2025-08-06,3,defect,1062.35
6516,92239,2025-11-10,1,defect,350.62
6517,92259,2025-10-16,1,not_as_described,33.99
6518,92273,2025-05-25,1,defect,36.05
6519,92289,2026-04-26,1,defect,106.48
6520,92301,2025-11-09,1,not_as_described,243.31
6521,92317,2024-11-02,1,no_reason,193.7
6522,92329,2025-08-11,1,defect,305.12
6523,92330,2025-02-10,1,wrong_size,233.71
6524,92331,2025-02-07,2,defect,66.24
6525,92340,2025-11-07,2,wrong_size,630.23
6526,92343,2024-11-05,1,wrong_size,151.4
6527,92345,2024-09-01,1,not_as_described,198.46
6528,92353,2026-02-28,2,defect,163.65
6529,92356,2025-10-12,1,wrong_size,55.13
6530,92366,2025-07-07,2,defect,391.62
6531,92370,2024-07-14,1,no_reason,254.28
6532,92396,2025-08-09,1,no_reason,365.16
6533,92418,2026-04-30,1,defect,154.54
6534,92433,2024-08-18,2,not_as_described,289.64
6535,92492,2026-05-07,2,defect,113.04
6536,92509,2025-09-20,1,defect,276.28
6537,92523,2024-11-12,1,defect,16.27
6538,92530,2026-04-23,1,wrong_size,176.82
6539,92551,2025-02-14,1,no_reason,13.57
6540,92556,2025-02-28,1,no_reason,241.61
6541,92574,2026-01-01,1,not_as_described,16.21
6542,92599,2025-10-01,2,not_as_described,500.12
6543,92616,2026-06-14,1,no_reason,292.31
6544,92617,2026-01-13,1,no_reason,340.42
6545,92630,2025-08-03,1,no_reason,363.9
6546,92639,2025-11-19,1,wrong_size,307.01
6547,92651,2026-04-26,1,defect,228.82
6548,92667,2025-12-20,1,wrong_size,227.52
6549,92672,2024-12-09,1,defect,145.05
6550,92681,2025-05-11,1,not_as_described,196.88
6551,92704,2025-08-02,1,not_as_described,380.53
6552,92705,2024-06-24,3,wrong_size,1037.68
6553,92711,2024-02-22,2,defect,565.19
6554,92717,2026-01-25,1,not_as_described,58.84
6555,92733,2025-05-10,2,not_as_described,674.56
6556,92736,2025-02-25,3,defect,92.37
6557,92765,2025-01-16,1,no_reason,128.19
6558,92778,2024-10-29,1,no_reason,352.07
6559,92789,2024-08-17,1,wrong_size,129.36
6560,92799,2025-01-17,1,wrong_size,245.06
6561,92817,2025-08-21,1,not_as_described,9.06
6562,92822,2024-10-22,1,wrong_size,245.92
6563,92826,2025-08-08,1,no_reason,234.32
6564,92834,2026-03-10,1,defect,360.48
6565,92839,2026-06-05,1,not_as_described,247.57
6566,92854,2026-03-07,1,defect,305.94
6567,92864,2026-05-30,1,no_reason,149.99
6568,92878,2024-10-11,1,wrong_size,27.06
6569,92879,2024-08-10,1,wrong_size,69.2
6570,92883,2026-01-20,1,defect,156.92
6571,92898,2025-06-01,1,wrong_size,277.33
6572,92904,2025-11-13,1,wrong_size,401.24
6573,92917,2025-02-20,1,no_reason,181.45
6574,92932,2026-05-14,1,not_as_described,40.77
6575,92937,2026-01-06,1,wrong_size,138.84
6576,92962,2024-01-27,2,wrong_size,705.12
6577,92972,2025-06-26,1,defect,107.19
6578,92978,2025-12-17,1,not_as_described,287.29
6579,92980,2024-07-22,2,not_as_described,754.49
6580,92983,2025-06-01,1,wrong_size,383.07
6581,92984,2026-01-22,1,no_reason,315.6
6582,92986,2025-11-25,1,defect,216.15
6583,92998,2026-02-18,1,no_reason,111.1
6584,93002,2026-03-01,1,no_reason,343.35
6585,93031,2026-03-13,2,no_reason,574.74
6586,93033,2026-03-28,2,not_as_described,850.48
6587,93041,2025-10-29,1,defect,356.46
6588,93073,2026-03-13,1,wrong_size,240.64
6589,93076,2025-12-22,1,wrong_size,239.22
6590,93077,2025-12-21,1,wrong_size,212.89
6591,93079,2026-02-03,1,defect,117.99
6592,93086,2026-05-25,1,wrong_size,122.24
6593,93092,2025-12-16,1,defect,288.5
6594,93107,2026-01-26,1,defect,291.73
6595,93131,2026-01-01,1,defect,108.49
6596,93169,2025-12-24,1,defect,211.37
6597,93179,2025-11-27,1,no_reason,266.12
6598,93191,2026-04-18,1,no_reason,296.97
6599,93194,2026-04-02,2,defect,648.12
6600,93201,2026-04-23,1,defect,25.31
6601,93226,2025-12-15,1,no_reason,398.78
6602,93232,2026-03-21,1,no_reason,380.34
6603,93233,2026-03-24,2,no_reason,409.86
6604,93235,2024-08-24,1,defect,282.38
6605,93240,2024-08-17,1,wrong_size,419.77
6606,93249,2024-06-22,1,defect,361.3
6607,93255,2025-10-31,2,no_reason,206.86
6608,93267,2026-01-03,3,defect,681.93
6609,93291,2026-01-02,1,defect,242.01
6610,93303,2024-12-17,2,wrong_size,725.74
6611,93308,2025-09-18,2,no_reason,637.58
6612,93356,2025-11-11,1,no_reason,311.46
6613,93364,2025-11-22,1,not_as_described,182.67
6614,93382,2026-06-25,1,wrong_size,102.76
6615,93388,2025-12-17,1,no_reason,295.34
6616,93401,2026-01-23,1,no_reason,176.9
6617,93409,2026-05-27,1,not_as_described,66.67
6618,93436,2026-06-19,2,defect,210.94
6619,93440,2026-04-29,2,no_reason,355.06
6620,93457,2026-03-04,1,no_reason,143.4
6621,93490,2025-12-19,1,not_as_described,97.6
6622,93491,2025-12-09,1,not_as_described,231.47
6623,93512,2026-01-26,1,wrong_size,36.49
6624,93532,2025-12-29,1,defect,260.39
6625,93572,2026-04-05,2,wrong_size,411.86
6626,93576,2026-02-13,1,no_reason,156.66
6627,93602,2025-12-01,1,wrong_size,236.02
6628,93607,2026-05-03,1,not_as_described,310.88
6629,93610,2026-05-10,1,no_reason,16.96
6630,93618,2026-05-09,1,wrong_size,402.89
6631,93632,2025-12-04,2,not_as_described,433.22
6632,93649,2025-11-10,1,wrong_size,283.39
6633,93651,2026-05-25,1,not_as_described,202.79
6634,93663,2025-10-19,2,not_as_described,379.95
6635,93664,2025-10-09,2,wrong_size,855.74
6636,93669,2026-05-11,1,defect,410.5
6637,93677,2025-12-05,1,no_reason,285.11
6638,93704,2026-05-05,1,wrong_size,233.74
6639,93753,2026-02-28,2,not_as_described,109.62
6640,93769,2026-03-31,1,defect,155.19
6641,93804,2026-01-07,1,wrong_size,306.43
6642,93814,2025-12-04,2,wrong_size,594.1
6643,93817,2025-11-30,2,defect,544.92
6644,93819,2025-12-19,1,wrong_size,229.99
6645,93823,2026-04-30,2,defect,856.92
6646,93827,2026-06-18,1,defect,306.68
6647,93853,2025-12-11,1,defect,79.1
6648,93885,2026-02-02,1,no_reason,213.47
6649,93893,2026-04-13,1,defect,310.18
6650,93905,2026-03-14,2,no_reason,57.49
6651,93929,2025-12-25,3,not_as_described,874.27
6652,93978,2026-05-18,1,defect,343.95
6653,93982,2026-01-23,1,no_reason,63.22
6654,93983,2026-02-03,1,defect,82.62
6655,93989,2025-12-30,2,defect,142.06
6656,94017,2025-12-24,1,wrong_size,18.04
6657,94033,2026-01-12,2,defect,172.72
6658,94037,2025-12-18,1,wrong_size,353.08
6659,94044,2026-01-01,2,not_as_described,339.75
6660,94056,2026-02-11,1,defect,126.13
6661,94058,2026-02-04,1,defect,260.07
6662,94059,2026-03-25,2,defect,299.42
6663,94081,2025-10-30,1,not_as_described,308.37
6664,94085,2026-01-13,1,no_reason,272.09
6665,94094,2025-12-26,1,no_reason,199.84
6666,94100,2026-01-31,2,defect,866.93
6667,94102,2026-01-31,1,wrong_size,228.02
6668,94114,2025-12-25,1,no_reason,268.27
6669,94115,2026-04-15,1,defect,170.51
6670,94116,2025-12-26,1,wrong_size,119.53
6671,94122,2026-05-14,1,not_as_described,48.31
6672,94165,2026-04-22,3,wrong_size,803.28
6673,94173,2026-02-05,1,defect,298.94
6674,94176,2026-06-21,1,defect,193.41
6675,94213,2025-12-03,2,wrong_size,330.75
6676,94234,2025-12-28,1,defect,295.56
6677,94254,2025-09-02,2,defect,262.68
6678,94305,2025-12-20,1,defect,232.21
6679,94322,2026-06-04,1,no_reason,261.66
6680,94325,2025-08-24,1,wrong_size,86.68
6681,94331,2025-11-15,1,defect,237.15
6682,94335,2026-06-30,1,not_as_described,132.81
6683,94338,2026-05-19,1,wrong_size,42.32
6684,94343,2026-05-10,1,defect,17.25
6685,94352,2025-11-21,1,defect,402.8
6686,94354,2024-03-19,1,wrong_size,175.17
6687,94399,2024-06-02,1,wrong_size,428.57
6688,94403,2025-03-23,2,wrong_size,231.08
6689,94460,2024-11-14,1,wrong_size,163.06
6690,94483,2025-05-01,2,wrong_size,26.62
6691,94484,2024-12-17,1,wrong_size,172.03
6692,94495,2026-03-07,1,wrong_size,252.67
6693,94501,2025-11-14,1,wrong_size,62.74
6694,94505,2026-02-16,1,wrong_size,278.63
6695,94514,2026-04-07,1,defect,135.97
6696,94521,2026-05-25,1,no_reason,273.4
6697,94580,2025-01-05,1,no_reason,278.03
6698,94598,2026-05-19,1,no_reason,44.59
6699,94618,2025-04-15,1,wrong_size,383.57
6700,94624,2025-06-13,1,wrong_size,18.36
6701,94628,2024-06-29,2,no_reason,491.47
6702,94655,2025-03-11,1,not_as_described,269.0
6703,94656,2025-03-26,1,no_reason,343.43
6704,94658,2026-01-21,1,not_as_described,118.07
6705,94677,2026-02-19,1,no_reason,226.09
6706,94680,2024-01-23,1,wrong_size,132.61
6707,94692,2026-02-02,1,defect,145.02
6708,94694,2026-04-26,2,not_as_described,375.09
6709,94725,2024-09-16,1,not_as_described,224.26
6710,94726,2024-09-27,2,not_as_described,319.25
6711,94731,2025-03-10,1,no_reason,320.56
6712,94770,2026-05-03,1,not_as_described,305.18
6713,94780,2025-02-19,1,not_as_described,428.69
6714,94812,2025-12-03,1,no_reason,20.57
6715,94826,2025-12-15,1,defect,83.55
6716,94827,2025-12-14,1,wrong_size,277.15
6717,94843,2024-11-03,1,wrong_size,399.99
6718,94845,2025-05-22,1,no_reason,323.54
6719,94849,2026-01-23,1,not_as_described,401.03
6720,94871,2025-08-11,2,no_reason,682.35
6721,94898,2026-05-25,1,wrong_size,151.15
6722,94899,2026-06-05,1,defect,131.25
6723,94907,2025-12-14,2,defect,461.9
6724,94922,2024-12-05,2,wrong_size,34.56
6725,94932,2026-05-13,1,no_reason,410.35
6726,94951,2026-06-09,3,wrong_size,520.17
6727,94971,2025-07-28,1,defect,11.37
6728,94989,2026-04-23,1,wrong_size,330.19
6729,94990,2026-04-21,1,not_as_described,358.05
6730,94992,2026-05-05,1,defect,325.13
6731,95003,2025-12-20,1,no_reason,389.94
6732,95020,2026-03-20,1,defect,344.52
6733,95035,2026-04-10,2,defect,636.26
6734,95041,2026-02-21,1,defect,14.6
6735,95044,2026-02-23,1,no_reason,259.95
6736,95059,2026-06-08,1,defect,155.06
6737,95072,2026-06-28,1,defect,103.81
6738,95081,2026-02-25,1,defect,136.76
6739,95083,2026-03-01,1,wrong_size,365.23
6740,95098,2025-03-07,2,wrong_size,116.45
6741,95102,2025-09-07,2,no_reason,588.05
6742,95111,2026-06-04,1,wrong_size,254.37
6743,95135,2026-04-02,1,wrong_size,10.73
6744,95138,2026-06-19,2,wrong_size,436.83
6745,95158,2026-04-12,1,wrong_size,304.31
6746,95224,2025-05-04,1,wrong_size,303.72
6747,95226,2026-06-15,1,defect,173.48
6748,95278,2025-11-10,3,no_reason,89.89
6749,95281,2025-10-31,1,defect,124.59
6750,95302,2024-06-13,1,defect,431.99
6751,95303,2024-06-08,2,no_reason,35.04
6752,95310,2025-11-28,1,wrong_size,185.11
6753,95329,2026-03-08,1,wrong_size,284.19
6754,95335,2025-12-21,1,no_reason,399.24
6755,95339,2025-10-07,1,wrong_size,354.85
6756,95344,2024-06-28,1,not_as_described,21.46
6757,95349,2025-02-27,2,no_reason,506.38
6758,95362,2025-07-22,1,defect,106.88
6759,95368,2025-09-13,1,not_as_described,276.37
6760,95379,2025-08-06,2,defect,844.3
6761,95390,2025-11-08,1,defect,29.7
6762,95472,2025-07-26,1,not_as_described,352.74
6763,95489,2025-12-30,1,wrong_size,109.57
6764,95496,2024-06-26,1,not_as_described,256.43
6765,95498,2026-01-04,1,not_as_described,305.76
6766,95502,2025-10-09,1,wrong_size,355.13
6767,95515,2025-09-02,1,defect,262.87
6768,95521,2025-04-26,1,not_as_described,391.24
6769,95523,2025-09-24,2,no_reason,327.82
6770,95528,2024-06-21,1,defect,220.49
6771,95529,2024-09-15,2,defect,339.76
6772,95535,2026-01-13,1,no_reason,221.54
6773,95554,2026-02-15,2,defect,686.8
6774,95586,2025-09-09,2,no_reason,402.6
6775,95588,2025-09-11,1,wrong_size,191.29
6776,95591,2026-06-05,1,defect,447.41
6777,95610,2025-11-21,2,defect,635.86
6778,95613,2025-03-31,1,defect,343.11
6779,95633,2026-05-03,1,not_as_described,246.13
6780,95652,2024-10-04,1,no_reason,43.87
6781,95666,2026-03-04,1,not_as_described,131.37
6782,95668,2026-03-03,1,wrong_size,133.73
6783,95714,2026-05-25,1,no_reason,343.15
6784,95719,2026-01-14,1,no_reason,355.63
6785,95738,2024-05-21,1,wrong_size,25.1
6786,95746,2025-06-08,1,defect,266.91
6787,95769,2025-05-01,2,wrong_size,118.04
6788,95794,2026-03-18,2,defect,331.88
6789,95800,2026-02-21,1,no_reason,277.82
6790,95832,2025-12-03,1,no_reason,151.29
6791,95848,2026-06-09,3,wrong_size,211.67
6792,95857,2026-04-27,1,not_as_described,366.06
6793,95870,2024-02-08,1,not_as_described,254.66
6794,95879,2025-01-21,1,wrong_size,109.3
6795,95887,2025-12-22,1,no_reason,273.42
6796,95905,2025-12-06,1,no_reason,15.3
6797,95906,2024-08-05,1,no_reason,130.57
6798,95936,2025-06-05,1,no_reason,262.98
6799,95937,2024-03-19,1,defect,350.29
6800,95943,2025-04-16,1,wrong_size,296.16
6801,95979,2024-12-02,1,wrong_size,328.21
6802,95997,2025-08-24,3,wrong_size,962.07
6803,96010,2025-11-18,2,wrong_size,756.98
6804,96038,2026-04-21,1,not_as_described,151.71
6805,96050,2026-03-09,2,defect,113.5
6806,96059,2025-06-25,2,not_as_described,365.26
6807,96070,2024-04-15,1,defect,287.17
6808,96071,2026-05-13,1,no_reason,233.39
6809,96082,2025-05-02,3,defect,645.77
6810,96088,2026-02-24,1,no_reason,234.09
6811,96121,2026-05-23,2,defect,295.56
6812,96130,2025-12-24,2,defect,137.18
6813,96149,2026-04-09,1,defect,125.99
6814,96158,2026-06-14,1,no_reason,249.3
6815,96160,2026-03-19,1,wrong_size,31.2
6816,96175,2025-07-17,1,wrong_size,143.85
6817,96183,2026-01-09,1,wrong_size,251.63
6818,96202,2026-02-06,1,wrong_size,352.0
6819,96212,2026-01-22,1,defect,281.15
6820,96231,2026-04-15,1,defect,31.05
6821,96255,2025-11-15,1,not_as_described,422.68
6822,96261,2025-01-21,1,wrong_size,344.57
6823,96287,2026-01-06,1,defect,43.98
6824,96291,2026-02-03,1,defect,303.23
6825,96308,2026-02-03,1,no_reason,186.69
6826,96317,2024-11-20,1,wrong_size,237.58
6827,96322,2026-06-19,2,defect,742.31
6828,96333,2024-12-12,1,defect,383.07
6829,96334,2024-12-17,2,wrong_size,753.0
6830,96351,2025-05-23,1,wrong_size,256.59
6831,96389,2025-12-02,2,not_as_described,246.12
6832,96395,2025-12-26,1,not_as_described,433.17
6833,96399,2025-03-28,2,wrong_size,187.45
6834,96401,2024-05-11,1,wrong_size,319.93
6835,96428,2026-02-07,2,wrong_size,374.7
6836,96429,2024-07-11,1,wrong_size,151.9
6837,96430,2024-07-14,1,no_reason,18.32
6838,96438,2024-11-12,1,wrong_size,284.27
6839,96444,2025-12-01,1,no_reason,146.09
6840,96470,2025-11-08,2,defect,916.22
6841,96506,2026-02-08,1,no_reason,151.34
6842,96507,2026-02-11,1,no_reason,206.37
6843,96514,2026-03-13,1,defect,352.46
6844,96523,2025-07-24,1,wrong_size,232.89
6845,96531,2026-06-13,1,no_reason,98.81
6846,96533,2025-12-05,1,wrong_size,10.15
6847,96544,2025-03-13,2,not_as_described,498.74
6848,96551,2025-06-21,1,defect,337.15
6849,96554,2025-05-18,1,defect,165.47
6850,96557,2026-04-17,1,not_as_described,113.56
6851,96570,2026-04-27,1,no_reason,255.01
6852,96572,2025-05-03,1,defect,432.68
6853,96574,2025-05-04,1,wrong_size,301.17
6854,96581,2024-12-17,1,no_reason,345.85
6855,96584,2024-11-09,1,wrong_size,214.95
6856,96588,2026-05-20,2,not_as_described,532.19
6857,96606,2025-10-20,1,defect,296.5
6858,96619,2026-01-09,1,defect,78.87
6859,96622,2025-03-27,1,no_reason,130.86
6860,96630,2024-11-21,1,defect,319.42
6861,96635,2026-01-16,2,wrong_size,213.82
6862,96674,2025-04-26,1,wrong_size,111.17
6863,96688,2026-02-21,1,wrong_size,284.65
6864,96730,2026-05-10,1,not_as_described,71.21
6865,96736,2026-03-19,1,no_reason,115.74
6866,96756,2026-02-09,1,not_as_described,341.39
6867,96781,2026-04-13,1,not_as_described,459.7
6868,96782,2026-04-11,1,wrong_size,42.26
6869,96784,2026-04-08,2,defect,704.96
6870,96796,2026-06-09,1,wrong_size,40.83
6871,96797,2025-01-15,2,not_as_described,219.72
6872,96798,2025-09-05,2,wrong_size,64.73
6873,96803,2024-12-08,1,not_as_described,61.76
6874,96806,2025-05-31,2,wrong_size,755.82
6875,96807,2024-12-05,3,not_as_described,1083.01
6876,96816,2025-06-18,1,no_reason,274.76
6877,96844,2026-05-02,1,wrong_size,25.19
6878,96858,2026-05-21,2,not_as_described,265.86
6879,96871,2026-04-12,1,wrong_size,198.38
6880,96888,2026-06-25,1,defect,271.85
6881,96891,2026-01-30,1,defect,77.49
6882,96907,2025-12-23,1,no_reason,378.93
6883,96930,2025-10-26,1,wrong_size,27.85
6884,96961,2025-11-05,1,no_reason,161.26
6885,96968,2024-10-26,1,defect,242.36
6886,97014,2026-05-07,1,wrong_size,214.81
6887,97034,2026-05-09,1,defect,270.2
6888,97042,2024-11-24,1,wrong_size,278.44
6889,97043,2024-12-04,2,wrong_size,74.24
6890,97047,2025-03-29,1,wrong_size,378.84
6891,97050,2025-03-23,1,wrong_size,383.29
6892,97057,2026-02-12,1,defect,193.81
6893,97063,2026-06-12,1,defect,32.27
6894,97079,2026-06-26,1,wrong_size,246.23
6895,97130,2024-09-24,1,no_reason,187.37
6896,97134,2024-09-12,1,wrong_size,380.27
6897,97136,2025-08-03,1,not_as_described,223.57
6898,97143,2024-04-01,1,defect,396.55
6899,97146,2025-06-01,1,defect,340.37
6900,97162,2024-04-17,1,not_as_described,311.64
6901,97185,2025-03-11,1,defect,263.65
6902,97187,2024-01-28,2,no_reason,497.0
6903,97193,2025-07-24,2,defect,244.12
6904,97218,2026-02-19,1,wrong_size,353.61
6905,97221,2025-08-08,1,no_reason,140.0
6906,97223,2025-09-04,1,no_reason,35.51
6907,97247,2026-04-10,1,wrong_size,137.39
6908,97252,2026-03-09,1,wrong_size,126.47
6909,97260,2026-01-30,1,not_as_described,235.46
6910,97261,2026-02-10,2,defect,255.66
6911,97275,2026-02-04,1,not_as_described,357.76
6912,97283,2024-08-08,2,wrong_size,843.22
6913,97300,2024-11-24,1,wrong_size,34.51
6914,97304,2025-05-28,1,not_as_described,96.14
6915,97317,2026-06-30,1,not_as_described,44.49
6916,97352,2026-02-17,1,no_reason,18.43
6917,97397,2026-01-10,1,wrong_size,247.27
6918,97427,2025-05-15,1,defect,122.61
6919,97486,2026-01-19,1,defect,142.12
6920,97505,2026-06-08,1,wrong_size,44.38
6921,97511,2026-04-01,1,defect,387.02
6922,97514,2026-06-28,2,wrong_size,601.64
6923,97545,2025-12-06,1,defect,34.42
6924,97553,2026-01-12,1,defect,51.42
6925,97572,2025-12-02,1,no_reason,300.63
6926,97578,2025-07-21,2,defect,595.32
6927,97582,2025-08-19,1,no_reason,330.57
6928,97614,2026-02-22,1,defect,349.69
6929,97646,2026-01-24,2,wrong_size,78.04
6930,97660,2025-09-04,1,wrong_size,322.37
6931,97706,2024-10-21,2,defect,642.54
6932,97711,2025-03-22,3,no_reason,30.0
6933,97727,2025-05-29,1,defect,217.43
6934,97728,2025-05-22,1,defect,338.44
6935,97768,2026-04-02,1,not_as_described,368.35
6936,97791,2026-03-30,1,no_reason,278.08
6937,97841,2025-01-03,1,no_reason,349.85
6938,97842,2026-03-09,2,defect,729.14
6939,97877,2025-10-11,1,not_as_described,369.69
6940,97886,2025-07-17,1,wrong_size,40.32
6941,97968,2025-08-13,1,wrong_size,153.75
6942,97976,2025-11-23,1,wrong_size,268.72
6943,97981,2026-05-25,1,defect,276.31
6944,97983,2026-04-13,1,no_reason,218.01
6945,98000,2026-05-13,1,defect,19.15
6946,98013,2025-11-21,1,no_reason,31.85
6947,98021,2025-10-16,1,wrong_size,156.71
6948,98031,2025-07-12,3,defect,867.51
6949,98033,2025-03-22,1,wrong_size,37.62
6950,98047,2024-03-30,2,no_reason,304.43
6951,98051,2025-05-27,1,not_as_described,368.29
6952,98055,2025-05-15,1,no_reason,385.63
6953,98057,2025-05-14,1,defect,327.01
6954,98093,2024-11-01,1,no_reason,344.77
6955,98148,2025-05-11,1,defect,46.7
6956,98176,2025-08-22,3,not_as_described,660.21
6957,98193,2026-05-23,2,defect,705.7
6958,98224,2026-02-07,1,no_reason,305.32
6959,98226,2026-02-06,1,wrong_size,416.35
6960,98228,2026-02-06,2,defect,738.45
6961,98237,2025-10-29,1,defect,268.31
6962,98255,2025-01-15,1,wrong_size,226.38
6963,98260,2025-08-31,1,not_as_described,236.43
6964,98301,2026-01-26,1,wrong_size,175.68
6965,98367,2026-03-29,1,defect,314.41
6966,98373,2025-08-22,1,wrong_size,270.15
6967,98374,2025-07-04,2,no_reason,226.54
6968,98399,2024-05-22,1,defect,423.82
6969,98406,2026-01-08,2,defect,769.38
6970,98410,2025-12-28,1,no_reason,133.05
6971,98419,2026-03-29,1,defect,341.33
6972,98420,2024-04-11,3,not_as_described,604.9
6973,98434,2025-06-24,1,no_reason,245.84
6974,98454,2025-10-07,1,wrong_size,134.13
6975,98455,2025-10-15,1,not_as_described,400.16
6976,98464,2026-01-02,1,defect,334.09
6977,98475,2025-07-13,2,wrong_size,346.19
6978,98521,2025-03-12,1,no_reason,191.47
6979,98547,2024-10-07,2,defect,333.39
6980,98558,2025-10-03,1,defect,46.59
6981,98559,2025-10-13,1,not_as_described,162.95
6982,98583,2026-01-05,1,not_as_described,199.23
6983,98587,2025-08-29,3,defect,770.43
6984,98617,2024-02-07,1,wrong_size,383.56
6985,98649,2025-08-15,1,not_as_described,390.51
6986,98652,2026-05-06,1,wrong_size,294.56
6987,98656,2025-01-06,2,defect,350.91
6988,98667,2024-12-13,1,wrong_size,124.96
6989,98706,2024-10-01,1,defect,37.72
6990,98715,2024-12-27,1,defect,374.48
6991,98716,2025-12-29,1,wrong_size,202.61
6992,98726,2025-10-24,3,not_as_described,975.93
6993,98734,2025-10-18,2,not_as_described,207.9
6994,98746,2024-05-09,2,not_as_described,538.69
6995,98753,2025-12-02,1,defect,45.24
6996,98765,2026-02-26,3,not_as_described,103.5
6997,98773,2024-09-19,1,no_reason,263.53
6998,98829,2025-04-01,1,defect,266.66
6999,98848,2025-12-14,1,wrong_size,365.49
7000,98853,2024-11-08,1,wrong_size,232.55
7001,98881,2025-05-18,1,not_as_described,200.21
7002,98889,2026-05-21,1,no_reason,244.35
7003,98922,2026-02-22,3,defect,1276.98
7004,98927,2025-11-08,1,not_as_described,268.28
7005,98930,2025-11-05,3,defect,1170.27
7006,98934,2025-12-08,2,defect,741.1
7007,98953,2026-05-17,1,not_as_described,118.28
7008,98993,2025-12-02,1,not_as_described,307.27
7009,98997,2024-09-18,2,not_as_described,444.56
7010,99001,2024-11-04,2,wrong_size,229.1
7011,99003,2024-10-31,1,no_reason,106.51
7012,99033,2025-12-21,2,wrong_size,320.58
7013,99066,2025-09-29,1,wrong_size,123.46
7014,99095,2026-06-04,1,defect,344.93
7015,99101,2026-04-20,1,defect,135.8
7016,99105,2025-08-17,1,wrong_size,15.23
7017,99123,2025-11-28,1,wrong_size,321.6
7018,99139,2025-12-07,1,not_as_described,257.67
7019,99140,2025-12-11,1,defect,236.11
7020,99158,2026-06-11,1,defect,120.36
7021,99172,2026-01-24,3,wrong_size,1047.0
7022,99179,2025-08-06,1,defect,177.5
7023,99194,2025-08-18,1,defect,351.14
7024,99267,2025-09-23,1,defect,148.45
7025,99273,2024-11-08,1,wrong_size,164.25
7026,99281,2024-05-10,1,no_reason,252.26
7027,99284,2026-01-08,1,wrong_size,209.02
7028,99285,2026-01-16,1,not_as_described,51.12
7029,99320,2026-06-21,1,defect,224.05
7030,99321,2026-05-05,1,wrong_size,226.69
7031,99334,2026-04-29,1,not_as_described,53.07
7032,99344,2026-03-16,1,not_as_described,119.05
7033,99353,2025-09-18,1,not_as_described,343.22
7034,99355,2025-09-21,1,defect,18.85
7035,99387,2026-03-03,2,wrong_size,464.9
7036,99390,2025-08-21,1,not_as_described,347.67
7037,99417,2026-06-22,1,wrong_size,352.23
7038,99440,2026-05-17,2,not_as_described,367.42
7039,99445,2025-09-27,1,defect,367.44
7040,99466,2025-10-21,1,not_as_described,18.98
7041,99467,2025-10-18,1,wrong_size,39.11
7042,99480,2026-06-06,1,wrong_size,152.97
7043,99483,2026-04-11,3,wrong_size,444.68
7044,99492,2026-04-20,1,no_reason,105.2
7045,99494,2026-04-16,1,wrong_size,393.19
7046,99495,2026-04-29,1,wrong_size,247.23
7047,99497,2025-11-09,2,not_as_described,673.28
7048,99508,2026-01-04,1,no_reason,205.03
7049,99519,2026-01-08,1,defect,312.86
7050,99533,2025-05-16,1,defect,263.29
7051,99574,2026-03-08,1,not_as_described,33.18
7052,99597,2025-03-15,2,no_reason,356.74
7053,99656,2025-01-02,2,wrong_size,484.14
7054,99685,2025-12-12,2,defect,505.64
7055,99689,2026-01-12,1,defect,201.6
7056,99701,2025-12-01,1,wrong_size,263.89
7057,99722,2024-09-15,1,defect,381.1
7058,99728,2025-11-11,1,not_as_described,333.3
7059,99732,2025-10-11,1,defect,448.96
7060,99734,2026-04-04,2,no_reason,588.78
7061,99749,2026-02-26,1,wrong_size,294.73
7062,99753,2026-03-19,1,not_as_described,8.41
7063,99780,2024-11-11,1,wrong_size,140.93
7064,99832,2025-12-17,1,defect,357.99
7065,99840,2025-03-12,2,no_reason,299.65
7066,99842,2025-03-12,1,wrong_size,75.36
7067,99851,2025-12-02,1,no_reason,13.6
7068,99854,2024-12-30,1,no_reason,114.07
7069,99864,2025-03-10,1,no_reason,99.18
7070,99867,2025-02-21,1,wrong_size,209.21
7071,99872,2025-12-02,2,no_reason,399.2
7072,99888,2025-05-09,2,defect,420.46
7073,99890,2025-11-08,2,defect,224.21
7074,99904,2025-01-20,2,no_reason,322.44
7075,99912,2025-09-23,1,wrong_size,366.08
7076,99926,2025-03-03,1,no_reason,234.6
7077,99927,2025-04-02,1,not_as_described,330.57
7078,99949,2025-12-01,1,not_as_described,150.7
7079,99974,2026-04-11,2,not_as_described,857.74
7080,100012,2025-10-27,1,not_as_described,96.47
7081,100018,2025-02-21,1,no_reason,106.09
7082,100027,2026-02-24,1,not_as_described,347.92
7083,100032,2025-07-01,1,wrong_size,242.66
7084,100038,2026-05-21,1,wrong_size,165.55
7085,100047,2025-12-28,3,defect,977.78
7086,100065,2025-04-15,2,no_reason,31.76
7087,100072,2025-01-07,1,wrong_size,405.52
7088,100083,2025-03-31,1,defect,206.54
7089,100085,2025-12-21,2,wrong_size,555.88
7090,100117,2026-05-26,1,wrong_size,354.64
7091,100134,2025-08-17,1,defect,257.07
7092,100149,2026-06-09,2,wrong_size,54.57
7093,100156,2025-06-20,1,not_as_described,101.3
7094,100177,2026-01-06,2,defect,297.98
7095,100193,2025-05-03,2,wrong_size,885.16
7096,100209,2024-12-10,2,defect,342.22
7097,100229,2026-03-14,1,no_reason,168.55
7098,100237,2025-02-12,1,wrong_size,420.34
7099,100240,2024-12-08,1,no_reason,224.72
7100,100277,2024-11-23,1,defect,309.2
7101,100309,2026-03-19,1,defect,28.58
7102,100311,2026-04-01,1,defect,346.46
7103,100338,2024-02-12,1,wrong_size,168.9
7104,100340,2024-12-19,1,no_reason,383.85
7105,100349,2024-09-30,1,defect,204.85
7106,100377,2025-11-17,2,defect,415.64
7107,100393,2026-06-20,1,wrong_size,389.91
7108,100397,2025-11-08,2,no_reason,691.02
7109,100409,2025-12-08,1,no_reason,274.78
7110,100442,2025-12-28,1,wrong_size,297.33
7111,100462,2026-06-01,1,not_as_described,19.87
7112,100484,2026-01-10,3,wrong_size,1207.99
7113,100497,2025-11-24,1,no_reason,23.52
7114,100502,2026-03-07,1,defect,377.01
7115,100509,2025-07-06,1,not_as_described,373.75
7116,100515,2025-08-20,3,defect,417.6
7117,100521,2026-05-24,1,defect,255.82
7118,100524,2025-08-11,3,defect,1061.64
7119,100526,2025-08-07,1,defect,164.76
7120,100528,2025-08-07,2,defect,395.48
7121,100546,2024-12-10,1,defect,29.67
7122,100557,2025-09-05,3,defect,1255.84
7123,100570,2025-10-05,1,wrong_size,42.5
7124,100575,2024-04-17,2,wrong_size,607.1
7125,100577,2024-10-25,1,not_as_described,54.35
7126,100581,2024-05-31,1,not_as_described,203.88
7127,100600,2025-12-06,1,wrong_size,257.47
7128,100617,2025-09-07,1,wrong_size,152.62
7129,100619,2025-08-13,1,defect,97.32
7130,100635,2025-09-29,2,not_as_described,693.18
7131,100651,2026-01-02,1,not_as_described,142.3
7132,100653,2025-12-30,1,no_reason,44.05
7133,100671,2026-02-24,1,defect,325.75
7134,100703,2024-11-18,2,not_as_described,400.06
7135,100722,2026-01-10,1,not_as_described,268.1
7136,100725,2025-06-29,3,no_reason,775.37
7137,100743,2025-09-26,1,no_reason,67.63
7138,100752,2024-12-26,1,wrong_size,255.31
7139,100785,2026-04-08,2,wrong_size,294.12
7140,100810,2026-06-04,1,not_as_described,53.84
7141,100826,2026-04-26,2,defect,502.48
7142,100842,2025-11-10,1,wrong_size,29.31
7143,100850,2025-01-13,1,wrong_size,111.15
7144,100864,2026-05-16,1,wrong_size,146.65
7145,100892,2024-03-02,1,defect,45.69
7146,100930,2024-01-24,1,no_reason,130.25
7147,100945,2024-05-09,1,not_as_described,322.96
7148,100964,2026-05-01,1,not_as_described,384.47
7149,100968,2026-01-06,1,no_reason,29.19
7150,100992,2025-12-14,1,wrong_size,60.92
7151,101000,2026-01-02,1,wrong_size,260.47
7152,101013,2025-11-09,1,defect,331.85
7153,101018,2025-12-01,1,not_as_described,411.97
7154,101021,2026-06-11,1,wrong_size,218.5
7155,101050,2026-05-17,1,no_reason,158.83
7156,101101,2025-12-04,1,not_as_described,349.8
7157,101105,2026-02-15,2,not_as_described,64.36
7158,101139,2024-10-19,1,wrong_size,211.75
7159,101149,2024-12-01,2,wrong_size,224.07
7160,101168,2025-12-02,2,no_reason,240.62
7161,101170,2025-12-09,2,no_reason,259.75
7162,101171,2026-04-15,1,no_reason,299.17
7163,101172,2024-12-26,2,defect,824.24
7164,101186,2026-03-11,1,wrong_size,266.87
7165,101192,2025-08-16,1,defect,65.15
7166,101196,2025-12-12,1,no_reason,401.28
7167,101201,2025-07-16,2,not_as_described,691.33
7168,101217,2024-03-02,1,no_reason,160.1
7169,101262,2026-02-01,1,no_reason,369.78
7170,101269,2026-06-19,1,wrong_size,308.56
7171,101272,2026-03-08,1,no_reason,211.44
7172,101275,2026-03-29,1,wrong_size,327.76
7173,101289,2026-06-06,1,defect,329.94
7174,101304,2026-04-27,1,wrong_size,211.98
7175,101312,2026-03-19,1,wrong_size,96.51
7176,101313,2026-03-04,1,not_as_described,132.83
7177,101329,2026-02-11,1,wrong_size,408.51
7178,101332,2026-05-19,1,no_reason,114.44
7179,101413,2025-12-24,1,wrong_size,30.47
7180,101436,2025-12-26,1,no_reason,364.31
7181,101458,2025-10-06,1,defect,274.47
7182,101481,2025-09-18,1,wrong_size,119.01
7183,101511,2026-03-24,1,wrong_size,30.03
7184,101512,2026-05-19,1,no_reason,127.65
7185,101531,2026-04-04,2,no_reason,772.02
7186,101548,2026-05-15,1,wrong_size,118.89
7187,101560,2025-02-08,2,not_as_described,88.08
7188,101567,2025-09-29,1,defect,159.77
7189,101571,2026-01-13,1,wrong_size,265.54
7190,101581,2026-01-21,3,defect,965.1
7191,101583,2025-11-06,1,wrong_size,357.0
7192,101590,2025-10-18,1,defect,233.72
7193,101598,2025-07-20,1,defect,145.2
7194,101606,2026-03-29,1,wrong_size,261.1
7195,101607,2026-03-19,1,defect,192.98
7196,101616,2024-08-25,1,wrong_size,161.45
7197,101619,2024-03-16,1,not_as_described,422.7
7198,101621,2024-03-29,1,wrong_size,290.75
7199,101642,2024-10-23,1,defect,152.96
7200,101650,2025-08-29,1,no_reason,351.16
7201,101661,2025-03-04,2,defect,165.13
7202,101685,2025-04-09,1,defect,377.72
7203,101695,2026-01-30,1,no_reason,132.54
7204,101699,2025-03-07,1,defect,113.9
7205,101703,2025-12-24,1,wrong_size,306.3
7206,101713,2025-12-30,1,wrong_size,252.03
7207,101729,2025-05-15,1,wrong_size,133.93
7208,101732,2025-05-19,1,no_reason,268.95
7209,101736,2025-02-22,1,defect,261.24
7210,101747,2025-11-06,1,wrong_size,366.86
7211,101773,2024-10-15,1,not_as_described,84.02
7212,101781,2026-04-07,2,defect,31.44
7213,101813,2026-06-21,2,wrong_size,292.01
7214,101814,2026-04-08,1,no_reason,229.88
7215,101827,2025-09-30,1,defect,236.57
7216,101890,2025-11-14,1,no_reason,134.79
7217,101926,2025-07-25,2,no_reason,94.7
7218,101932,2025-12-13,1,no_reason,38.28
7219,101935,2025-09-13,1,defect,196.8
7220,101938,2024-12-30,1,no_reason,193.15
7221,101948,2025-01-21,1,wrong_size,261.85
7222,101970,2026-05-02,1,wrong_size,23.48
7223,101980,2025-03-18,1,no_reason,248.56
7224,101985,2024-12-18,2,not_as_described,702.1
7225,102004,2026-02-05,1,wrong_size,253.05
7226,102005,2026-02-11,2,no_reason,872.63
7227,102024,2024-06-24,1,wrong_size,353.91
7228,102041,2024-11-20,1,defect,300.47
7229,102061,2026-04-03,2,defect,335.6
7230,102064,2026-02-03,1,wrong_size,103.94
7231,102066,2026-02-13,3,wrong_size,793.38
7232,102072,2025-07-24,1,wrong_size,118.53
7233,102080,2025-01-23,1,wrong_size,133.94
7234,102082,2024-03-10,1,wrong_size,35.07
7235,102087,2025-12-07,1,not_as_described,359.38
7236,102090,2025-07-06,1,no_reason,315.0
7237,102092,2025-11-02,1,defect,206.28
7238,102093,2025-11-12,1,not_as_described,23.79
7239,102114,2025-06-09,2,wrong_size,773.24
7240,102123,2026-03-05,1,not_as_described,187.86
7241,102150,2025-06-18,1,no_reason,194.51
7242,102157,2025-05-13,2,wrong_size,767.47
7243,102203,2025-04-22,1,wrong_size,270.74
7244,102204,2026-02-28,3,defect,591.51
7245,102213,2025-12-03,1,not_as_described,131.43
7246,102223,2026-02-06,1,defect,250.68
7247,102228,2025-12-13,1,no_reason,191.36
7248,102229,2025-09-07,1,no_reason,175.3
7249,102231,2025-08-24,1,defect,159.86
7250,102254,2024-10-30,1,wrong_size,285.43
7251,102271,2025-01-29,2,defect,206.31
7252,102292,2025-12-18,2,defect,101.42
7253,102327,2026-02-17,3,defect,42.33
7254,102368,2025-05-20,1,not_as_described,291.52
7255,102369,2025-06-02,2,wrong_size,225.51
7256,102386,2024-10-29,3,no_reason,50.29
7257,102397,2026-05-14,2,no_reason,77.08
7258,102416,2025-01-04,2,wrong_size,235.92
7259,102449,2026-06-08,2,defect,834.3
7260,102450,2026-06-21,1,not_as_described,28.42
7261,102460,2026-06-12,1,defect,167.01
7262,102466,2025-02-01,1,wrong_size,128.48
7263,102472,2025-07-19,2,no_reason,395.86
7264,102486,2025-12-15,1,wrong_size,15.84
7265,102491,2025-06-26,1,defect,314.9
7266,102494,2024-11-12,1,defect,95.06
7267,102520,2026-03-23,1,wrong_size,18.03
7268,102556,2026-02-01,2,wrong_size,461.51
7269,102563,2024-02-02,1,not_as_described,200.28
7270,102572,2025-09-03,1,no_reason,287.23
7271,102590,2025-12-24,1,wrong_size,325.33
7272,102593,2025-08-12,1,wrong_size,37.89
7273,102600,2025-10-24,1,wrong_size,251.39
7274,102608,2025-11-10,1,not_as_described,305.54
7275,102616,2025-07-05,2,not_as_described,67.92
7276,102627,2026-04-26,2,not_as_described,346.48
7277,102644,2025-12-20,1,not_as_described,66.29
7278,102645,2025-01-31,1,wrong_size,221.88
7279,102651,2025-07-26,1,no_reason,394.17
7280,102653,2025-07-27,1,defect,418.53
7281,102690,2026-04-16,3,wrong_size,581.43
7282,102692,2026-04-17,1,no_reason,156.06
7283,102721,2026-06-08,1,not_as_described,102.97
7284,102726,2026-03-26,1,defect,130.88
7285,102740,2026-04-09,1,wrong_size,297.47
7286,102741,2026-04-07,1,defect,288.45
7287,102743,2026-05-16,1,no_reason,356.56
7288,102749,2026-03-31,2,defect,482.24
7289,102767,2026-05-11,1,no_reason,73.59
7290,102781,2026-01-16,1,wrong_size,82.92
7291,102784,2026-02-20,2,defect,546.0
7292,102803,2026-03-17,1,no_reason,126.13
7293,102823,2025-12-13,1,not_as_described,296.21
7294,102830,2026-02-02,1,wrong_size,292.83
7295,102890,2025-12-30,2,not_as_described,80.94
7296,102904,2025-04-19,1,wrong_size,196.61
7297,102917,2025-02-07,1,not_as_described,243.56
7298,102919,2025-12-16,2,defect,233.41
7299,102925,2024-08-13,1,wrong_size,304.9
7300,102931,2024-08-10,2,no_reason,69.14
7301,102937,2026-05-15,1,defect,161.99
7302,102966,2025-10-10,1,no_reason,202.18
7303,102967,2025-10-06,1,defect,380.81
7304,102982,2024-11-17,2,not_as_described,449.73
7305,103006,2026-06-14,1,wrong_size,332.46
7306,103026,2025-12-10,1,not_as_described,301.4
7307,103033,2025-09-30,1,no_reason,176.89
7308,103047,2024-12-25,3,wrong_size,993.99
7309,103051,2024-12-24,1,wrong_size,31.54
7310,103052,2024-05-27,1,defect,416.0
7311,103080,2026-01-06,1,wrong_size,310.34
7312,103081,2026-01-14,1,not_as_described,266.34
7313,103104,2024-12-31,1,not_as_described,285.32
7314,103113,2025-06-22,1,no_reason,46.02
7315,103125,2026-04-03,1,defect,429.13
7316,103127,2024-11-23,1,no_reason,114.47
7317,103133,2025-11-29,2,wrong_size,651.4
7318,103156,2024-10-26,2,wrong_size,650.74
7319,103160,2025-10-28,1,wrong_size,158.28
7320,103161,2025-12-24,1,defect,197.64
7321,103197,2025-11-13,1,not_as_described,289.53
7322,103198,2024-06-19,1,no_reason,353.12
7323,103213,2025-12-13,1,no_reason,243.63
7324,103231,2025-12-16,1,defect,389.88
7325,103241,2025-03-11,1,wrong_size,344.6
7326,103263,2025-11-10,1,no_reason,227.83
7327,103268,2025-12-30,2,defect,555.68
7328,103280,2026-01-02,2,defect,24.99
7329,103288,2024-11-24,2,not_as_described,83.52
7330,103294,2024-05-22,1,defect,38.36
7331,103297,2026-04-30,2,not_as_described,516.28
7332,103312,2026-03-07,1,defect,303.15
7333,103323,2026-01-29,1,wrong_size,114.67
7334,103335,2026-04-09,1,defect,138.18
7335,103336,2025-12-20,1,defect,266.84
7336,103339,2025-12-24,2,defect,520.72
7337,103376,2024-03-08,1,defect,38.72
7338,103407,2025-07-18,1,no_reason,216.14
7339,103415,2026-03-28,1,wrong_size,277.41
7340,103460,2026-02-18,1,wrong_size,293.7
7341,103517,2024-07-28,1,wrong_size,338.11
7342,103521,2026-04-01,1,no_reason,63.27
7343,103534,2024-10-08,1,defect,188.97
7344,103577,2025-01-02,1,wrong_size,266.55
7345,103596,2026-02-01,3,wrong_size,921.06
7346,103623,2025-11-26,1,defect,156.24
7347,103641,2026-05-23,1,defect,343.08
7348,103662,2024-12-03,2,not_as_described,414.32
7349,103694,2025-11-15,1,no_reason,392.5
7350,103697,2025-12-02,1,defect,46.71
7351,103717,2025-02-15,2,defect,441.62
7352,103727,2025-07-12,1,defect,182.98
7353,103766,2025-09-11,1,not_as_described,13.46
7354,103770,2026-01-02,1,defect,81.37
7355,103800,2024-02-20,2,not_as_described,789.52
7356,103806,2025-11-19,3,no_reason,165.15
7357,103830,2026-03-28,1,wrong_size,116.41
7358,103844,2026-02-28,1,not_as_described,208.72
7359,103862,2026-04-28,1,wrong_size,267.17
7360,103864,2026-05-31,1,defect,338.19
7361,103875,2025-05-18,1,defect,205.45
7362,103879,2024-12-21,1,defect,312.63
7363,103880,2024-12-18,3,not_as_described,743.39
7364,103889,2026-05-22,1,not_as_described,178.09
7365,103913,2026-01-19,1,no_reason,162.98
7366,103934,2024-11-10,1,wrong_size,160.48
7367,103937,2025-12-24,2,not_as_described,726.88
7368,103975,2026-03-18,1,not_as_described,145.38
7369,103983,2024-04-03,2,defect,85.23
7370,103984,2025-11-07,1,defect,216.56
7371,103988,2024-12-10,1,wrong_size,271.8
7372,103998,2026-06-14,1,defect,264.71
7373,104004,2025-01-04,1,defect,362.81
7374,104015,2026-01-01,1,not_as_described,33.07
7375,104040,2024-06-02,1,wrong_size,425.87
7376,104043,2024-02-17,1,no_reason,15.97
7377,104052,2024-08-02,1,defect,158.82
7378,104085,2024-11-20,1,no_reason,99.99
7379,104102,2026-01-12,1,wrong_size,287.57
7380,104116,2024-08-10,1,defect,292.24
7381,104120,2024-07-16,1,wrong_size,196.93
7382,104122,2024-07-27,1,wrong_size,27.94
7383,104129,2025-12-05,1,no_reason,184.66
7384,104135,2025-12-06,1,wrong_size,361.18
7385,104151,2026-05-09,1,defect,129.17
7386,104169,2026-04-19,1,no_reason,105.82
7387,104175,2026-06-13,2,no_reason,549.32
7388,104189,2026-04-21,1,wrong_size,250.88
7389,104193,2026-04-10,1,not_as_described,190.05
7390,104214,2026-05-07,1,wrong_size,348.69
7391,104224,2025-09-30,1,not_as_described,220.02
7392,104226,2025-09-25,1,wrong_size,83.39
7393,104262,2026-06-24,1,defect,132.36
7394,104276,2026-06-12,1,no_reason,409.0
7395,104279,2026-04-24,1,defect,32.33
7396,104284,2026-04-17,1,not_as_described,252.26
7397,104287,2026-04-05,1,defect,89.11
7398,104318,2024-12-23,1,defect,346.54
7399,104329,2026-04-16,1,defect,333.86
7400,104338,2026-05-06,1,no_reason,60.44
7401,104344,2026-04-19,2,not_as_described,172.16
7402,104357,2026-06-08,1,not_as_described,59.77
7403,104358,2026-06-03,2,defect,123.76
7404,104363,2026-06-06,1,no_reason,394.97
7405,104392,2025-08-21,1,not_as_described,338.06
7406,104398,2025-11-11,1,defect,93.93
7407,104403,2025-07-22,1,wrong_size,218.19
7408,104406,2026-06-02,1,no_reason,125.78
7409,104430,2026-05-11,1,not_as_described,387.3
7410,104444,2026-06-10,1,wrong_size,202.8
7411,104467,2026-05-02,2,defect,622.09
7412,104470,2026-04-09,3,wrong_size,1070.44
7413,104474,2025-12-17,1,defect,42.1
7414,104524,2024-11-01,1,wrong_size,217.62
7415,104526,2024-11-05,1,no_reason,190.45
7416,104532,2025-12-01,2,not_as_described,550.34
7417,104556,2026-02-28,3,defect,110.52
7418,104592,2025-05-24,1,no_reason,182.3
7419,104599,2024-12-30,2,not_as_described,537.54
7420,104611,2026-06-02,1,defect,160.14
7421,104613,2026-06-10,2,wrong_size,175.35
7422,104622,2026-06-09,1,wrong_size,169.35
7423,104631,2026-04-09,2,defect,515.87
7424,104634,2025-05-20,2,wrong_size,540.26
7425,104646,2026-05-23,1,defect,420.94
7426,104653,2026-04-07,1,defect,135.25
7427,104703,2026-05-22,1,not_as_described,363.17
7428,104732,2025-10-27,1,defect,422.48
7429,104832,2024-06-10,1,not_as_described,268.12
7430,104833,2024-06-10,3,defect,997.8
7431,104841,2024-12-16,1,no_reason,442.11
7432,104861,2024-11-20,2,no_reason,380.16
7433,104875,2026-04-16,1,no_reason,164.22
7434,104883,2026-05-09,1,wrong_size,327.18
7435,104901,2025-08-02,1,wrong_size,120.87
7436,104918,2024-11-16,1,wrong_size,133.24
